airport_id,airport_key,airport_iata,airport_name,city,country,outgoing_distinct_destinations,incoming_distinct_origins,outgoing_listed_airlines,incoming_listed_airlines,international_destination_count,international_origin_count,reciprocal_connectivity_ratio,endpoint_quality_status,geographic_metric_eligible
1382,id:1382,CDG,Charles de Gaulle International Airport,Paris,France,237,233,104,105,221,217,0.970464135021097,canonical_resolved,True
340,id:340,FRA,Frankfurt am Main Airport,Frankfurt,Germany,225,225,90,90,214,214,0.977777777777778,canonical_resolved,True
13696,id:13696,IST,Istanbul Airport,Istanbul,Turkey,224,227,60,62,189,192,0.973214285714286,canonical_resolved,True
580,id:580,AMS,Amsterdam Airport Schiphol,Amsterdam,Netherlands,213,212,75,76,213,212,0.92018779342723,canonical_resolved,True
3364,id:3364,PEK,Beijing Capital International Airport,Beijing,China,203,203,76,75,94,94,0.995073891625616,canonical_resolved,True
2188,id:2188,DXB,Dubai International Airport,Dubai,United Arab Emirates,185,179,74,74,183,177,0.967567567567568,canonical_resolved,True
4029,id:4029,DME,Domodedovo International Airport,Moscow,Russia,184,184,67,67,115,115,0.994565217391304,canonical_resolved,True
3682,id:3682,ATL,Hartsfield Jackson Atlanta International Airport,Atlanta,United States,182,182,19,17,59,60,0.989010989010989,canonical_resolved,True
507,id:507,LHR,London Heathrow Airport,London,United Kingdom,170,170,81,81,163,163,0.994117647058824,canonical_resolved,True
3670,id:3670,DFW,Dallas Fort Worth International Airport,Dallas-Fort Worth,United States,165,160,22,23,45,43,0.951515151515152,canonical_resolved,True
502,id:502,LGW,London Gatwick Airport,London,United Kingdom,164,164,40,40,156,156,1,canonical_resolved,True
346,id:346,MUC,Munich Airport,Munich,Germany,162,161,68,68,152,150,0.981481481481482,canonical_resolved,True
1218,id:1218,BCN,Barcelona International Airport,Barcelona,Spain,160,160,64,65,136,136,1,canonical_resolved,True
1555,id:1555,FCO,Leonardo da Vinci–Fiumicino Airport,Rome,Italy,156,156,88,86,134,136,0.967948717948718,canonical_resolved,True
3797,id:3797,JFK,John F Kennedy International Airport,New York,United States,155,149,67,67,98,96,0.961290322580645,canonical_resolved,True
548,id:548,STN,London Stansted Airport,London,United Kingdom,153,152,10,10,148,147,0.993464052287582,canonical_resolved,True
3406,id:3406,PVG,Shanghai Pudong International Airport,Shanghai,China,149,150,64,64,80,82,0.993288590604027,canonical_resolved,True
3370,id:3370,CAN,Guangzhou Baiyun International Airport,Guangzhou,China,145,144,53,53,51,51,0.993103448275862,canonical_resolved,True
2985,id:2985,SVO,Sheremetyevo International Airport,Moscow,Russia,144,144,36,35,100,100,1,canonical_resolved,True
302,id:302,BRU,Brussels Airport,Brussels,Belgium,142,142,59,59,142,142,0.950704225352113,canonical_resolved,True
345,id:345,DUS,Düsseldorf Airport,Duesseldorf,Germany,138,138,49,49,127,127,1,canonical_resolved,True
1229,id:1229,MAD,Adolfo Suárez Madrid–Barajas Airport,Madrid,Spain,138,136,66,66,121,119,0.978260869565217,canonical_resolved,True
478,id:478,MAN,Manchester Airport,Manchester,United Kingdom,138,138,42,42,128,128,0.985507246376812,canonical_resolved,True
3576,id:3576,MIA,Miami International Airport,Miami,United States,135,133,39,39,87,85,0.962962962962963,canonical_resolved,True
599,id:599,DUB,Dublin Airport,Dublin,Ireland,134,134,23,23,134,134,1,canonical_resolved,True
3877,id:3877,LAS,McCarran International Airport,Las Vegas,United States,131,131,28,28,20,20,1,canonical_resolved,True
3077,id:3077,HKG,Hong Kong International Airport,Hong Kong,Hong Kong,130,130,80,80,130,130,0.992307692307692,canonical_resolved,True
3930,id:3930,ICN,Incheon International Airport,Seoul,South Korea,130,130,61,60,128,128,0.984615384615385,canonical_resolved,True
3830,id:3830,ORD,Chicago O'Hare International Airport,Chicago,United States,129,130,42,42,46,45,0.976744186046512,canonical_resolved,True
1678,id:1678,ZRH,Zürich Airport,Zurich,Switzerland,129,128,61,59,128,127,0.992248062015504,canonical_resolved,True
3876,id:3876,CLT,Charlotte Douglas International Airport,Charlotte,United States,128,126,10,10,27,27,0.96875,canonical_resolved,True
3751,id:3751,DEN,Denver International Airport,Denver,United States,124,125,17,17,16,16,0.991935483870968,canonical_resolved,True
3998,id:3998,PMI,Palma De Mallorca Airport,Palma de Mallorca,Spain,124,124,34,34,106,105,0.991935483870968,canonical_resolved,True
3316,id:3316,SIN,Singapore Changi Airport,Singapore,Singapore,124,124,69,70,124,124,1,canonical_resolved,True
3484,id:3484,LAX,Los Angeles International Airport,Los Angeles,United States,121,121,58,57,58,58,1,canonical_resolved,True
3885,id:3885,BKK,Suvarnabhumi Airport,Bangkok,Thailand,120,120,90,90,107,107,0.991666666666667,canonical_resolved,True
609,id:609,CPH,Copenhagen Kastrup Airport,Copenhagen,Denmark,116,115,51,51,111,110,0.982758620689655,canonical_resolved,True
1386,id:1386,ORY,Paris-Orly Airport,Paris,France,116,117,29,29,84,85,0.974137931034483,canonical_resolved,True
11051,id:11051,DOH,Hamad International Airport,Doha,Qatar,115,117,32,33,115,117,1,canonical_resolved,True
193,id:193,YYZ,Lester B. Pearson International Airport,Toronto,Canada,115,113,37,37,96,94,0.982608695652174,canonical_resolved,True
3494,id:3494,EWR,Newark Liberty International Airport,Newark,United States,113,112,26,26,75,75,0.973451327433628,canonical_resolved,True
1230,id:1230,AGP,Málaga Airport,Malaga,Spain,112,112,34,34,101,100,0.982142857142857,canonical_resolved,True
737,id:737,ARN,Stockholm-Arlanda Airport,Stockholm,Sweden,112,111,44,46,91,90,0.982142857142857,canonical_resolved,True
3304,id:3304,KUL,Kuala Lumpur International Airport,Kuala Lumpur,Malaysia,111,110,58,58,96,95,0.990990990990991,canonical_resolved,True
2948,id:2948,LED,Pulkovo Airport,St. Petersburg,Russia,109,112,53,53,70,73,1,canonical_resolved,True
351,id:351,TXL,Berlin-Tegel Airport,Berlin,Germany,109,110,41,41,97,98,1,canonical_resolved,True
2072,id:2072,JED,King Abdulaziz International Airport,Jeddah,Saudi Arabia,107,96,48,47,87,76,0.878504672897196,canonical_resolved,True
3395,id:3395,CTU,Chengdu Shuangliu International Airport,Chengdu,China,106,106,37,37,22,22,1,canonical_resolved,True
1524,id:1524,MXP,Malpensa International Airport,Milano,Italy,106,109,71,72,96,99,0.971698113207547,canonical_resolved,True
3941,id:3941,ATH,Eleftherios Venizelos International Airport,Athens,Greece,104,102,50,49,72,71,0.980769230769231,canonical_resolved,True
3752,id:3752,PHL,Philadelphia International Airport,Philadelphia,United States,104,103,16,16,31,31,0.990384615384615,canonical_resolved,True
2279,id:2279,NRT,Narita International Airport,Tokyo,Japan,102,102,63,63,88,88,0.990196078431373,canonical_resolved,True
3878,id:3878,MCO,Orlando International Airport,Orlando,United States,101,101,29,29,28,28,1,canonical_resolved,True
644,id:644,OSL,Oslo Lufthavn,Oslo,Norway,100,100,29,29,75,75,0.99,canonical_resolved,True
2276,id:2276,TPE,Taiwan Taoyuan International Airport,Taipei,Taiwan,100,99,48,48,100,99,0.99,canonical_resolved,True
3448,id:3448,BOS,General Edward Lawrence Logan International Airport,Boston,United States,98,97,30,30,30,29,0.989795918367347,canonical_resolved,True
1665,id:1665,GVA,Geneva Cointrin International Airport,Geneva,Switzerland,98,97,47,47,96,95,0.989795918367347,canonical_resolved,True
4317,id:4317,SAW,Sabiha Gökçen International Airport,Istanbul,Turkey,97,97,20,20,69,69,1,canonical_resolved,True
1638,id:1638,LIS,Humberto Delgado Airport (Lisbon Portela Airport),Lisbon,Portugal,96,96,36,37,87,89,0.979166666666667,canonical_resolved,True
1613,id:1613,VIE,Vienna International Airport,Vienna,Austria,95,96,59,58,94,95,0.989473684210526,canonical_resolved,True
1212,id:1212,ALC,Alicante International Airport,Alicante,Spain,94,94,20,20,88,88,1,canonical_resolved,True
3093,id:3093,DEL,Indira Gandhi International Airport,Delhi,India,94,94,53,53,54,54,0.98936170212766,canonical_resolved,True
3533,id:3533,FLL,Fort Lauderdale Hollywood International Airport,Fort Lauderdale,United States,94,94,19,19,36,36,1,canonical_resolved,True
3382,id:3382,KMG,Kunming Changshui International Airport,Kunming,China,93,93,32,32,23,23,1,canonical_resolved,True
2564,id:2564,GRU,Guarulhos - Governador André Franco Montoro International Airport,Sao Paulo,Brazil,92,90,41,41,51,49,0.978260869565217,canonical_resolved,True
1587,id:1587,PRG,Václav Havel Airport Prague,Prague,Czech Republic,92,92,48,48,91,91,1,canonical_resolved,True
344,id:344,CGN,Cologne Bonn Airport,Cologne,Germany,91,91,21,21,83,83,0.989010989010989,canonical_resolved,True
1824,id:1824,MEX,Licenciado Benito Juarez International Airport,Mexico City,Mexico,89,90,25,24,42,43,1,canonical_resolved,True
3550,id:3550,IAH,George Bush Intercontinental Houston Airport,Houston,United States,88,88,22,22,47,47,1,canonical_resolved,True
3393,id:3393,CKG,Chongqing Jiangbei International Airport,Chongqing,China,87,87,36,36,14,14,1,canonical_resolved,True
342,id:342,HAM,Hamburg Airport,Hamburg,Germany,87,87,36,36,76,76,1,canonical_resolved,True
1354,id:1354,NCE,Nice-Côte d'Azur Airport,Nice,France,87,87,43,42,67,67,1,canonical_resolved,True
1074,id:1074,CMN,Mohammed V International Airport,Casablanca,Morocco,86,87,23,22,77,77,0.941860465116279,canonical_resolved,True
2179,id:2179,AUH,Abu Dhabi International Airport,Abu Dhabi,United Arab Emirates,85,88,40,40,85,87,0.988235294117647,canonical_resolved,True
492,id:492,LTN,London Luton Airport,London,United Kingdom,85,85,8,8,80,80,1,canonical_resolved,True
3374,id:3374,SZX,Shenzhen Bao'an International Airport,Shenzhen,China,84,84,29,29,12,12,1,canonical_resolved,True
3379,id:3379,XIY,Xi'an Xianyang International Airport,Xi'an,China,84,84,29,29,6,6,1,canonical_resolved,True
304,id:304,CRL,Brussels South Charleroi Airport,Charleroi,Belgium,83,83,3,3,83,83,1,canonical_resolved,True
1353,id:1353,MRS,Marseille Provence Airport,Marseille,France,83,82,28,27,65,64,0.987951807228916,canonical_resolved,True
1056,id:1056,TFS,Tenerife South Airport,Tenerife,Spain,83,83,30,29,72,71,0.975903614457831,canonical_resolved,True
3645,id:3645,DTW,Detroit Metropolitan Wayne County Airport,Detroit,United States,82,82,15,15,19,19,0.951219512195122,canonical_resolved,True
535,id:535,EDI,Edinburgh Airport,Edinburgh,United Kingdom,81,81,18,18,66,66,1,canonical_resolved,True
1525,id:1525,BGY,Il Caravaggio International Airport,Bergamo,Italy,80,80,7,7,71,71,1,canonical_resolved,True
2997,id:2997,BOM,Chhatrapati Shivaji International Airport,Mumbai,India,80,78,45,44,40,39,0.9625,canonical_resolved,True
1128,id:1128,CAI,Cairo International Airport,Cairo,Egypt,80,81,37,37,72,73,1,canonical_resolved,True
3462,id:3462,PHX,Phoenix Sky Harbor International Airport,Phoenix,United States,79,79,18,18,13,13,1,canonical_resolved,True
1590,id:1590,TLV,Ben Gurion International Airport,Tel-aviv,Israel,79,78,55,55,78,77,0.987341772151899,canonical_resolved,True
469,id:469,BHX,Birmingham International Airport,Birmingham,United Kingdom,78,78,24,24,70,70,1,canonical_resolved,True
2082,id:2082,RUH,King Khaled International Airport,Riyadh,Saudi Arabia,78,79,34,34,55,56,1,canonical_resolved,True
350,id:350,STR,Stuttgart Airport,Stuttgart,Germany,78,77,25,25,65,65,0.974358974358974,canonical_resolved,True
1852,id:1852,CUN,Cancún International Airport,Cancun,Mexico,77,77,39,39,56,56,0.961038961038961,canonical_resolved,True
2191,id:2191,SHJ,Sharjah International Airport,Sharjah,United Arab Emirates,77,77,16,16,76,77,0.974025974025974,canonical_resolved,True
3361,id:3361,SYD,Sydney Kingsford Smith International Airport,Sydney,Australia,77,76,40,39,38,37,0.987012987012987,canonical_resolved,True
1489,id:1489,BUD,Budapest Liszt Ferenc International Airport,Budapest,Hungary,76,76,35,35,76,76,1,canonical_resolved,True
421,id:421,HEL,Helsinki Vantaa Airport,Helsinki,Finland,76,76,24,24,65,65,0.986842105263158,canonical_resolved,True
1606,id:1606,MLA,Malta International Airport,Malta,Malta,76,76,25,25,76,76,0.986842105263158,canonical_resolved,True
2397,id:2397,MNL,Ninoy Aquino International Airport,Manila,Philippines,76,76,35,35,44,44,1,canonical_resolved,True
679,id:679,WAW,Warsaw Chopin Airport,Warsaw,Poland,76,76,33,33,70,70,1,canonical_resolved,True
2709,id:2709,BOG,El Dorado International Airport,Bogota,Colombia,74,74,21,21,35,35,1,canonical_resolved,True
1054,id:1054,LPA,Gran Canaria Airport,Gran Canaria,Spain,74,77,32,32,60,63,1,canonical_resolved,True
1335,id:1335,LYS,Lyon Saint-Exupéry Airport,Lyon,France,74,75,33,33,51,52,1,canonical_resolved,True
3469,id:3469,SFO,San Francisco International Airport,San Francisco,United States,74,74,38,38,32,32,1,canonical_resolved,True
2988,id:2988,VKO,Vnukovo International Airport,Moscow,Russia,73,72,15,15,49,48,0.986301369863014,canonical_resolved,True
146,id:146,YUL,Montreal / Pierre Elliott Trudeau International Airport,Montreal,Canada,73,72,25,24,55,54,0.945205479452055,canonical_resolved,True
2359,id:2359,HND,Tokyo Haneda International Airport,Tokyo,Japan,72,73,30,30,24,25,1,canonical_resolved,True
3747,id:3747,MDW,Chicago Midway International Airport,Chicago,United States,72,72,7,7,8,8,1,canonical_resolved,True
3386,id:3386,HGH,Hangzhou Xiaoshan International Airport,Hangzhou,China,71,71,39,39,20,20,1,canonical_resolved,True
3714,id:3714,IAD,Washington Dulles International Airport,Washington,United States,71,69,30,29,42,40,0.957746478873239,canonical_resolved,True
1551,id:1551,VCE,Venice Marco Polo Airport,Venice,Italy,71,71,42,42,61,61,1,canonical_resolved,True
490,id:490,BRS,Bristol Airport,Bristol,United Kingdom,70,69,11,11,63,62,0.985714285714286,canonical_resolved,True
1871,id:1871,PTY,Tocumen International Airport,Panama City,Panama,70,70,17,17,70,70,1,canonical_resolved,True
3383,id:3383,XMN,Xiamen Gaoqi International Airport,Xiamen,China,70,70,38,38,16,16,1,canonical_resolved,True
3849,id:3849,BWI,Baltimore/Washington International Thurgood Marshall Airport,Baltimore,United States,69,68,11,12,8,8,0.971014492753623,canonical_resolved,True
3371,id:3371,CSX,Changsha Huanghua International Airport,Changcha,China,69,69,30,30,10,10,1,canonical_resolved,True
337,id:337,SXF,Berlin-Schönefeld Airport,Berlin,Germany,69,68,16,16,69,68,0.985507246376812,canonical_resolved,True
3953,id:3953,RIX,Riga International Airport,Riga,Latvia,68,68,17,17,68,68,1,canonical_resolved,True
1107,id:1107,ADD,Addis Ababa Bole International Airport,Addis Ababa,Ethiopia,66,71,17,17,56,60,0.954545454545455,canonical_resolved,True
813,id:813,JNB,OR Tambo International Airport,Johannesburg,South Africa,66,67,43,42,60,61,1,canonical_resolved,True
156,id:156,YVR,Vancouver International Airport,Vancouver,Canada,66,67,27,26,38,38,0.984848484848485,canonical_resolved,True
3858,id:3858,MSP,Minneapolis-St Paul International/Wold-Chamberlain Airport,Minneapolis,United States,65,66,13,13,7,7,0.969230769230769,canonical_resolved,True
3577,id:3577,SEA,Seattle Tacoma International Airport,Seattle,United States,65,65,26,26,13,13,1,canonical_resolved,True
3391,id:3391,SHA,Shanghai Hongqiao International Airport,Shanghai,China,65,67,26,26,5,5,1,canonical_resolved,True
3646,id:3646,TPA,Tampa International Airport,Tampa,United States,65,65,16,16,5,5,1,canonical_resolved,True
3275,id:3275,CGK,Soekarno-Hatta International Airport,Jakarta,Indonesia,64,63,43,43,33,32,0.984375,canonical_resolved,True
4059,id:4059,NBO,Jomo Kenyatta International Airport,Nairobi,Kenya,64,61,30,30,58,56,0.90625,canonical_resolved,True
1657,id:1657,OTP,Henri Coandă International Airport,Bucharest,Romania,64,66,29,30,58,58,1,canonical_resolved,True
1562,id:1562,PSA,Pisa International Airport,Pisa,Italy,64,65,13,14,55,55,1,canonical_resolved,True
2975,id:2975,SVX,Koltsovo Airport,Yekaterinburg,Russia,64,66,29,29,30,32,1,canonical_resolved,True
3376,id:3376,WUH,Wuhan Tianhe International Airport,Wuhan,China,64,64,26,26,12,12,1,canonical_resolved,True
1538,id:1538,BLQ,Bologna Guglielmo Marconi Airport,Bologna,Italy,63,63,29,29,53,53,1,canonical_resolved,True
1423,id:1423,BSL,EuroAirport Basel-Mulhouse-Freiburg Airport,Mulhouse,France,63,62,15,15,56,55,0.984126984126984,canonical_resolved,True
1626,id:1626,FAO,Faro Airport,Faro,Portugal,63,61,19,19,61,59,0.952380952380952,canonical_resolved,True
210,id:210,ALG,Houari Boumediene Airport,Algier,Algeria,62,62,19,19,42,42,0.967741935483871,canonical_resolved,True
1688,id:1688,AYT,Antalya International Airport,Antalya,Turkey,62,63,26,27,57,58,0.983870967741935,canonical_resolved,True
585,id:585,EIN,Eindhoven Airport,Eindhoven,Netherlands,62,61,3,3,60,60,0.967741935483871,canonical_resolved,True
2939,id:2939,KBP,Boryspil International Airport,Kiev,Ukraine,61,60,28,28,54,53,0.983606557377049,canonical_resolved,True
4144,id:4144,SHE,Taoxian Airport,Shenyang,China,61,61,24,24,14,14,1,canonical_resolved,True
1636,id:1636,OPO,Francisco de Sá Carneiro Airport,Porto,Portugal,60,60,18,18,55,55,1,canonical_resolved,True
1367,id:1367,BVA,Paris Beauvais Tillé Airport,Beauvais,France,59,59,4,4,58,58,1,canonical_resolved,True
287,id:287,TUN,Tunis Carthage International Airport,Tunis,Tunisia,59,59,19,19,53,54,0.983050847457627,canonical_resolved,True
3520,id:3520,DCA,Ronald Reagan Washington National Airport,Washington,United States,57,60,12,12,3,3,0.947368421052632,canonical_resolved,True
3404,id:3404,DLC,Zhoushuizi Airport,Dalian,China,57,57,23,23,10,10,1,canonical_resolved,True
523,id:523,EMA,East Midlands Airport,East Midlands,United Kingdom,57,57,10,10,53,53,1,canonical_resolved,True
1452,id:1452,HER,Heraklion International Nikos Kazantzakis Airport,Heraklion,Greece,57,56,26,26,51,53,0.929824561403509,canonical_resolved,True
3400,id:3400,HRB,Taiping Airport,Harbin,China,57,56,26,25,12,11,0.982456140350877,canonical_resolved,True
1225,id:1225,IBZ,Ibiza Airport,Ibiza,Spain,57,57,19,19,48,48,0.982456140350877,canonical_resolved,True
3992,id:3992,KIX,Kansai International Airport,Osaka,Japan,57,57,50,50,46,46,1,canonical_resolved,True
2983,id:2983,TAS,Tashkent International Airport,Tashkent,Uzbekistan,57,56,16,16,47,46,0.982456140350877,canonical_resolved,True
2176,id:2176,KWI,Kuwait International Airport,Kuwait,Kuwait,56,56,37,38,56,56,0.982142857142857,canonical_resolved,True
2170,id:2170,AMM,Queen Alia International Airport,Amman,Jordan,55,56,30,31,54,55,1,canonical_resolved,True
1055,id:1055,ACE,Lanzarote Airport,Arrecife,Spain,54,57,22,22,43,46,1,canonical_resolved,True
3375,id:3375,CGO,Zhengzhou Xinzheng International Airport,Zhengzhou,China,54,54,21,21,8,8,1,canonical_resolved,True
1418,id:1418,NTE,Nantes Atlantique Airport,Nantes,France,54,55,18,18,38,39,1,canonical_resolved,True
1486,id:1486,SKG,Thessaloniki Macedonia International Airport,Thessaloniki,Greece,54,55,22,23,43,44,1,canonical_resolved,True
3678,id:3678,STL,St Louis Lambert International Airport,St. Louis,United States,54,54,10,10,4,4,0.981481481481482,canonical_resolved,True
3390,id:3390,TAO,Liuting Airport,Qingdao,China,54,54,29,29,12,12,1,canonical_resolved,True
3399,id:3399,URC,Ürümqi Diwopu International Airport,Urumqi,China,54,54,24,24,16,16,1,canonical_resolved,True
1051,id:1051,FUE,Fuerteventura Airport,Fuerteventura,Spain,53,51,23,23,46,45,0.924528301886792,canonical_resolved,True
1197,id:1197,LCA,Larnaca International Airport,Larnaca,Cyprus,53,55,41,41,53,55,1,canonical_resolved,True
629,id:629,LUX,Luxembourg-Findel International Airport,Luxemburg,Luxembourg,53,53,10,10,53,53,0.962264150943396,canonical_resolved,True
2194,id:2194,MCT,Muscat International Airport,Muscat,Oman,53,52,29,30,51,50,0.962264150943396,canonical_resolved,True
3388,id:3388,NKG,Nanjing Lukou Airport,Nanjing,China,53,53,29,29,12,12,1,canonical_resolved,True
3697,id:3697,LGA,La Guardia Airport,New York,United States,52,53,12,12,3,3,0.961538461538462,canonical_resolved,True
3339,id:3339,MEL,Melbourne International Airport,Melbourne,Australia,52,51,27,28,25,24,0.980769230769231,canonical_resolved,True
1739,id:1739,BEG,Belgrade Nikola Tesla Airport,Belgrade,Serbia,51,51,26,26,51,51,1,canonical_resolved,True
3728,id:3728,HNL,Daniel K Inouye International Airport,Honolulu,United States,51,50,22,21,23,22,0.96078431372549,canonical_resolved,True
2578,id:2578,VCP,Viracopos International Airport,Campinas,Brazil,51,51,4,4,1,1,1,canonical_resolved,True
1246,id:1246,VLC,Valencia Airport,Valencia,Spain,51,51,19,19,43,43,1,canonical_resolved,True
178,id:178,YYC,Calgary International Airport,Calgary,Canada,51,52,11,11,25,25,1,canonical_resolved,True
1553,id:1553,CIA,Ciampino–G. B. Pastine International Airport,Rome,Italy,50,50,2,2,44,44,1,canonical_resolved,True
669,id:669,KRK,Kraków John Paul II International Airport,Krakow,Poland,50,50,11,11,48,48,1,canonical_resolved,True
517,id:517,LBA,Leeds Bradford Airport,Leeds,United Kingdom,50,50,9,9,46,46,1,canonical_resolved,True
3368,id:3368,TSN,Tianjin Binhai International Airport,Tianjin,China,50,50,26,26,8,8,1,canonical_resolved,True
3320,id:3320,BNE,Brisbane International Airport,Brisbane,Australia,49,50,28,28,22,23,1,canonical_resolved,True
534,id:534,GLA,Glasgow International Airport,Glasgow,United Kingdom,49,48,18,18,36,35,0.979591836734694,canonical_resolved,True
1222,id:1222,GRO,Girona Airport,Gerona,Spain,49,49,4,4,47,46,0.979591836734694,canonical_resolved,True
1561,id:1561,NAP,Naples International Airport,Naples,Italy,49,49,22,22,38,38,1,canonical_resolved,True
3731,id:3731,SAN,San Diego International Airport,San Diego,United States,49,49,21,20,7,7,1,canonical_resolved,True
4167,id:4167,SFB,Orlando Sanford International Airport,Sanford,United States,49,48,3,3,1,2,0.959183673469388,canonical_resolved,True
3205,id:3205,SGN,Tan Son Nhat International Airport,Ho Chi Minh City,Vietnam,49,49,38,38,36,36,1,canonical_resolved,True
1264,id:1264,BOD,Bordeaux-Mérignac Airport,Bordeaux,France,48,48,18,18,33,33,1,canonical_resolved,True
3157,id:3157,DMK,Don Mueang International Airport,Bangkok,Thailand,48,48,7,7,25,25,1,canonical_resolved,True
2560,id:2560,GIG,Rio Galeão – Tom Jobim International Airport,Rio De Janeiro,Brazil,48,49,25,25,23,24,1,canonical_resolved,True
352,id:352,HAJ,Hannover Airport,Hannover,Germany,48,48,17,17,45,45,0.979166666666667,canonical_resolved,True
491,id:491,LPL,Liverpool John Lennon Airport,Liverpool,United Kingdom,48,48,4,4,46,46,1,canonical_resolved,True
4078,id:4078,OVB,Tolmachevo Airport,Novosibirsk,Russia,48,50,24,24,24,25,1,canonical_resolved,True
2890,id:2890,SJU,Luis Munoz Marin International Airport,San Juan,Puerto Rico,48,48,18,19,45,45,1,canonical_resolved,True
3385,id:3385,FOC,Fuzhou Changle International Airport,Fuzhou,China,47,47,25,25,13,13,1,canonical_resolved,True
668,id:668,GDN,Gdańsk Lech Wałęsa Airport,Gdansk,Poland,47,47,8,8,42,42,1,canonical_resolved,True
355,id:355,HHN,Frankfurt-Hahn Airport,Hahn,Germany,47,47,2,2,47,47,1,canonical_resolved,True
3566,id:3566,HOU,William P Hobby Airport,Houston,United States,47,47,6,6,0,0,1,canonical_resolved,True
3394,id:3394,KWE,Longdongbao Airport,Guiyang,China,47,47,22,22,4,4,1,canonical_resolved,True
1075,id:1075,RAK,Menara Airport,Marrakech,Morocco,47,46,16,16,45,45,0.978723404255319,canonical_resolved,True
1472,id:1472,RHO,Diagoras Airport,Rhodos,Greece,47,50,24,23,39,41,0.978723404255319,canonical_resolved,True
1509,id:1509,CTA,Catania-Fontanarossa Airport,Catania,Italy,46,49,21,22,31,32,1,canonical_resolved,True
2064,id:2064,DMM,King Fahd International Airport,Dammam,Saudi Arabia,46,46,28,28,33,33,1,canonical_resolved,True
3199,id:3199,HAN,Noi Bai International Airport,Hanoi,Vietnam,46,46,29,29,31,31,1,canonical_resolved,True
521,id:521,NCL,Newcastle Airport,Newcastle,United Kingdom,46,45,17,17,37,36,0.978260869565217,canonical_resolved,True
2908,id:2908,ALA,Almaty Airport,Alma-ata,Kazakhstan,45,45,23,23,30,30,1,canonical_resolved,True
2177,id:2177,BEY,Beirut Rafic Hariri International Airport,Beirut,Lebanon,45,44,31,31,45,44,0.977777777777778,canonical_resolved,True
636,id:636,BGO,Bergen Airport Flesland,Bergen,Norway,45,45,12,12,29,29,1,canonical_resolved,True
2851,id:2851,CCS,Simón Bolívar International Airport,Caracas,Venezuela,45,45,27,27,27,27,1,canonical_resolved,True
3536,id:3536,SLC,Salt Lake City International Airport,Salt Lake City,United States,45,45,8,8,2,2,1,canonical_resolved,True
3369,id:3369,TYN,Taiyuan Wusu Airport,Taiyuan,China,45,45,19,19,5,5,1,canonical_resolved,True
1706,id:1706,ADB,Adnan Menderes International Airport,Izmir,Turkey,44,45,12,12,30,30,1,canonical_resolved,True
2531,id:2531,BSB,Presidente Juscelino Kubistschek International Airport,Brasilia,Brazil,44,45,14,14,6,6,1,canonical_resolved,True
2789,id:2789,LIM,Jorge Chávez International Airport,Lima,Peru,44,45,22,21,31,32,1,canonical_resolved,True
3373,id:3373,NNG,Nanning Wuxu Airport,Nanning,China,44,44,23,23,14,14,1,canonical_resolved,True
1760,id:1760,PUJ,Punta Cana International Airport,Punta Cana,Dominican Republic,44,41,30,31,43,40,0.886363636363636,canonical_resolved,True
4330,id:4330,IKA,Imam Khomeini International Airport,Tehran,Iran,43,44,20,20,43,44,1,canonical_resolved,True
3959,id:3959,VNO,Vilnius International Airport,Vilnius,Lithuania,43,43,18,18,43,43,1,canonical_resolved,True
353,id:353,BRE,Bremen Airport,Bremen,Germany,42,42,11,11,37,37,1,canonical_resolved,True
1501,id:1501,BRI,Bari Karol Wojtyła Airport,Bari,Italy,41,41,13,13,24,24,1,canonical_resolved,True
3024,id:3024,CMB,Bandaranaike International Colombo Airport,Colombo,Sri Lanka,41,41,23,23,38,38,1,canonical_resolved,True
1194,id:1194,SOF,Sofia Airport,Sofia,Bulgaria,41,41,19,19,39,39,1,canonical_resolved,True
4030,id:4030,SYX,Sanya Phoenix International Airport,Sanya,China,41,41,23,23,3,3,1,canonical_resolved,True
1273,id:1273,TLS,Toulouse-Blagnac Airport,Toulouse,France,41,42,25,25,28,29,1,canonical_resolved,True
2057,id:2057,BAH,Bahrain International Airport,Bahrain,Bahrain,40,40,24,25,40,40,0.975,canonical_resolved,True
3690,id:3690,BNA,Nashville International Airport,Nashville,United States,40,40,7,7,0,0,0.975,canonical_resolved,True
1200,id:1200,DBV,Dubrovnik Airport,Dubrovnik,Croatia,40,40,17,18,37,37,0.975,canonical_resolved,True
8076,id:8076,DWC,Al Maktoum International Airport,Dubai,United Arab Emirates,40,37,11,11,40,37,0.9,canonical_resolved,True
3372,id:3372,KWL,Guilin Liangjiang International Airport,Guilin,China,40,39,26,25,6,5,0.975,canonical_resolved,True
273,id:273,LOS,Murtala Muhammed International Airport,Lagos,Nigeria,40,40,26,26,29,29,0.95,canonical_resolved,True
2954,id:2954,MSQ,Minsk National Airport,Minsk 2,Belarus,40,40,8,8,40,40,1,canonical_resolved,True
6341,id:6341,NAY,Beijing Nanyuan Airport,Beijing,China,40,40,1,1,0,0,1,canonical_resolved,True
3940,id:3940,DPS,Ngurah Rai (Bali) International Airport,Denpasar,Indonesia,39,39,33,33,24,24,1,canonical_resolved,True
2922,id:2922,GYD,Heydar Aliyev International Airport,Baku,Azerbaijan,39,39,24,24,38,38,1,canonical_resolved,True
3942,id:3942,NGO,Chubu Centrair International Airport,Nagoya,Japan,39,40,26,26,23,24,1,canonical_resolved,True
2650,id:2650,SCL,Comodoro Arturo Merino Benítez International Airport,Santiago,Chile,39,38,19,19,27,26,0.948717948717949,canonical_resolved,True
4108,id:4108,TNA,Yaoqiang Airport,Jinan,China,39,39,19,19,7,7,1,canonical_resolved,True
1519,id:1519,CAG,Cagliari Elmas Airport,Cagliari,Italy,38,38,10,10,19,19,1,canonical_resolved,True
4120,id:4120,HAK,Haikou Meilan International Airport,Haikou,China,38,37,21,21,3,3,0.973684210526316,canonical_resolved,True
3384,id:3384,KHN,Nanchang Changbei International Airport,Nanchang,China,38,38,16,16,5,5,1,canonical_resolved,True
3144,id:3144,MAA,Chennai International Airport,Madras,India,38,36,29,29,23,21,0.947368421052632,canonical_resolved,True
3121,id:3121,MFM,Macau International Airport,Macau,Macau,38,38,21,21,38,38,1,canonical_resolved,True
4331,id:4331,MHD,Mashhad International Airport,Mashhad,Iran,38,36,12,12,16,15,0.921052631578947,canonical_resolved,True
4198,id:4198,NRN,Weeze Airport,Weeze,Germany,38,38,1,1,38,38,1,canonical_resolved,True
3720,id:3720,PDX,Portland International Airport,Portland,United States,38,37,12,12,3,2,0.973684210526316,canonical_resolved,True
1539,id:1539,TSF,Treviso-Sant'Angelo Airport,Treviso,Italy,38,38,4,4,30,30,1,canonical_resolved,True
3673,id:3673,AUS,Austin Bergstrom International Airport,Austin,United States,37,38,15,15,3,3,0.972972972972973,canonical_resolved,True
3131,id:3131,BLR,Kempegowda International Airport,Bangalore,India,37,38,25,25,16,17,1,canonical_resolved,True
1460,id:1460,CFU,Ioannis Kapodistrias International Airport,Kerkyra/corfu,Greece,37,38,15,15,33,35,0.972972972972973,canonical_resolved,True
1474,id:1474,CHQ,Chania International Airport,Chania,Greece,37,38,10,11,34,36,0.972972972972973,canonical_resolved,True
3988,id:3988,EZE,Ministro Pistarini International Airport,Buenos Aires,Argentina,37,37,28,28,31,31,0.972972972972973,canonical_resolved,True
1804,id:1804,GDL,Don Miguel Hidalgo Y Costilla International Airport,Guadalajara,Mexico,37,36,10,10,17,17,0.972972972972973,canonical_resolved,True
13760,id:13760,ISB,New Islamabad International Airport,Islamabad,Pakistan,37,37,15,15,26,26,0.972972972972973,canonical_resolved,True
3387,id:3387,NGB,Ningbo Lishe International Airport,Ninbo,China,37,37,24,24,9,9,1,canonical_resolved,True
1885,id:1885,SJO,Juan Santamaria International Airport,San Jose,Costa Rica,37,35,18,17,27,27,0.945945945945946,canonical_resolved,True
6345,id:6345,HET,Baita International Airport,Hohhot,China,36,36,17,17,1,1,1,canonical_resolved,True
2206,id:2206,KHI,Jinnah International Airport,Karachi,Pakistan,36,37,20,20,22,22,1,canonical_resolved,True
951,id:951,LAD,Quatro de Fevereiro Airport,Luanda,Angola,36,36,17,17,23,23,0.944444444444444,canonical_resolved,True
3861,id:3861,MSY,Louis Armstrong New Orleans International Airport,New Orleans,United States,36,35,10,10,0,0,0.972222222222222,canonical_resolved,True
1953,id:1953,NAS,Lynden Pindling International Airport,Nassau,Bahamas,36,37,16,16,22,23,1,canonical_resolved,True
3351,id:3351,PER,Perth International Airport,Perth,Australia,36,36,22,22,15,15,1,canonical_resolved,True
2372,id:2372,PUS,Gimhae International Airport,Busan,South Korea,36,36,22,22,34,34,1,canonical_resolved,True
1206,id:1206,SPU,Split Airport,Split,Croatia,36,36,16,15,33,33,0.972222222222222,canonical_resolved,True
666,id:666,SVG,Stavanger Airport Sola,Stavanger,Norway,36,34,15,15,26,25,0.944444444444444,canonical_resolved,True
3389,id:3389,HFE,Hefei Luogang International Airport,Hefei,China,35,35,16,16,6,6,1,canonical_resolved,True
3458,id:3458,MCI,Kansas City International Airport,Kansas City,United States,35,34,9,9,1,1,0.971428571428571,canonical_resolved,True
1512,id:1512,PMO,Falcone–Borsellino Airport,Palermo,Italy,35,34,17,17,19,19,0.971428571428571,canonical_resolved,True
657,id:657,RYG,"Moss Airport, Rygge",Rygge,Norway,35,35,2,2,35,35,1,canonical_resolved,True
1253,id:1253,SVQ,Sevilla Airport,Sevilla,Spain,35,35,10,10,23,23,1,canonical_resolved,True
3774,id:3774,ANC,Ted Stevens Anchorage International Airport,Anchorage,United States,34,34,9,9,0,0,1,canonical_resolved,True
3043,id:3043,CCU,Netaji Subhash Chandra Bose International Airport,Kolkata,India,34,34,18,18,12,12,1,canonical_resolved,True
2305,id:2305,FUK,Fukuoka Airport,Fukuoka,Japan,34,34,33,33,19,19,1,canonical_resolved,True
49,id:49,YEG,Edmonton International Airport,Edmonton,Canada,34,33,11,12,12,12,0.970588235294118,canonical_resolved,True
1216,id:1216,BIO,Bilbao Airport,Bilbao,Spain,33,33,15,15,20,20,1,canonical_resolved,True
2370,id:2370,CJU,Jeju International Airport,Cheju,South Korea,33,33,16,16,20,20,1,canonical_resolved,True
3076,id:3076,DAC,Hazrat Shahjalal International Airport,Dhaka,Bangladesh,33,34,28,28,27,27,1,canonical_resolved,True
2960,id:2960,KRR,Krasnodar Pashkovsky International Airport,Krasnodar,Russia,33,32,15,15,20,19,0.939393939393939,canonical_resolved,True
3626,id:3626,RDU,Raleigh Durham International Airport,Raleigh-durham,United States,33,32,9,9,2,2,0.96969696969697,canonical_resolved,True
3793,id:3793,RSW,Southwest Florida International Airport,Fort Myers,United States,33,33,14,14,2,2,1,canonical_resolved,True
6347,id:6347,SJW,Shijiazhuang Daguocun International Airport,Shijiazhuang,China,33,33,14,14,1,1,1,canonical_resolved,True
2899,id:2899,SXM,Princess Juliana International Airport,Philipsburg,Netherlands Antilles,33,33,21,21,30,30,0.96969696969697,canonical_resolved,True
2131,id:2131,THR,Mehrabad International Airport,Teheran,Iran,33,33,5,5,1,1,0.96969696969697,canonical_resolved,True
2910,id:2910,TSE,Astana International Airport,Tselinograd,Kazakhstan,33,33,13,13,19,19,1,canonical_resolved,True
2442,id:2442,AEP,Jorge Newbery Airpark,Buenos Aires,Argentina,32,32,7,7,8,8,1,canonical_resolved,True
6505,id:6505,AZA,Phoenix-Mesa-Gateway Airport,Mesa,United States,32,32,1,1,0,0,1,canonical_resolved,True
2537,id:2537,CNF,Tancredo Neves International Airport,Belo Horizonte,Brazil,32,33,8,8,3,3,0.96875,canonical_resolved,True
16,id:16,KEF,Keflavik International Airport,Keflavik,Iceland,32,34,6,6,32,34,1,canonical_resolved,True
2264,id:2264,KHH,Kaohsiung International Airport,Kaohsiung,Taiwan,32,32,21,21,29,29,1,canonical_resolved,True
3378,id:3378,LHW,Lanzhou Zhongchuan Airport,Lanzhou,China,32,32,16,16,1,1,1,canonical_resolved,True
1529,id:1529,LIN,Milano Linate Airport,Milan,Italy,32,31,17,17,19,19,0.96875,canonical_resolved,True
5,id:5,POM,Port Moresby Jacksons International Airport,Port Moresby,Papua New Guinea,32,32,2,2,11,11,1,canonical_resolved,True
1892,id:1892,SAL,Monseñor Óscar Arnulfo Romero International Airport,San Salvador,El Salvador,32,31,9,9,32,31,0.96875,canonical_resolved,True
6392,id:6392,WNZ,Wenzhou Longwan International Airport,Wenzhou,China,32,32,16,16,4,4,1,canonical_resolved,True
1517,id:1517,AHO,Alghero-Fertilia Airport,Alghero,Italy,31,31,5,5,18,18,1,canonical_resolved,True
608,id:608,BLL,Billund Airport,Billund,Denmark,31,31,12,12,29,29,1,canonical_resolved,True
2287,id:2287,CTS,New Chitose Airport,Sapporo,Japan,31,30,23,23,10,9,0.967741935483871,canonical_resolved,True
3488,id:3488,CVG,Cincinnati Northern Kentucky International Airport,Cincinnati,United States,31,34,7,7,3,3,1,canonical_resolved,True
3964,id:3964,EVN,Zvartnots International Airport,Yerevan,Armenia,31,31,23,23,31,31,1,canonical_resolved,True
3179,id:3179,HKT,Phuket International Airport,Phuket,Thailand,31,30,33,33,25,24,0.967741935483871,canonical_resolved,True
3125,id:3125,KTM,Tribhuvan International Airport,Kathmandu,Nepal,31,31,26,26,23,23,1,canonical_resolved,True
2207,id:2207,LHE,Alama Iqbal International Airport,Lahore,Pakistan,31,31,14,14,22,23,0.903225806451613,canonical_resolved,True
699,id:699,NYO,Stockholm Skavsta Airport,Stockholm,Sweden,31,31,2,2,31,31,1,canonical_resolved,True
3453,id:3453,OAK,Metropolitan Oakland International Airport,Oakland,United States,31,31,11,11,1,1,1,canonical_resolved,True
3617,id:3617,PIE,St Petersburg Clearwater International Airport,St. Petersburg,United States,31,31,1,1,0,0,1,canonical_resolved,True
3570,id:3570,PIT,Pittsburgh International Airport,Pittsburgh,United States,31,29,8,8,3,3,0.935483870967742,canonical_resolved,True
3621,id:3621,SAT,San Antonio International Airport,San Antonio,United States,31,30,9,9,5,5,0.967741935483871,canonical_resolved,True
1847,id:1847,TIJ,General Abelardo L. Rodríguez International Airport,Tijuana,Mexico,31,30,4,4,2,1,0.967741935483871,canonical_resolved,True
1084,id:1084,DKR,Léopold Sédar Senghor International Airport,Dakar,Senegal,30,31,27,28,29,29,0.966666666666667,canonical_resolved,True
2979,id:2979,DYU,Dushanbe Airport,Dushanbe,Tajikistan,30,31,14,16,30,31,1,canonical_resolved,True
4091,id:4091,FNC,Madeira Airport,Funchal,Portugal,30,30,17,17,27,27,1,canonical_resolved,True
1399,id:1399,LIL,Lille-Lesquin Airport,Lille,France,30,29,12,12,18,17,0.9,canonical_resolved,True
347,id:347,NUE,Nuremberg Airport,Nuernberg,Germany,30,28,13,13,25,24,0.933333333333333,canonical_resolved,True
1520,id:1520,OLB,Olbia Costa Smeralda Airport,Olbia,Italy,30,30,12,12,22,22,0.966666666666667,canonical_resolved,True
665,id:665,TRD,Trondheim Airport Værnes,Trondheim,Norway,30,29,6,6,14,13,0.966666666666667,canonical_resolved,True
680,id:680,WRO,Copernicus Wrocław Airport,Wroclaw,Poland,30,30,7,7,27,27,1,canonical_resolved,True
6355,id:6355,ZUH,Zhuhai Jinwan Airport,Zhuhai,China,30,30,15,15,0,0,1,canonical_resolved,True
2006,id:2006,AKL,Auckland International Airport,Auckland,New Zealand,29,34,18,20,25,30,1,canonical_resolved,True
465,id:465,BFS,Belfast International Airport,Belfast,United Kingdom,29,27,4,4,19,17,0.931034482758621,canonical_resolved,True
4206,id:4206,CEB,Mactan Cebu International Airport,Cebu,Philippines,29,29,14,14,7,7,1,canonical_resolved,True
3486,id:3486,CLE,Cleveland Hopkins International Airport,Cleveland,United States,29,29,7,7,2,2,0.931034482758621,canonical_resolved,True
1909,id:1909,HAV,José Martí International Airport,Havana,Cuba,29,28,19,19,23,22,0.896551724137931,canonical_resolved,True
2621,id:2621,SSA,Deputado Luiz Eduardo Magalhães International Airport,Salvador,Brazil,29,29,12,12,5,5,0.96551724137931,canonical_resolved,True
664,id:664,TRF,"Sandefjord Airport, Torp",Sandefjord,Norway,29,29,5,5,26,26,1,canonical_resolved,True
4380,id:4380,CGQ,Longjia Airport,Changchun,China,28,28,15,15,4,4,1,canonical_resolved,True
373,id:373,DTM,Dortmund Airport,Dortmund,Germany,28,29,11,11,26,27,1,canonical_resolved,True
499,id:499,JER,Jersey Airport,Jersey,Jersey,28,27,8,8,28,27,0.964285714285714,canonical_resolved,True
1458,id:1458,KGS,Kos Airport,Kos,Greece,28,30,13,14,25,26,1,canonical_resolved,True
4374,id:4374,KJA,Yemelyanovo Airport,Krasnoyarsk,Russia,28,29,14,14,12,13,1,canonical_resolved,True
4033,id:4033,LJG,Lijiang Airport,Lijiang,China,28,28,15,15,4,4,1,canonical_resolved,True
2074,id:2074,MED,Prince Mohammad Bin Abdulaziz Airport,Madinah,Saudi Arabia,28,42,15,16,20,34,0.964285714285714,canonical_resolved,True
3156,id:3156,MLE,Malé International Airport,Male,Maldives,28,26,26,25,23,21,0.928571428571429,canonical_resolved,True
1825,id:1825,MTY,General Mariano Escobedo International Airport,Monterrey,Mexico,28,28,8,8,6,6,1,canonical_resolved,True
2384,id:2384,OKA,Naha Airport,Okinawa,Japan,28,28,18,18,8,8,1,canonical_resolved,True
3239,id:3239,RGN,Yangon International Airport,Yangon,Burma,28,29,27,27,19,19,1,canonical_resolved,True
591,id:591,RTM,Rotterdam The Hague Airport,Rotterdam,Netherlands,28,28,5,5,27,27,0.964285714285714,canonical_resolved,True
1515,id:1515,TPS,Vincenzo Florio Airport Trapani-Birgi,Trapani,Italy,28,28,2,2,14,14,1,canonical_resolved,True
248,id:248,ACC,Kotoka International Airport,Accra,Ghana,27,26,25,25,23,22,0.925925925925926,canonical_resolved,True
1715,id:1715,DLM,Dalaman International Airport,Dalaman,Turkey,27,27,13,13,25,25,0.962962962962963,canonical_resolved,True
687,id:687,GOT,Gothenburg-Landvetter Airport,Gothenborg,Sweden,27,27,19,20,23,23,1,canonical_resolved,True
3585,id:3585,IND,Indianapolis International Airport,Indianapolis,United States,27,27,7,7,2,2,1,canonical_resolved,True
2599,id:2599,POA,Salgado Filho Airport,Porto Alegre,Brazil,27,24,12,11,7,5,0.851851851851852,canonical_resolved,True
4075,id:4075,PPT,Faa'a International Airport,Papeete,French Polynesia,27,28,8,8,7,7,0.925925925925926,canonical_resolved,True
1762,id:1762,SDQ,Las Américas International Airport,Santo Domingo,Dominican Republic,27,28,20,20,27,27,0.925925925925926,canonical_resolved,True
3748,id:3748,SJC,Norman Y. Mineta San Jose International Airport,San Jose,United States,27,27,11,11,3,3,1,canonical_resolved,True
1526,id:1526,TRN,Turin Airport,Torino,Italy,27,27,17,17,15,15,1,canonical_resolved,True
1208,id:1208,ZAG,Zagreb Airport,Zagreb,Croatia,27,28,12,12,21,21,1,canonical_resolved,True
2618,id:2618,CGH,Congonhas Airport,Sao Paulo,Brazil,26,26,4,4,0,0,1,canonical_resolved,True
3931,id:3931,CNX,Chiang Mai International Airport,Chiang Mai,Thailand,26,26,23,23,15,15,1,canonical_resolved,True
1130,id:1130,HRG,Hurghada International Airport,Hurghada,Egypt,26,25,15,15,23,23,0.961538461538462,canonical_resolved,True
2937,id:2937,IKT,Irkutsk Airport,Irkutsk,Russia,26,26,12,13,8,8,1,canonical_resolved,True
671,id:671,KTW,Katowice International Airport,Katowice,Poland,26,26,5,5,25,25,1,canonical_resolved,True
348,id:348,LEJ,Leipzig/Halle Airport,Leipzig,Germany,26,25,11,11,21,20,0.961538461538462,canonical_resolved,True
1780,id:1780,MBJ,Sangster International Airport,Montego Bay,Jamaica,26,26,17,16,25,25,0.923076923076923,canonical_resolved,True
8414,id:8414,WMI,Modlin Airport,Warsaw,Poland,26,26,1,1,24,24,1,canonical_resolved,True
532,id:532,ABZ,Aberdeen Dyce Airport,Aberdeen,United Kingdom,25,25,12,12,10,10,1,canonical_resolved,True
1324,id:1324,AJA,Ajaccio-Napoléon Bonaparte Airport,Ajaccio,France,25,25,11,11,7,7,0.96,canonical_resolved,True
2895,id:2895,AUA,Queen Beatrix International Airport,Oranjestad,Aruba,25,25,22,22,25,25,1,canonical_resolved,True
3269,id:3269,BKI,Kota Kinabalu International Airport,Kota Kinabalu,Malaysia,25,25,17,17,15,15,1,canonical_resolved,True
1563,id:1563,FLR,Peretola Airport,Florence,Italy,25,25,17,17,20,20,1,canonical_resolved,True
7447,id:7447,NBE,Enfidha - Hammamet International Airport,Enfidha,Tunisia,25,25,12,12,25,24,0.88,canonical_resolved,True
1198,id:1198,PFO,Paphos International Airport,Paphos,Cyprus,25,25,13,14,25,25,1,canonical_resolved,True
3928,id:3928,SUB,Juanda International Airport,Surabaya,Indonesia,25,26,17,16,9,9,1,canonical_resolved,True
1435,id:1435,SXB,Strasbourg Airport,Strasbourg,France,25,25,13,13,13,13,1,canonical_resolved,True
3341,id:3341,ADL,Adelaide International Airport,Adelaide,Australia,24,24,13,13,6,6,1,canonical_resolved,True
3322,id:3322,CNS,Cairns International Airport,Cairns,Australia,24,23,9,9,7,7,0.958333333333333,canonical_resolved,True
893,id:893,MRU,Sir Seewoosagur Ramgoolam International Airport,Plaisance,Mauritius,24,23,12,13,23,22,0.875,canonical_resolved,True
3817,id:3817,SMF,Sacramento International Airport,Sacramento,United States,24,24,10,10,1,1,1,canonical_resolved,True
1157,id:1157,TIP,Tripoli International Airport,Tripoli,Libya,24,24,14,14,17,17,1,canonical_resolved,True
1209,id:1209,ZAD,Zadar Airport,Zadar,Croatia,24,24,5,5,22,22,1,canonical_resolved,True
1321,id:1321,BIA,Bastia-Poretta Airport,Bastia,France,23,23,10,10,11,11,1,canonical_resolved,True
293,id:293,DJE,Djerba Zarzis International Airport,Djerba,Tunisia,23,23,9,9,21,22,0.956521739130435,canonical_resolved,True
1735,id:1735,KIV,Chişinău International Airport,Chisinau,Moldova,23,23,10,10,23,23,1,canonical_resolved,True
596,id:596,ORK,Cork Airport,Cork,Ireland,23,23,2,2,23,23,1,canonical_resolved,True
2268,id:2268,RMQ,Taichung Ching Chuang Kang Airport,Taichung,Taiwan,23,23,8,8,20,20,1,canonical_resolved,True
495,id:495,SOU,Southampton Airport,Southampton,United Kingdom,23,23,4,4,17,17,1,canonical_resolved,True
4302,id:4302,SWA,Jieyang Chaoshan International Airport,Shantou,China,23,24,8,8,3,3,1,canonical_resolved,True
2157,id:2157,SYZ,Shiraz Shahid Dastghaib International Airport,Shiraz,Iran,23,23,8,8,7,7,0.956521739130435,canonical_resolved,True
3973,id:3973,TBS,Tbilisi International Airport,Tbilisi,Georgia,23,24,21,21,22,22,1,canonical_resolved,True
415,id:415,TLL,Lennart Meri Tallinn Airport,Tallinn-ulemiste International,Estonia,23,23,10,10,23,23,1,canonical_resolved,True
3392,id:3392,YNT,Yantai Laishan Airport,Yantai,China,23,23,9,9,4,4,1,canonical_resolved,True
2874,id:2874,ANU,V.C. Bird International Airport,Antigua,Antigua and Barbuda,22,22,14,14,22,22,0.954545454545455,canonical_resolved,True
2545,id:2545,CWB,Afonso Pena Airport,Curitiba,Brazil,22,23,9,9,2,3,1,canonical_resolved,True
1177,id:1177,DAR,Julius Nyerere International Airport,Dar Es Salaam,Tanzania,22,19,16,15,16,14,0.863636363636364,canonical_resolved,True
2912,id:2912,FRU,Manas International Airport,Bishkek,Kyrgyzstan,22,22,16,16,21,21,1,canonical_resolved,True
1175,id:1175,KRT,Khartoum International Airport,Khartoum,Sudan,22,22,17,17,18,18,0.954545454545455,canonical_resolved,True
1569,id:1569,LJU,Ljubljana Jože Pučnik Airport,Ljubljana,Slovenia,22,22,10,10,22,22,1,canonical_resolved,True
3473,id:3473,MEM,Memphis International Airport,Memphis,United States,22,23,7,7,0,0,0.954545454545455,canonical_resolved,True
3717,id:3717,MKE,General Mitchell International Airport,Milwaukee,United States,22,23,6,6,1,1,1,canonical_resolved,True
231,id:231,ORN,Es Senia Airport,Oran,Algeria,22,22,8,8,14,14,0.954545454545455,canonical_resolved,True
3980,id:3980,SAH,Sana'a International Airport,Sanaa,Yemen,22,24,12,11,15,17,0.954545454545455,canonical_resolved,True
603,id:603,SNN,Shannon Airport,Shannon,Ireland,22,22,3,3,22,22,1,canonical_resolved,True
3240,id:3240,UPG,Hasanuddin International Airport,Ujung Pandang,Indonesia,22,21,7,7,2,2,0.954545454545455,canonical_resolved,True
1550,id:1550,VRN,Verona Villafranca Airport,Villafranca,Italy,22,22,17,18,15,15,0.954545454545455,canonical_resolved,True
253,id:253,ABJ,Port Bouet Airport,Abidjan,Cote d'Ivoire,21,20,22,21,21,20,0.952380952380952,canonical_resolved,True
4019,id:4019,ABQ,Albuquerque International Sunport,Albuquerque,United States,21,20,7,8,0,0,0.952380952380952,canonical_resolved,True
3825,id:3825,BDL,Bradley International Airport,Windsor Locks,United States,21,21,7,7,1,1,1,canonical_resolved,True
4315,id:4315,BJV,Milas Bodrum International Airport,Bodrum,Turkey,21,20,10,10,17,17,0.952380952380952,canonical_resolved,True
3759,id:3759,CMH,John Glenn Columbus International Airport,Columbus,United States,21,22,7,7,1,1,0.904761904761905,canonical_resolved,True
3136,id:3136,COK,Cochin International Airport,Kochi,India,21,21,21,21,13,13,1,canonical_resolved,True
3986,id:3986,FMM,Memmingen Allgau Airport,Memmingen,Germany,21,21,8,8,19,19,1,canonical_resolved,True
2990,id:2990,KZN,Kazan International Airport,Kazan,Russia,21,21,15,15,12,12,1,canonical_resolved,True
1231,id:1231,MAH,Menorca Airport,Menorca,Spain,21,23,9,9,17,19,0.952380952380952,canonical_resolved,True
3515,id:3515,MYR,Myrtle Beach International Airport,Myrtle Beach,United States,21,21,7,7,2,2,1,canonical_resolved,True
3456,id:3456,OGG,Kahului Airport,Kahului,United States,21,21,10,10,1,1,1,canonical_resolved,True
3722,id:3722,PBI,Palm Beach International Airport,West Palm Beach,United States,21,21,8,8,4,4,1,canonical_resolved,True
537,id:537,PIK,Glasgow Prestwick Airport,Prestwick,United Kingdom,21,21,1,1,20,20,1,canonical_resolved,True
2902,id:2902,POS,Piarco International Airport,Port-of-spain,Trinidad and Tobago,21,21,13,13,20,20,1,canonical_resolved,True
2964,id:2964,ROV,Platov International Airport,Rostov,Russia,21,21,13,13,14,14,1,canonical_resolved,True
1243,id:1243,SCQ,Santiago de Compostela Airport,Santiago,Spain,21,20,7,7,9,9,0.952380952380952,canonical_resolved,True
1840,id:1840,SJD,Los Cabos International Airport,San Jose Del Cabo,Mexico,21,21,15,15,15,15,1,canonical_resolved,True
1737,id:1737,SKP,Skopje Alexander the Great Airport,Skopje,Macedonia,21,21,10,10,21,21,1,canonical_resolved,True
3867,id:3867,SNA,John Wayne Airport-Orange County Airport,Santa Ana,United States,21,21,10,10,4,4,1,canonical_resolved,True
918,id:918,TNR,Ivato Airport,Antananarivo,Madagascar,21,20,6,6,10,9,0.952380952380952,canonical_resolved,True
3196,id:3196,DAD,Da Nang International Airport,Danang,Vietnam,20,20,11,11,12,12,1,canonical_resolved,True
3502,id:3502,DAL,Dallas Love Field,Dallas,United States,20,19,4,2,0,0,0.95,canonical_resolved,True
897,id:897,DLA,Douala International Airport,Douala,Cameroon,20,16,16,16,17,15,0.8,canonical_resolved,True
3410,id:3410,HBE,Borg El Arab International Airport,Alexandria,Egypt,20,18,17,17,17,15,0.9,canonical_resolved,True
2944,id:2944,IEV,Kiev Zhuliany International Airport,Kiev,Ukraine,20,20,8,8,18,18,1,canonical_resolved,True
2927,id:2927,KHV,Khabarovsk-Novy Airport,Khabarovsk,Russia,20,20,11,11,6,6,1,canonical_resolved,True
2993,id:2993,KUF,Kurumoch International Airport,Samara,Russia,20,20,14,14,11,11,1,canonical_resolved,True
3308,id:3308,PEN,Penang International Airport,Penang,Malaysia,20,20,16,16,11,11,1,canonical_resolved,True
1754,id:1754,PLS,Providenciales Airport,Providenciales,Turks and Caicos Islands,20,20,12,12,18,18,0.95,canonical_resolved,True
3035,id:3035,REP,Siem Reap International Airport,Siem-reap,Cambodia,20,20,19,19,18,18,1,canonical_resolved,True
2688,id:2688,UIO,Mariscal Sucre International Airport,Quito,Ecuador,20,21,12,13,11,13,0.9,canonical_resolved,True
1997,id:1997,VLI,Bauerfield International Airport,Port-vila,Vanuatu,20,20,5,5,6,6,0.95,canonical_resolved,True
2923,id:2923,YKS,Yakutsk Airport,Yakutsk,Russia,20,20,9,9,2,2,1,canonical_resolved,True
160,id:160,YWG,Winnipeg / James Armstrong Richardson International Airport,Winnipeg,Canada,20,20,5,5,1,1,1,canonical_resolved,True
260,id:260,ABV,Nnamdi Azikiwe International Airport,Abuja,Nigeria,19,19,6,6,7,7,1,canonical_resolved,True
1064,id:1064,AGA,Al Massira Airport,Agadir,Morocco,19,20,11,11,18,18,0.947368421052632,canonical_resolved,True
2897,id:2897,CUR,Hato International Airport,Willemstad,Netherlands Antilles,19,19,15,14,17,17,1,canonical_resolved,True
3999,id:3999,DRW,Darwin International Airport,Darwin,Australia,19,19,10,10,5,5,1,canonical_resolved,True
552,id:552,EXT,Exeter International Airport,Exeter,United Kingdom,19,19,5,5,13,13,1,canonical_resolved,True
691,id:691,GSE,Gothenburg City Airport,Gothenborg,Sweden,19,19,3,3,18,18,1,canonical_resolved,True
4074,id:4074,HIR,Honiara International Airport,Honiara,Solomon Islands,19,17,3,3,4,4,0.894736842105263,canonical_resolved,True
3712,id:3712,JAX,Jacksonville International Airport,Jacksonville,United States,19,19,8,8,2,2,1,canonical_resolved,True
1779,id:1779,KIN,Norman Manley International Airport,Kingston,Jamaica,19,19,14,14,18,18,1,canonical_resolved,True
3956,id:3956,KUN,Kaunas International Airport,Kaunas,Lithuania,19,19,1,1,19,19,1,canonical_resolved,True
6147,id:6147,LBD,Khudzhand Airport,Khudzhand,Tajikistan,19,19,8,8,19,19,1,canonical_resolved,True
1359,id:1359,MPL,Montpellier-Méditerranée Airport,Montpellier,France,19,19,9,9,11,11,1,canonical_resolved,True
674,id:674,POZ,Poznań-Ławica Airport,Poznan,Poland,19,19,6,6,18,18,1,canonical_resolved,True
1508,id:1508,SUF,Lamezia Terme Airport,Lamezia,Italy,19,19,7,7,9,10,0.947368421052632,canonical_resolved,True
663,id:663,TOS,"Tromsø Airport,",Tromso,Norway,19,19,3,3,3,3,1,canonical_resolved,True
2992,id:2992,UFA,Ufa International Airport,Ufa,Russia,19,19,14,14,8,8,1,canonical_resolved,True
6390,id:6390,WUX,Sunan Shuofang International Airport,Wuxi,China,19,19,5,5,5,5,1,canonical_resolved,True
3977,id:3977,ADE,Aden International Airport,Aden,Yemen,18,15,7,7,15,12,0.833333333333333,canonical_resolved,True
1506,id:1506,BDS,Brindisi – Salento Airport,Brindisi,Italy,18,19,6,6,10,10,1,canonical_resolved,True
467,id:467,BHD,George Best Belfast City Airport,Belfast,United Kingdom,18,18,4,4,4,4,1,canonical_resolved,True
1745,id:1745,BTS,M. R. Štefánik Airport,Bratislava,Slovakia,18,18,4,4,17,17,1,canonical_resolved,True
3137,id:3137,CCJ,Calicut International Airport,Calicut,India,18,16,10,10,12,11,0.888888888888889,canonical_resolved,True
2548,id:2548,CGB,Marechal Rondon Airport,Cuiaba,Brazil,18,18,6,6,0,0,1,canonical_resolved,True
488,id:488,CWL,Cardiff International Airport,Cardiff,United Kingdom,18,17,9,9,13,12,0.888888888888889,canonical_resolved,True
4109,id:4109,CZX,Changzhou Benniu Airport,Changzhou,China,18,18,8,8,0,0,1,canonical_resolved,True
338,id:338,DRS,Dresden Airport,Dresden,Germany,18,18,9,9,13,13,1,canonical_resolved,True
6434,id:6434,DSN,Ordos Ejin Horo Airport,Dongsheng,China,18,18,9,9,0,0,1,canonical_resolved,True
1187,id:1187,EBB,Entebbe International Airport,Entebbe,Uganda,18,14,16,16,17,13,0.777777777777778,canonical_resolved,True
3989,id:3989,EBL,Erbil International Airport,Erbil,Iraq,18,18,18,18,18,18,1,canonical_resolved,True
1682,id:1682,ESB,Esenboğa International Airport,Ankara,Turkey,18,20,10,11,14,16,1,canonical_resolved,True
4166,id:4166,FKB,Karlsruhe Baden-Baden Airport,Karlsruhe/Baden-Baden,Germany,18,18,4,4,16,16,1,canonical_resolved,True
2559,id:2559,FOR,Pinto Martins International Airport,Fortaleza,Brazil,18,18,7,7,4,4,1,canonical_resolved,True
1926,id:1926,GCM,Owen Roberts International Airport,Georgetown,Cayman Islands,18,19,10,10,16,17,1,canonical_resolved,True
1767,id:1767,GUA,La Aurora Airport,Guatemala City,Guatemala,18,20,12,12,17,19,1,canonical_resolved,True
2673,id:2673,GYE,José Joaquín de Olmedo International Airport,Guayaquil,Ecuador,18,17,9,9,11,10,0.944444444444444,canonical_resolved,True
6386,id:6386,JJN,Quanzhou Jinjiang International Airport,Quanzhou,China,18,18,9,9,3,3,1,canonical_resolved,True
503,id:503,LCY,London City Airport,London,United Kingdom,18,19,7,9,18,19,1,canonical_resolved,True
2551,id:2551,MAO,Eduardo Gomes International Airport,Manaus,Brazil,18,18,7,7,3,3,1,canonical_resolved,True
1960,id:1960,NAN,Nadi International Airport,Nandi,Fiji,18,17,8,8,18,17,0.944444444444444,canonical_resolved,True
7056,id:7056,PGD,Charlotte County Airport,Punta Gorda,United States,18,17,1,1,0,0,0.944444444444444,canonical_resolved,True
1836,id:1836,PVR,Licenciado Gustavo Díaz Ordaz International Airport,Puerto Vallarta,Mexico,18,18,14,14,14,14,1,canonical_resolved,True
2610,id:2610,REC,Guararapes - Gilberto Freyre International Airport,Recife,Brazil,18,18,9,9,4,4,1,canonical_resolved,True
2612,id:2612,SDU,Santos Dumont Airport,Rio De Janeiro,Brazil,18,18,6,6,0,0,1,canonical_resolved,True
4057,id:4057,SSH,Sharm El Sheikh International Airport,Sharm El Sheikh,Egypt,18,19,12,13,16,16,1,canonical_resolved,True
2883,id:2883,STT,Cyril E. King Airport,St. Thomas,Virgin Islands,18,19,11,11,17,18,1,canonical_resolved,True
1612,id:1612,SZG,Salzburg Airport,Salzburg,Austria,18,19,9,9,17,17,0.944444444444444,canonical_resolved,True
4111,id:4111,TJM,Roshchino International Airport,Tyumen,Russia,18,19,7,8,3,4,1,canonical_resolved,True
2275,id:2275,TSA,Taipei Songshan Airport,Taipei,Taiwan,18,18,15,15,14,14,1,canonical_resolved,True
6387,id:6387,TXN,Tunxi International Airport,Huangshan,China,18,18,10,10,3,3,1,canonical_resolved,True
6366,id:6366,XNN,Xining Caojiabu Airport,Xining,China,18,18,13,13,0,0,1,canonical_resolved,True
6430,id:6430,YCU,Yuncheng Guangong Airport,Yuncheng,China,18,18,6,6,0,0,1,canonical_resolved,True
73,id:73,YHZ,Halifax / Stanfield International Airport,Halifax,Canada,18,23,6,7,7,12,1,canonical_resolved,True
2965,id:2965,AER,Sochi International Airport,Sochi,Russia,17,18,15,15,8,8,1,canonical_resolved,True
2994,id:2994,AMD,Sardar Vallabhbhai Patel International Airport,Ahmedabad,India,17,17,12,12,9,9,1,canonical_resolved,True
6346,id:6346,BAV,Baotou Airport,Baotou,China,17,17,13,13,0,0,1,canonical_resolved,True
2526,id:2526,BEL,Val de Cans/Júlio Cezar Ribeiro International Airport,Belem,Brazil,17,17,6,5,3,3,0.941176470588235,canonical_resolved,True
2875,id:2875,BGI,Sir Grantley Adams International Airport,Bridgetown,Barbados,17,17,11,11,17,17,0.941176470588235,canonical_resolved,True
1652,id:1652,CLJ,Cluj-Napoca International Airport,Cluj-napoca,Romania,17,17,3,3,16,16,1,canonical_resolved,True
1528,id:1528,GOA,Genoa Cristoforo Colombo Airport,Genoa,Italy,17,17,10,10,9,9,1,canonical_resolved,True
2246,id:2246,GUM,Antonio B. Won Pat International Airport,Agana,Guam,17,17,9,9,17,17,1,canonical_resolved,True
1633,id:1633,PDL,João Paulo II Airport,Ponta Delgada,Portugal,17,16,5,5,8,7,0.941176470588235,canonical_resolved,True
2219,id:2219,PEW,Peshawar International Airport,Peshawar,Pakistan,17,17,9,9,12,12,1,canonical_resolved,True
4367,id:4367,SCO,Aktau Airport,Aktau,Kazakhstan,17,17,4,4,10,10,1,canonical_resolved,True
1251,id:1251,SDR,Santander Airport,Santander,Spain,17,17,3,3,8,8,1,canonical_resolved,True
3153,id:3153,TRV,Trivandrum International Airport,Trivandrum,India,17,17,16,16,13,13,1,canonical_resolved,True
4149,id:4149,XUZ,Xuzhou Guanyin Airport,Xuzhou,China,17,17,8,8,3,3,1,canonical_resolved,True
196,id:196,YZF,Yellowknife Airport,Yellowknife,Canada,17,17,7,7,0,0,1,canonical_resolved,True
494,id:494,BOH,Bournemouth Airport,Bournemouth,United Kingdom,16,16,2,2,16,16,1,canonical_resolved,True
3820,id:3820,BUF,Buffalo Niagara International Airport,Buffalo,United States,16,15,6,6,0,0,0.9375,canonical_resolved,True
2715,id:2715,CLO,Alfonso Bonilla Aragon International Airport,Cali,Colombia,16,16,7,7,7,7,1,canonical_resolved,True
245,id:245,COO,Cadjehoun Airport,Cotonou,Benin,16,17,16,16,16,17,0.9375,canonical_resolved,True
1066,id:1066,FEZ,Saïss Airport,Fes,Morocco,16,16,4,4,15,15,1,canonical_resolved,True
2762,id:2762,LPB,El Alto International Airport,La Paz,Bolivia,16,16,9,8,6,7,0.9375,canonical_resolved,True
907,id:907,LUN,Kenneth Kaunda International Airport Lusaka,Lusaka,Zambia,16,12,10,10,11,8,0.75,canonical_resolved,True
6400,id:6400,MIG,Mianyang Airport,Mianyang,China,16,15,12,12,0,0,0.9375,canonical_resolved,True
1227,id:1227,MJV,San Javier Airport,Murcia,Spain,16,16,4,4,16,16,1,canonical_resolved,True
2962,id:2962,MRV,Mineralnyye Vody Airport,Mineralnye Vody,Russia,16,16,13,13,9,9,1,canonical_resolved,True
1742,id:1742,PRN,Priština International Airport,Pristina,Serbia,16,16,10,10,16,16,1,canonical_resolved,True
1236,id:1236,REU,Reus Air Base,Reus,Spain,16,16,4,4,15,15,1,canonical_resolved,True
1190,id:1190,TIA,Tirana International Airport Mother Teresa,Tirana,Albania,16,16,11,11,16,16,1,canonical_resolved,True
3120,id:3120,VTE,Wattay International Airport,Vientiane,Laos,16,16,8,8,10,10,1,canonical_resolved,True
169,id:169,YXL,Sioux Lookout Airport,Sioux Lookout,Canada,16,14,2,2,0,0,0.75,canonical_resolved,True
6351,id:6351,BHY,Beihai Airport,Beihai,China,15,15,8,8,0,0,1,canonical_resolved,True
1044,id:1044,BKO,Modibo Keita International Airport,Bamako,Mali,15,15,13,13,15,15,1,canonical_resolved,True
635,id:635,BOO,Bodø Airport,Bodo,Norway,15,14,3,3,0,0,0.933333333333333,canonical_resolved,True
1020,id:1020,FIH,Ndjili International Airport,Kinshasa,Congo (Kinshasa),15,18,9,9,7,10,0.933333333333333,canonical_resolved,True
4274,id:4274,GOJ,Nizhny Novgorod Strigino International Airport,Nizhniy Novgorod,Russia,15,15,8,8,8,8,1,canonical_resolved,True
2050,id:2050,KBL,Hamid Karzai International Airport,Kabul,Afghanistan,15,13,11,11,12,10,0.866666666666667,canonical_resolved,True
1165,id:1165,KGL,Kigali International Airport,Kigali,Rwanda,15,17,9,9,14,16,1,canonical_resolved,True
2745,id:2745,MDE,Jose Maria Córdova International Airport,Rio Negro,Colombia,15,15,7,7,8,8,1,canonical_resolved,True
600,id:600,NOC,Ireland West Knock Airport,Connaught,Ireland,15,15,3,3,15,15,1,canonical_resolved,True
2958,id:2958,OMS,Omsk Central Airport,Omsk,Russia,15,15,7,7,7,7,1,canonical_resolved,True
246,id:246,OUA,Ouagadougou Airport,Ouagadougou,Burkina Faso,15,14,10,10,14,13,0.933333333333333,canonical_resolved,True
3034,id:3034,PNH,Phnom Penh International Airport,Phnom-penh,Cambodia,15,15,19,19,14,14,1,canonical_resolved,True
4014,id:4014,SDF,Louisville International Standiford Field,Louisville,United States,15,17,5,5,0,0,1,canonical_resolved,True
1102,id:1102,SID,Amílcar Cabral International Airport,Amilcar Cabral,Cape Verde,15,9,8,8,11,5,0.533333333333333,canonical_resolved,True
2934,id:2934,VVO,Vladivostok International Airport,Vladivostok,Russia,15,15,11,11,6,6,1,canonical_resolved,True
3864,id:3864,ALB,Albany International Airport,Albany,United States,14,14,6,6,0,0,1,canonical_resolved,True
3811,id:3811,BHM,Birmingham-Shuttlesworth International Airport,Birmingham,United States,14,14,5,5,1,1,1,canonical_resolved,True
3919,id:3919,BPN,Sultan Aji Muhamad Sulaiman Airport,Balikpapan,Indonesia,14,14,7,7,2,2,1,canonical_resolved,True
3903,id:3903,BTH,Hang Nadim International Airport,Batam,Indonesia,14,14,5,5,1,1,1,canonical_resolved,True
1957,id:1957,BZE,Philip S. W. Goldson International Airport,Belize City,Belize,14,14,8,8,13,13,1,canonical_resolved,True
2968,id:2968,CEK,Chelyabinsk Balandino Airport,Chelyabinsk,Russia,14,14,7,7,9,9,1,canonical_resolved,True
797,id:797,CPT,Cape Town International Airport,Cape Town,South Africa,14,13,13,13,9,8,0.928571428571429,canonical_resolved,True
3685,id:3685,GRR,Gerald R. Ford International Airport,Grand Rapids,United States,14,14,4,4,0,0,1,canonical_resolved,True
2121,id:2121,IFN,Esfahan Shahid Beheshti International Airport,Esfahan,Iran,14,14,6,6,4,4,0.928571428571429,canonical_resolved,True
1213,id:1213,LEI,Almería International Airport,Almeria,Spain,14,13,9,9,10,9,0.928571428571429,canonical_resolved,True
1881,id:1881,LIR,Daniel Oduber Quiros International Airport,Liberia,Costa Rica,14,14,12,12,12,12,1,canonical_resolved,True
2945,id:2945,LWO,Lviv International Airport,Lvov,Ukraine,14,14,6,6,13,13,1,canonical_resolved,True
4097,id:4097,LXA,Lhasa Gonggar Airport,Lhasa,China,14,14,8,8,1,1,1,canonical_resolved,True
6385,id:6385,LYI,Shubuling Airport,Linyi,China,14,14,8,8,0,0,1,canonical_resolved,True
2850,id:2850,PMV,Del Caribe Santiago Mariño International Airport,Porlamar,Venezuela,14,14,6,6,4,4,1,canonical_resolved,True
5674,id:5674,RAI,Praia International Airport,"Praia, Santiago Island",Cape Verde,14,14,5,5,9,9,1,canonical_resolved,True
3608,id:3608,RIC,Richmond International Airport,Richmond,United States,14,14,8,8,1,1,1,canonical_resolved,True
1772,id:1772,SAP,Ramón Villeda Morales International Airport,San Pedro Sula,Honduras,14,14,11,11,11,11,1,canonical_resolved,True
2347,id:2347,SDJ,Sendai Airport,Sendai,Japan,14,15,10,10,4,5,1,canonical_resolved,True
1057,id:1057,TFN,Tenerife Norte Airport,Tenerife,Spain,14,14,9,9,4,4,1,canonical_resolved,True
3447,id:3447,TTN,Trenton Mercer Airport,Trenton,United States,14,14,1,1,0,0,1,canonical_resolved,True
3380,id:3380,ULN,Chinggis Khaan International Airport,Ulan Bator,Mongolia,14,13,7,7,7,7,0.928571428571429,canonical_resolved,True
1226,id:1226,XRY,Jerez Airport,Jerez,Spain,14,14,8,8,11,12,0.928571428571429,canonical_resolved,True
6361,id:6361,YIH,Yichang Sanxia Airport,Yichang,China,14,14,10,10,1,1,1,canonical_resolved,True
6394,id:6394,YIW,Yiwu Airport,Yiwu,China,14,14,4,4,0,0,1,canonical_resolved,True
100,id:100,YOW,Ottawa Macdonald-Cartier International Airport,Ottawa,Canada,14,14,6,6,2,2,1,canonical_resolved,True
2104,id:2104,AWZ,Ahwaz Airport,Ahwaz,Iran,13,13,5,5,3,3,0.923076923076923,canonical_resolved,True
4130,id:4130,BGW,Baghdad International Airport,Baghdad,Iraq,13,13,12,12,13,13,1,canonical_resolved,True
1280,id:1280,BIQ,Biarritz-Anglet-Bayonne Airport,Biarritz-bayonne,France,13,13,6,6,6,6,1,canonical_resolved,True
3272,id:3272,BWN,Brunei International Airport,Bandar Seri Begawan,Brunei,13,13,5,5,13,13,0.923076923076923,canonical_resolved,True
3627,id:3627,DAY,James M Cox Dayton International Airport,Dayton,United States,13,12,5,5,0,0,0.923076923076923,canonical_resolved,True
3832,id:3832,FAI,Fairbanks International Airport,Fairbanks,United States,13,15,4,4,0,0,0.846153846153846,canonical_resolved,True
498,id:498,GCI,Guernsey Airport,Guernsey,Guernsey,13,14,4,4,12,13,1,canonical_resolved,True
2378,id:2378,GMP,Gimpo International Airport,Seoul,South Korea,13,13,14,14,6,6,1,canonical_resolved,True
2334,id:2334,ITM,Osaka International Airport,Osaka,Japan,13,13,4,4,0,0,1,canonical_resolved,True
970,id:970,LBV,Libreville Leon M'ba International Airport,Libreville,Gabon,13,11,11,11,13,11,0.846153846153846,canonical_resolved,True
3660,id:3660,LIT,Bill & Hillary Clinton National Airport/Adams Field,Little Rock,United States,13,13,6,6,0,0,1,canonical_resolved,True
6383,id:6383,LYG,Lianyungang Airport,Lianyungang,China,13,13,6,6,1,1,1,canonical_resolved,True
6356,id:6356,LZH,Liuzhou Bailian Airport,Liuzhou,China,13,13,5,5,0,0,1,canonical_resolved,True
979,id:979,MPM,Maputo Airport,Maputo,Mozambique,13,13,6,6,5,5,1,canonical_resolved,True
3863,id:3863,OKC,Will Rogers World Airport,Oklahoma City,United States,13,13,8,8,0,0,1,canonical_resolved,True
2913,id:2913,OSS,Osh Airport,Osh,Kyrgyzstan,13,13,9,9,12,12,1,canonical_resolved,True
1761,id:1761,POP,Gregorio Luperon International Airport,Puerto Plata,Dominican Republic,13,10,12,11,11,10,0.692307692307692,canonical_resolved,True
1203,id:1203,PUY,Pula Airport,Pula,Croatia,13,12,8,8,11,11,0.923076923076923,canonical_resolved,True
916,id:916,RUN,Roland Garros Airport,St.-denis,Reunion,13,13,6,6,13,13,1,canonical_resolved,True
508,id:508,SEN,Southend Airport,Southend,United Kingdom,13,13,1,1,12,12,1,canonical_resolved,True
111,id:111,YQB,Quebec Jean Lesage International Airport,Quebec,Canada,13,13,7,7,2,3,0.846153846153846,canonical_resolved,True
8876,id:8876,YTY,Yangzhou Taizhou Airport,Yangzhou,China,13,13,5,5,0,0,1,canonical_resolved,True
144,id:144,YTZ,Billy Bishop Toronto City Centre Airport,Toronto,Canada,13,13,1,1,5,5,1,canonical_resolved,True
6357,id:6357,ZHA,Zhanjiang Airport,Zhanjiang,China,13,13,9,9,1,1,1,canonical_resolved,True
9846,id:9846,ZYI,Zunyi Xinzhou Airport,Zunyi,China,13,13,6,6,0,0,1,canonical_resolved,True
738,id:738,BMA,Stockholm-Bromma Airport,Stockholm,Sweden,12,12,3,3,1,1,1,canonical_resolved,True
2134,id:2134,BND,Bandar Abbas International Airport,Bandar Abbas,Iran,12,12,5,5,1,1,1,canonical_resolved,True
1676,id:1676,BRN,Bern Belp Airport,Bern,Switzerland,12,12,1,1,12,12,1,canonical_resolved,True
883,id:883,BZV,Maya-Maya Airport,Brazzaville,Congo (Brazzaville),12,11,13,13,11,10,0.916666666666667,canonical_resolved,True
3806,id:3806,CHS,Charleston Air Force Base-International Airport,Charleston,United States,12,11,5,5,0,0,0.916666666666667,canonical_resolved,True
6353,id:6353,DYG,Dayong Airport,Dayong,China,12,12,9,9,1,1,1,canonical_resolved,True
2555,id:2555,FLN,Hercílio Luz International Airport,Florianopolis,Brazil,12,12,6,6,2,2,1,canonical_resolved,True
4034,id:4034,GSP,Greenville Spartanburg International Airport,Greenville,United States,12,12,6,6,0,0,1,canonical_resolved,True
7898,id:7898,HIA,Lianshui Airport,Huai An,China,12,12,4,4,1,1,1,canonical_resolved,True
3589,id:3589,HPN,Westchester County Airport,White Plains,United States,12,12,5,5,0,0,0.916666666666667,canonical_resolved,True
3303,id:3303,JHB,Senai International Airport,Johor Bahru,Malaysia,12,12,6,6,3,3,1,canonical_resolved,True
4119,id:4119,JIB,Djibouti-Ambouli Airport,Djibouti,Djibouti,12,12,11,10,12,12,0.916666666666667,canonical_resolved,True
3898,id:3898,JOG,Adi Sutjipto International Airport,Yogyakarta,Indonesia,12,12,10,10,2,2,1,canonical_resolved,True
3582,id:3582,LGB,Long Beach /Daugherty Field/ Airport,Long Beach,United States,12,12,3,3,0,0,1,canonical_resolved,True
708,id:708,MMX,Malmö Sturup Airport,Malmoe,Sweden,12,12,7,7,8,8,1,canonical_resolved,True
2816,id:2816,MVD,Carrasco International /General C L Berisso Airport,Montevideo,Uruguay,12,12,12,12,12,12,1,canonical_resolved,True
5673,id:5673,NDR,Nador International Airport,El Aroui,Morocco,12,12,5,5,11,11,1,canonical_resolved,True
3321,id:3321,OOL,Gold Coast Airport,Coolangatta,Australia,12,12,8,8,6,6,1,canonical_resolved,True
3611,id:3611,ORF,Norfolk International Airport,Norfolk,United States,12,12,5,5,0,0,1,canonical_resolved,True
1897,id:1897,PAP,Toussaint Louverture International Airport,Port-au-prince,Haiti,12,12,13,13,11,11,0.916666666666667,canonical_resolved,True
2881,id:2881,PTP,Pointe-à-Pitre Le Raizet,Pointe-a-pitre,Guadeloupe,12,13,11,11,11,12,1,canonical_resolved,True
2613,id:2613,RAO,Leite Lopes Airport,Ribeirao Preto,Brazil,12,12,4,4,0,0,1,canonical_resolved,True
2974,id:2974,SGC,Surgut Airport,Surgut,Russia,12,12,9,9,5,5,1,canonical_resolved,True
1646,id:1646,SJJ,Sarajevo International Airport,Sarajevo,Bosnia and Herzegovina,12,12,9,9,11,11,1,canonical_resolved,True
3408,id:3408,SZB,Sultan Abdul Aziz Shah International Airport,Kuala Lumpur,Malaysia,12,12,3,3,4,4,1,canonical_resolved,True
1741,id:1741,TGD,Podgorica Airport,Podgorica,Montenegro,12,12,6,6,12,12,1,canonical_resolved,True
1080,id:1080,TNG,Ibn Batouta Airport,Tanger,Morocco,12,11,5,4,11,10,0.916666666666667,canonical_resolved,True
3855,id:3855,TUL,Tulsa International Airport,Tulsa,United States,12,12,5,5,0,0,1,canonical_resolved,True
3676,id:3676,TYS,McGhee Tyson Airport,Knoxville,United States,12,12,5,6,0,0,1,canonical_resolved,True
2771,id:2771,VVI,Viru Viru International Airport,Santa Cruz,Bolivia,12,11,11,12,8,7,0.916666666666667,canonical_resolved,True
4105,id:4105,WDH,Hosea Kutako International Airport,Windhoek,Namibia,12,12,4,4,10,10,0.916666666666667,canonical_resolved,True
189,id:189,YYT,St. John's International Airport,St. John's,Canada,12,11,6,6,4,4,0.916666666666667,canonical_resolved,True
1488,id:1488,ZTH,"Zakynthos International Airport ""Dionysios Solomos""",Zakynthos,Greece,12,12,12,12,9,9,0.916666666666667,canonical_resolved,True
628,id:628,AAL,Aalborg Airport,Aalborg,Denmark,11,11,6,7,9,9,1,canonical_resolved,True
2059,id:2059,AHB,Abha Regional Airport,Abha,Saudi Arabia,11,10,7,7,5,4,0.909090909090909,canonical_resolved,True
2976,id:2976,ASB,Ashgabat International Airport,Ashkhabad,Turkmenistan,11,11,7,7,11,11,1,canonical_resolved,True
1154,id:1154,BEN,Benina International Airport,Benghazi,Libya,11,11,8,8,9,9,1,canonical_resolved,True
1403,id:1403,BES,Brest Bretagne Airport,Brest,France,11,11,9,9,3,3,1,canonical_resolved,True
1191,id:1191,BOJ,Burgas Airport,Bourgas,Bulgaria,11,11,7,7,9,9,1,canonical_resolved,True
6343,id:6343,CIH,Changzhi Airport,Changzhi,China,11,11,7,7,0,0,1,canonical_resolved,True
1322,id:1322,CLY,Calvi-Sainte-Catherine Airport,Calvi,France,11,11,9,9,5,5,1,canonical_resolved,True
221,id:221,CZL,Mohamed Boudiaf International Airport,Constantine,Algeria,11,11,2,2,6,6,1,canonical_resolved,True
2940,id:2940,DOK,Donetsk International Airport,Donetsk,Ukraine,11,11,10,10,10,10,1,canonical_resolved,True
2878,id:2878,FDF,Martinique Aimé Césaire International Airport,Fort-de-france,Martinique,11,10,11,11,11,10,0.909090909090909,canonical_resolved,True
382,id:382,FDH,Friedrichshafen Airport,Friedrichshafen,Germany,11,11,5,5,7,7,1,canonical_resolved,True
3007,id:3007,GOI,Dabolim Airport,Goa,India,11,11,8,8,5,5,1,canonical_resolved,True
2562,id:2562,GYN,Santa Genoveva Airport,Goiania,Brazil,11,11,5,6,0,0,1,canonical_resolved,True
3492,id:3492,JNU,Juneau International Airport,Juneau,United States,11,11,3,3,0,0,0.909090909090909,canonical_resolved,True
3263,id:3263,KCH,Kuching International Airport,Kuching,Malaysia,11,11,5,5,1,1,1,canonical_resolved,True
3514,id:3514,KOA,Ellison Onizuka Kona International At Keahole Airport,Kona,United States,11,11,8,8,1,1,1,canonical_resolved,True
2307,id:2307,KOJ,Kagoshima Airport,Kagoshima,Japan,11,11,9,9,4,4,1,canonical_resolved,True
3602,id:3602,LIH,Lihue Airport,Lihue,United States,11,11,8,8,1,1,1,canonical_resolved,True
6399,id:6399,LZO,Luzhou Airport,Luzhou,China,11,11,6,6,0,0,1,canonical_resolved,True
2313,id:2313,NGS,Nagasaki Airport,Nagasaki,Japan,11,11,7,7,2,2,1,canonical_resolved,True
4352,id:4352,NSK,Norilsk-Alykel Airport,Norilsk,Russia,11,10,4,4,0,0,0.909090909090909,canonical_resolved,True
2947,id:2947,ODS,Odessa International Airport,Odessa,Ukraine,11,11,10,10,10,10,1,canonical_resolved,True
3615,id:3615,OME,Nome Airport,Nome,United States,11,12,2,2,0,0,0.818181818181818,canonical_resolved,True
3734,id:3734,ONT,Ontario International Airport,Ontario,United States,11,11,7,7,1,1,1,canonical_resolved,True
3693,id:3693,OTZ,Ralph Wien Memorial Airport,Kotzebue,United States,11,12,2,2,0,0,0.909090909090909,canonical_resolved,True
2528,id:2528,PLU,Pampulha - Carlos Drummond de Andrade Airport,Belo Horizonte,Brazil,11,10,3,3,0,0,0.909090909090909,canonical_resolved,True
3839,id:3839,PSP,Palm Springs International Airport,Palm Springs,United States,11,11,9,8,3,3,1,canonical_resolved,True
3641,id:3641,PVD,Theodore Francis Green State Airport,Providence,United States,11,12,7,7,0,0,1,canonical_resolved,True
3807,id:3807,RNO,Reno Tahoe International Airport,Reno,United States,11,11,6,6,0,0,1,canonical_resolved,True
3745,id:3745,SYR,Syracuse Hancock International Airport,Syracuse,United States,11,10,7,6,0,0,0.909090909090909,canonical_resolved,True
1776,id:1776,TGU,Toncontín International Airport,Tegucigalpa,Honduras,11,11,9,9,7,7,1,canonical_resolved,True
1663,id:1663,TSR,Timişoara Traian Vuia Airport,Timisoara,Romania,11,11,2,2,10,10,1,canonical_resolved,True
6393,id:6393,YNZ,Yancheng Airport,Yancheng,China,11,12,5,5,2,2,1,canonical_resolved,True
132,id:132,YRT,Rankin Inlet Airport,Rankin Inlet,Canada,11,10,3,3,0,0,0.909090909090909,canonical_resolved,True
2699,id:2699,ASU,Silvio Pettirossi International Airport,Asuncion,Paraguay,10,10,10,10,9,9,1,canonical_resolved,True
1352,id:1352,CCF,Carcassonne Airport,Carcassonne,France,10,10,1,1,10,10,1,canonical_resolved,True
3069,id:3069,CGP,Shah Amanat International Airport,Chittagong,Bangladesh,10,10,8,8,9,9,0.9,canonical_resolved,True
2538,id:2538,CGR,Campo Grande Airport,Campo Grande,Brazil,10,10,5,5,0,0,1,canonical_resolved,True
6342,id:6342,CIF,Chifeng Airport,Chifeng,China,10,10,6,6,0,0,1,canonical_resolved,True
3729,id:3729,DSM,Des Moines International Airport,Des Moines,United States,10,10,7,7,0,0,1,canonical_resolved,True
1059,id:1059,FNA,Lungi International Airport,Freetown,Sierra Leone,10,10,8,8,10,10,0.9,canonical_resolved,True
6173,id:6173,GAU,Lokpriya Gopinath Bordoloi International Airport,Guwahati,India,10,11,5,5,2,2,1,canonical_resolved,True
645,id:645,HAU,Haugesund Airport,Haugesund,Norway,10,10,5,5,8,8,1,canonical_resolved,True
1005,id:1005,HRE,Robert Gabriel Mugabe International Airport,Harare,Zimbabwe,10,13,10,10,8,11,1,canonical_resolved,True
1479,id:1479,JTR,Santorini Airport,Thira,Greece,10,9,10,11,8,7,0.8,canonical_resolved,True
2952,id:2952,KGD,Khrabrovo Airport,Kaliningrad,Russia,10,10,11,11,5,5,1,canonical_resolved,True
6379,id:6379,KOW,Ganzhou Airport,Ganzhou,China,10,10,6,6,0,0,1,canonical_resolved,True
1270,id:1270,LIG,Limoges Airport,Limoges,France,10,10,4,4,6,6,1,canonical_resolved,True
8401,id:8401,LOP,Lombok International Airport,Praya,Indonesia,10,10,6,6,3,3,1,canonical_resolved,True
286,id:286,MIR,Monastir Habib Bourguiba International Airport,Monastir,Tunisia,10,10,5,5,9,9,1,canonical_resolved,True
582,id:582,MST,Maastricht Aachen Airport,Maastricht,Netherlands,10,9,2,2,10,8,0.8,canonical_resolved,True
2597,id:2597,NAT,Governador Aluízio Alves International Airport,Natal,Brazil,10,9,5,5,1,1,0.9,canonical_resolved,True
4364,id:4364,NUX,Novy Urengoy Airport,Novy Urengoy,Russia,10,10,10,10,0,0,1,canonical_resolved,True
6954,id:6954,NZH,Manzhouli Xijiao Airport,Manzhouli,China,10,10,6,6,6,6,1,canonical_resolved,True
3454,id:3454,OMA,Eppley Airfield,Omaha,United States,10,10,6,6,0,0,1,canonical_resolved,True
1214,id:1214,OVD,Asturias Airport,Aviles,Spain,10,10,5,5,2,2,1,canonical_resolved,True
3017,id:3017,PNQ,Pune Airport,Pune,India,10,10,6,6,1,1,1,canonical_resolved,True
3622,id:3622,ROC,Greater Rochester International Airport,Rochester,United States,10,9,6,6,0,0,0.9,canonical_resolved,True
1774,id:1774,RTB,Juan Manuel Galvez International Airport,Roatan,Honduras,10,9,9,8,7,6,0.9,canonical_resolved,True
675,id:675,RZE,Rzeszów-Jasionka Airport,Rzeszow,Poland,10,10,3,3,10,10,1,canonical_resolved,True
5908,id:5908,SON,Santo Pekoa International Airport,Santo,Vanuatu,10,10,1,1,1,1,1,canonical_resolved,True
2162,id:2162,TBZ,Tabriz International Airport,Tabriz,Iran,10,10,7,7,4,4,0.9,canonical_resolved,True
3636,id:3636,TUS,Tucson International Airport,Tucson,United States,10,10,5,5,0,0,1,canonical_resolved,True
3177,id:3177,USM,Samui Airport,Ko Samui,Thailand,10,10,5,5,5,5,1,canonical_resolved,True
2938,id:2938,UUD,Ulan-Ude Airport (Mukhino),Ulan-ude,Russia,10,9,6,6,2,2,0.9,canonical_resolved,True
2894,id:2894,UVF,Hewanorra International Airport,Hewandorra,Saint Lucia,10,10,9,9,10,10,1,canonical_resolved,True
2967,id:2967,VOG,Volgograd International Airport,Volgograd,Russia,10,10,6,6,5,5,1,canonical_resolved,True
1147,id:1147,WIL,Nairobi Wilson Airport,Nairobi,Kenya,10,11,3,3,1,1,1,canonical_resolved,True
154,id:154,YVP,Kuujjuaq Airport,Quujjuaq,Canada,10,9,2,2,0,0,0.9,canonical_resolved,True
161,id:161,YWK,Wabush Airport,Wabush,Canada,10,9,4,4,0,0,0.8,canonical_resolved,True
202,id:202,YZV,Sept-Îles Airport,Sept-iles,Canada,10,10,5,5,0,0,1,canonical_resolved,True
1685,id:1685,ADA,Adana Airport,Adana,Turkey,9,9,7,7,3,3,1,canonical_resolved,True
630,id:630,AES,Ålesund Airport,Alesund,Norway,9,9,5,5,6,6,1,canonical_resolved,True
3599,id:3599,BET,Bethel Airport,Bethel,United States,9,8,4,4,0,0,0.444444444444444,canonical_resolved,True
4021,id:4021,BIL,Billings Logan International Airport,Billings,United States,9,9,4,4,0,0,1,canonical_resolved,True
3644,id:3644,BUR,Bob Hope Airport,Burbank,United States,9,9,4,4,0,0,1,canonical_resolved,True
1360,id:1360,BZR,Béziers-Vias Airport,Beziers,France,9,9,1,1,8,8,1,canonical_resolved,True
1800,id:1800,CZM,Cozumel International Airport,Cozumel,Mexico,9,9,8,8,7,7,1,canonical_resolved,True
4090,id:4090,DVO,Francisco Bangoy International Airport,Davao,Philippines,9,9,4,4,1,1,1,canonical_resolved,True
1265,id:1265,EGC,Bergerac-Roumanière Airport,Bergerac,France,9,9,4,4,8,8,1,canonical_resolved,True
6156,id:6156,EGO,Belgorod International Airport,Belgorod,Russia,9,9,7,7,1,1,1,canonical_resolved,True
3559,id:3559,ELP,El Paso International Airport,El Paso,United States,9,9,4,4,0,0,1,canonical_resolved,True
2067,id:2067,ELQ,Gassim Airport,Gassim,Saudi Arabia,9,10,9,9,5,6,1,canonical_resolved,True
341,id:341,FMO,Münster Osnabrück Airport,Munster,Germany,9,9,3,3,7,7,1,canonical_resolved,True
1948,id:1948,FPO,Grand Bahama International Airport,Freeport,Bahamas,9,9,5,5,8,8,1,canonical_resolved,True
1323,id:1323,FSC,Figari Sud-Corse Airport,Figari,France,9,9,6,5,2,2,1,canonical_resolved,True
7503,id:7503,FUG,Fuyang Xiguan Airport,Fuyang,China,9,9,5,5,0,0,1,canonical_resolved,True
2326,id:2326,HIJ,Hiroshima Airport,Hiroshima,Japan,9,9,8,8,4,4,1,canonical_resolved,True
3366,id:3366,HLD,Dongshan Airport,Hailar,China,9,9,10,10,2,2,1,canonical_resolved,True
2935,id:2935,HTA,Chita-Kadala Airport,Chita,Russia,9,9,8,8,2,2,1,canonical_resolved,True
3381,id:3381,JHG,Xishuangbanna Gasa Airport,Jinghonggasa,China,9,9,11,11,1,1,1,canonical_resolved,True
1468,id:1468,JMK,Mikonos Airport,Mykonos,Greece,9,10,9,9,7,9,0.888888888888889,canonical_resolved,True
6944,id:6944,JNG,Jining Qufu Airport,Jining,China,9,9,5,5,0,0,1,canonical_resolved,True
1180,id:1180,JRO,Kilimanjaro International Airport,Kilimanjaro,Tanzania,9,11,10,10,6,8,1,canonical_resolved,True
2322,id:2322,KMQ,Komatsu Airport,Kanazawa,Japan,9,9,8,8,3,3,1,canonical_resolved,True
4,id:4,LAE,Nadzab Airport,Nadzab,Papua New Guinea,9,9,2,2,0,0,1,canonical_resolved,True
298,id:298,LFW,Lomé-Tokoin Airport,Lome,Togo,9,8,6,6,9,8,0.666666666666667,canonical_resolved,True
3105,id:3105,LKO,Chaudhary Charan Singh International Airport,Lucknow,India,9,9,8,8,4,4,1,canonical_resolved,True
4148,id:4148,LYA,Luoyang Airport,Luoyang,China,9,9,4,4,0,0,1,canonical_resolved,True
1145,id:1145,MBA,Mombasa Moi International Airport,Mombasa,Kenya,9,8,7,7,8,7,0.888888888888889,canonical_resolved,True
3542,id:3542,MDT,Harrisburg International Airport,Harrisburg,United States,9,9,7,6,0,0,1,canonical_resolved,True
4011,id:4011,MHT,Manchester-Boston Regional Airport,Manchester NH,United States,9,7,4,3,0,0,0.777777777777778,canonical_resolved,True
2972,id:2972,NJC,Nizhnevartovsk Airport,Nizhnevartovsk,Russia,9,9,7,8,1,1,1,canonical_resolved,True
7490,id:7490,NJF,Al Najaf International Airport,Najaf,Iraq,9,8,11,10,9,8,0.888888888888889,canonical_resolved,True
1094,id:1094,NKC,Nouakchott–Oumtounsy International Airport,Nouakschott,Mauritania,9,9,7,6,7,7,1,canonical_resolved,True
6150,id:6150,NMA,Namangan Airport,Namangan,Uzbekistan,9,9,4,4,8,8,1,canonical_resolved,True
2005,id:2005,NOU,La Tontouta International Airport,Noumea,New Caledonia,9,9,4,3,9,9,1,canonical_resolved,True
1070,id:1070,OUD,Angads Airport,Oujda,Morocco,9,9,3,3,8,8,1,canonical_resolved,True
886,id:886,PNR,Pointe Noire Airport,Pointe-noire,Congo (Brazzaville),9,9,9,9,8,8,1,canonical_resolved,True
3564,id:3564,PNS,Pensacola Regional Airport,Pensacola,United States,9,8,5,5,0,0,0.888888888888889,canonical_resolved,True
1505,id:1505,PSR,Pescara International Airport,Pescara,Italy,9,9,2,2,6,6,1,canonical_resolved,True
1470,id:1470,PVK,Aktion National Airport,Preveza,Greece,9,9,6,6,6,6,1,canonical_resolved,True
1959,id:1959,RAR,Rarotonga International Airport,Avarua,Cook Islands,9,9,3,3,4,4,1,canonical_resolved,True
1072,id:1072,RBA,Rabat-Salé Airport,Rabat,Morocco,9,9,4,4,8,8,1,canonical_resolved,True
3974,id:3974,RIY,Mukalla International Airport,Mukalla,Yemen,9,8,2,2,6,5,0.888888888888889,canonical_resolved,True
1415,id:1415,RNS,Rennes-Saint-Jacques Airport,Rennes,France,9,9,5,5,3,3,1,canonical_resolved,True
6776,id:6776,SKT,Sialkot Airport,Sialkot,Pakistan,9,9,6,6,8,8,1,canonical_resolved,True
3901,id:3901,SRG,Achmad Yani Airport,Semarang,Indonesia,9,9,7,7,2,2,1,canonical_resolved,True
2090,id:2090,TIF,Ta’if Regional Airport,Taif,Saudi Arabia,9,9,9,9,6,6,1,canonical_resolved,True
1850,id:1850,TLC,Licenciado Adolfo Lopez Mateos International Airport,Toluca,Mexico,9,10,3,3,3,3,1,canonical_resolved,True
458,id:458,TMP,Tampere-Pirkkala Airport,Tampere,Finland,9,9,2,2,9,9,1,canonical_resolved,True
1545,id:1545,TRS,Trieste–Friuli Venezia Giulia Airport,Ronchi De Legionari,Italy,9,9,2,2,4,4,1,canonical_resolved,True
2633,id:2633,UDI,Ten. Cel. Aviador César Bombonato Airport,Uberlandia,Brazil,9,9,5,5,0,0,1,canonical_resolved,True
2933,id:2933,UUS,Yuzhno-Sakhalinsk Airport,Yuzhno-sakhalinsk,Russia,9,9,5,5,4,4,1,canonical_resolved,True
2638,id:2638,VIX,Eurico de Aguiar Salles Airport,Vitoria,Brazil,9,9,4,4,0,0,1,canonical_resolved,True
6391,id:6391,WUS,Nanping Wuyishan Airport,Wuyishan,China,9,9,3,3,1,1,1,canonical_resolved,True
6360,id:6360,XFN,Xiangyang Liuji Airport,Xiangfan,China,9,9,8,8,0,0,1,canonical_resolved,True
55,id:55,YFB,Iqaluit Airport,Iqaluit,Canada,9,9,2,2,0,0,1,canonical_resolved,True
87,id:87,YLW,Kelowna International Airport,Kelowna,Canada,9,9,5,5,0,0,1,canonical_resolved,True
121,id:121,YQT,Thunder Bay Airport,Thunder Bay,Canada,9,11,4,4,0,0,0.777777777777778,canonical_resolved,True
188,id:188,YYR,Goose Bay Airport,Goose Bay,Canada,9,9,2,2,0,0,1,canonical_resolved,True
3524,id:3524,ACY,Atlantic City International Airport,Atlantic City,United States,8,8,1,1,0,0,1,canonical_resolved,True
2522,id:2522,AJU,Santa Maria Airport,Aracaju,Brazil,8,8,4,4,0,0,1,canonical_resolved,True
4309,id:4309,AOI,Ancona Falconara Airport,Ancona,Italy,8,9,3,4,5,5,1,canonical_resolved,True
4069,id:4069,BDA,L.F. Wade International International Airport,Bermuda,Bermuda,8,8,8,8,8,8,1,canonical_resolved,True
3896,id:3896,BDO,Husein Sastranegara International Airport,Bandung,Indonesia,8,8,7,7,3,3,1,canonical_resolved,True
1815,id:1815,BJX,Del Bajío International Airport,Del Bajio,Mexico,8,8,6,6,4,4,1,canonical_resolved,True
514,id:514,BLK,Blackpool International Airport,Blackpool,United Kingdom,8,8,2,2,8,8,1,canonical_resolved,True
4319,id:4319,BME,Broome International Airport,Broome,Australia,8,7,3,3,0,0,0.875,canonical_resolved,True
4112,id:4112,CAK,Akron Canton Regional Airport,Akron,United States,8,9,5,5,0,0,1,canonical_resolved,True
6352,id:6352,CGD,Changde Airport,Changde,China,8,8,3,3,0,0,1,canonical_resolved,True
2009,id:2009,CHC,Christchurch International Airport,Christchurch,New Zealand,8,9,6,7,5,6,1,canonical_resolved,True
2914,id:2914,CIT,Shymkent Airport,Chimkent,Kazakhstan,8,8,6,6,5,5,0.875,canonical_resolved,True
9327,id:9327,CIY,Comiso Airport,Comiso,Italy,8,8,2,2,5,5,1,canonical_resolved,True
2443,id:2443,COR,Ingeniero Ambrosio Taravella Airport,Cordoba,Argentina,8,8,5,5,3,3,1,canonical_resolved,True
4140,id:4140,CRK,Diosdado Macapagal International Airport,Angeles City,Philippines,8,8,7,7,6,6,1,canonical_resolved,True
3244,id:3244,DJJ,Sentani International Airport,Jayapura,Indonesia,8,8,5,5,0,0,1,canonical_resolved,True
2877,id:2877,DOM,Douglas-Charles Airport,Dominica,Dominica,8,8,7,7,8,8,0.875,canonical_resolved,True
5562,id:5562,DSA,Robin Hood Doncaster Sheffield Airport,"Doncaster, Sheffield",United Kingdom,8,8,4,4,8,8,1,canonical_resolved,True
5780,id:5780,ECN,Ercan International Airport,Nicosia,Cyprus,8,8,4,4,8,8,1,canonical_resolved,True
3875,id:3875,EYW,Key West International Airport,Key West,United States,8,8,4,4,0,0,1,canonical_resolved,True
881,id:881,GBE,Sir Seretse Khama International Airport,Gaberone,Botswana,8,8,2,2,5,5,1,canonical_resolved,True
2001,id:2001,GEA,Nouméa Magenta Airport,Noumea,New Caledonia,8,9,1,1,0,0,1,canonical_resolved,True
3467,id:3467,GEG,Spokane International Airport,Spokane,United States,8,8,7,7,0,0,1,canonical_resolved,True
2882,id:2882,GND,Point Salines International Airport,Point Salines,Grenada,8,8,9,9,8,8,1,canonical_resolved,True
8,id:8,GOH,Godthaab / Nuuk Airport,Godthaab,Greenland,8,8,2,2,2,2,1,canonical_resolved,True
4008,id:4008,GSO,Piedmont Triad International Airport,Greensboro,United States,8,8,6,6,0,0,1,canonical_resolved,True
3,id:3,HGU,Mount Hagen Kagamuga Airport,Mount Hagen,Papua New Guinea,8,9,2,2,0,0,1,canonical_resolved,True
6138,id:6138,HMA,Khanty Mansiysk Airport,Khanty-Mansiysk,Russia,8,8,3,3,1,1,1,canonical_resolved,True
1807,id:1807,HMO,General Ignacio P. Garcia International Airport,Hermosillo,Mexico,8,8,5,5,2,2,1,canonical_resolved,True
1910,id:1910,HOG,Frank Pais International Airport,Holguin,Cuba,8,5,7,6,7,4,0.5,canonical_resolved,True
6105,id:6105,HRK,Kharkiv International Airport,Kharkov,Ukraine,8,7,7,7,7,6,0.875,canonical_resolved,True
2429,id:2429,ILO,Iloilo International Airport,Iloilo,Philippines,8,8,3,3,2,2,1,canonical_resolved,True
520,id:520,IOM,Isle of Man Airport,Isle Of Man,Isle of Man,8,8,3,3,8,8,1,canonical_resolved,True
3324,id:3324,ISA,Mount Isa Airport,Mount Isa,Australia,8,8,4,4,0,0,1,canonical_resolved,True
3857,id:3857,ISP,Long Island Mac Arthur Airport,Islip,United States,8,8,5,5,0,0,1,canonical_resolved,True
5952,id:5952,ISU,Sulaymaniyah International Airport,Sulaymaniyah,Iraq,8,8,7,7,8,8,1,canonical_resolved,True
3098,id:3098,JAI,Jaipur International Airport,Jaipur,India,8,8,9,9,3,3,1,canonical_resolved,True
6380,id:6380,JDZ,Jingdezhen Airport,Jingdezhen,China,8,8,3,3,0,0,1,canonical_resolved,True
4381,id:4381,KIJ,Niigata Airport,Niigata,Japan,8,8,6,6,3,3,1,canonical_resolved,True
2430,id:2430,KLO,Kalibo International Airport,Kalibo,Philippines,8,8,8,8,5,5,1,canonical_resolved,True
3972,id:3972,KUT,Kopitnari Airport,Kutaisi,Georgia,8,8,4,4,7,8,0.875,canonical_resolved,True
4017,id:4017,LEX,Blue Grass Airport,Lexington KY,United States,8,8,4,5,0,0,0.875,canonical_resolved,True
6493,id:6493,LRH,La Rochelle-Île de Ré Airport,La Rochelle,France,8,8,3,3,6,6,1,canonical_resolved,True
1759,id:1759,LRM,Casa De Campo International Airport,La Romana,Dominican Republic,8,8,8,8,8,7,0.875,canonical_resolved,True
2584,id:2584,MAB,João Correa da Rocha Airport,Maraba,Brazil,8,4,4,4,0,0,0.5,canonical_resolved,True
2848,id:2848,MAR,La Chinita International Airport,Maracaibo,Venezuela,8,8,9,9,4,4,1,canonical_resolved,True
3222,id:3222,MDL,Mandalay International Airport,Mandalay,Burma,8,8,6,6,3,3,1,canonical_resolved,True
1863,id:1863,MGA,Augusto C. Sandino (Managua) International Airport,Managua,Nicaragua,8,8,9,9,8,8,1,canonical_resolved,True
2586,id:2586,MGF,Regional de Maringá - Sílvio Nane Junior Airport,Maringa,Brazil,8,8,2,2,0,0,1,canonical_resolved,True
1819,id:1819,MID,Licenciado Manuel Crescencio Rejon Int Airport,Merida,Mexico,8,8,8,8,3,3,1,canonical_resolved,True
1469,id:1469,MJT,Mytilene International Airport,Mytilini,Greece,8,7,5,5,3,2,0.75,canonical_resolved,True
2214,id:2214,MUX,Multan International Airport,Multan,Pakistan,8,8,4,4,4,4,1,canonical_resolved,True
3266,id:3266,MYY,Miri Airport,Miri,Malaysia,8,8,3,3,2,2,1,canonical_resolved,True
3015,id:3015,NAG,Dr. Babasaheb Ambedkar International Airport,Nagpur,India,8,7,4,4,1,1,0.875,canonical_resolved,True
3289,id:3289,PLM,Sultan Mahmud Badaruddin II Airport,Palembang,Indonesia,8,7,7,7,2,2,0.875,canonical_resolved,True
994,id:994,SEZ,Seychelles International Airport,Mahe,Seychelles,8,8,8,8,7,7,1,canonical_resolved,True
6137,id:6137,SLY,Salekhard Airport,Salekhard,Russia,8,8,2,2,0,0,1,canonical_resolved,True
2616,id:2616,SLZ,Marechal Cunha Machado International Airport,Sao Luis,Brazil,8,8,3,3,0,0,1,canonical_resolved,True
2244,id:2244,SPN,Saipan International Airport,Saipan,Northern Mariana Islands,8,7,4,4,8,7,0.875,canonical_resolved,True
891,id:891,SSG,Malabo Airport,Malabo,Equatorial Guinea,8,9,7,7,7,8,1,canonical_resolved,True
1764,id:1764,STI,Cibao International Airport,Santiago,Dominican Republic,8,8,8,7,8,8,1,canonical_resolved,True
1629,id:1629,TER,Lajes Airport,Lajes (terceira Island),Portugal,8,8,3,3,0,0,1,canonical_resolved,True
6348,id:6348,TGO,Tongliao Airport,Tongliao,China,8,8,6,6,0,0,1,canonical_resolved,True
2221,id:2221,UET,Quetta International Airport,Quetta,Pakistan,8,8,3,3,2,2,1,canonical_resolved,True
3943,id:3943,UKB,Kobe Airport,Kobe,Japan,8,8,3,3,0,0,1,canonical_resolved,True
1196,id:1196,VAR,Varna Airport,Varna,Bulgaria,8,8,6,6,6,6,1,canonical_resolved,True
1854,id:1854,VER,General Heriberto Jara International Airport,Vera Cruz,Mexico,8,8,6,6,0,0,1,canonical_resolved,True
1923,id:1923,VRA,Juan Gualberto Gomez International Airport,Varadero,Cuba,8,8,8,8,8,7,0.75,canonical_resolved,True
6403,id:6403,WXN,Wanxian Airport,Wanxian,China,8,8,4,4,0,0,1,canonical_resolved,True
172,id:172,YXS,Prince George Airport,Prince George,Canada,8,8,2,2,0,0,1,canonical_resolved,True
1252,id:1252,ZAZ,Zaragoza Air Base,Zaragoza,Spain,8,8,3,3,6,6,1,canonical_resolved,True
220,id:220,AAE,Rabah Bitat Airport,Annaba,Algeria,7,7,2,2,5,5,1,canonical_resolved,True
632,id:632,ALF,Alta Airport,Alta,Norway,7,6,3,3,0,0,0.714285714285714,canonical_resolved,True
984,id:984,APL,Nampula Airport,Nampula,Mozambique,7,7,2,2,2,2,1,canonical_resolved,True
6427,id:6427,AQG,Anqing Tianzhushan Airport,Anqing,China,7,7,4,4,0,0,1,canonical_resolved,True
2966,id:2966,ASF,Astrakhan Airport,Astrakhan,Russia,7,7,6,6,2,2,1,canonical_resolved,True
3967,id:3967,ASM,Asmara International Airport,Asmara,Eritrea,7,8,3,3,7,7,0.857142857142857,canonical_resolved,True
3908,id:3908,BDJ,Syamsudin Noor Airport,Banjarmasin,Indonesia,7,7,5,5,0,0,1,canonical_resolved,True
9025,id:9025,BFJ,Bijie Feixiong Airport,Bijie,China,7,7,4,4,0,0,1,canonical_resolved,True
3777,id:3777,BLI,Bellingham International Airport,Bellingham,United States,7,7,2,2,0,0,1,canonical_resolved,True
1989,id:1989,BOB,Bora Bora Airport,Bora Bora,French Polynesia,7,5,1,1,0,0,0.714285714285714,canonical_resolved,True
3495,id:3495,BOI,Boise Air Terminal/Gowen Field,Boise,United States,7,7,6,6,0,0,1,canonical_resolved,True
2234,id:2234,BSR,Basrah International Airport,Basrah,Iraq,7,7,8,8,7,7,1,canonical_resolved,True
6111,id:6111,CEE,Cherepovets Airport,Cherepovets,Russia,7,7,1,1,1,1,1,canonical_resolved,True
4162,id:4162,CKY,Conakry International Airport,Conakry,Guinea,7,7,9,9,7,7,1,canonical_resolved,True
2714,id:2714,CTG,Rafael Nuñez International Airport,Cartagena,Colombia,7,7,5,5,4,4,1,canonical_resolved,True
1792,id:1792,CUL,Bachigualato Federal International Airport,Culiacan,Mexico,7,7,5,5,0,0,1,canonical_resolved,True
6344,id:6344,DAT,Datong Airport,Datong,China,7,7,7,7,0,0,1,canonical_resolved,True
915,id:915,DZA,Dzaoudzi Pamandzi International Airport,Dzaoudzi,Mayotte,7,10,6,6,7,10,1,canonical_resolved,True
641,id:641,EVE,"Harstad/Narvik Airport, Evenes",Harstad/Narvik,Norway,7,7,4,4,1,1,1,canonical_resolved,True
4009,id:4009,FSD,Joe Foss Field Airport,Sioux Falls,United States,7,7,4,4,0,0,1,canonical_resolved,True
4304,id:4304,GEO,Cheddi Jagan International Airport,Georgetown,Guyana,7,7,4,4,7,7,1,canonical_resolved,True
1609,id:1609,GRZ,Graz Airport,Graz,Austria,7,7,5,5,7,7,1,canonical_resolved,True
4357,id:4357,GUW,Atyrau Airport,Atyrau,Kazakhstan,7,7,4,4,3,3,1,canonical_resolved,True
912,id:912,HAH,Prince Said Ibrahim International Airport,Moroni,Comoros,7,6,7,7,7,6,0.857142857142857,canonical_resolved,True
4325,id:4325,HFT,Hammerfest Airport,Hammerfest,Norway,7,9,1,1,0,0,1,canonical_resolved,True
6395,id:6395,HSN,Zhoushan Airport,Zhoushan,China,7,7,5,5,0,0,1,canonical_resolved,True
7453,id:7453,HTY,Hatay Airport,Hatay,Turkey,7,7,3,3,4,4,1,canonical_resolved,True
6384,id:6384,HYN,Huangyan Luqiao Airport,Huangyan,China,7,7,5,5,0,0,1,canonical_resolved,True
3457,id:3457,ICT,Wichita Eisenhower National Airport,Wichita,United States,7,7,6,6,0,0,1,canonical_resolved,True
2554,id:2554,IGU,Cataratas International Airport,Foz Do Iguacu,Brazil,7,7,4,4,1,1,1,canonical_resolved,True
533,id:533,INV,Inverness Airport,Inverness,United Kingdom,7,7,2,2,1,1,1,canonical_resolved,True
2569,id:2569,IOS,Bahia - Jorge Amado Airport,Ilheus,Brazil,7,7,4,4,0,0,1,canonical_resolved,True
2387,id:2387,ISG,New Ishigaki Airport,Ishigaki,Japan,7,7,6,6,1,1,1,canonical_resolved,True
3143,id:3143,IXE,Mangalore International Airport,Mangalore,India,7,8,4,4,5,5,0.714285714285714,canonical_resolved,True
3580,id:3580,JAN,Jackson-Medgar Wiley Evers International Airport,Jackson,United States,7,7,3,3,0,0,1,canonical_resolved,True
6411,id:6411,JMU,Jiamusi Airport,Jiamusi,China,7,7,7,7,1,1,1,canonical_resolved,True
1173,id:1173,JUB,Juba International Airport,Juba,South Sudan,7,8,9,9,7,8,1,canonical_resolved,True
270,id:270,KAN,Mallam Aminu International Airport,Kano,Nigeria,7,7,6,6,5,5,0.857142857142857,canonical_resolved,True
3298,id:3298,KBR,Sultan Ismail Petra Airport,Kota Bahru,Malaysia,7,7,4,4,1,1,1,canonical_resolved,True
2109,id:2109,KIH,Kish International Airport,Kish Island,Iran,7,8,5,5,2,2,1,canonical_resolved,True
1456,id:1456,KLX,Kalamata Airport,Kalamata,Greece,7,7,7,7,6,5,0.857142857142857,canonical_resolved,True
638,id:638,KRS,Kristiansand Airport,Kristiansand,Norway,7,7,4,4,3,3,1,canonical_resolved,True
3808,id:3808,KTN,Ketchikan International Airport,Ketchikan,United States,7,7,5,5,0,0,1,canonical_resolved,True
1771,id:1771,LCE,Goloson International Airport,La Ceiba,Honduras,7,6,2,2,1,1,0.857142857142857,canonical_resolved,True
2581,id:2581,LDB,Governador José Richa Airport,Londrina,Brazil,7,7,3,3,0,0,1,canonical_resolved,True
309,id:309,LGG,Liège Airport,Liege,Belgium,7,6,3,3,7,5,0.714285714285714,canonical_resolved,True
3115,id:3115,LPQ,Luang Phabang International Airport,Luang Prabang,Laos,7,7,4,4,5,5,1,canonical_resolved,True
1132,id:1132,LXR,Luxor International Airport,Luxor,Egypt,7,7,5,5,6,6,1,canonical_resolved,True
2,id:2,MAG,Madang Airport,Madang,Papua New Guinea,7,7,2,2,0,0,1,canonical_resolved,True
2590,id:2590,MCZ,Zumbi dos Palmares Airport,Maceio,Brazil,7,7,4,4,0,0,1,canonical_resolved,True
5687,id:5687,MGQ,Aden Adde International Airport,Mogadishu,Somalia,7,8,7,8,4,5,1,canonical_resolved,True
6969,id:6969,NBC,Begishevo Airport,Nizhnekamsk,Russia,7,7,4,4,3,3,1,canonical_resolved,True
6359,id:6359,NNY,Nanyang Jiangying Airport,Nanyang,China,7,7,2,2,0,0,1,canonical_resolved,True
6143,id:6143,NYM,Nadym Airport,Nadym,Russia,7,7,3,3,0,0,1,canonical_resolved,True
2327,id:2327,OKJ,Okayama Airport,Okayama,Japan,7,7,8,8,4,4,1,canonical_resolved,True
371,id:371,PAD,Paderborn Lippstadt Airport,Paderborn,Germany,7,7,3,3,7,7,1,canonical_resolved,True
2773,id:2773,PBM,Johan Adolf Pengel International Airport,Zandery,Suriname,7,7,4,4,7,7,1,canonical_resolved,True
3273,id:3273,PKU,Sultan Syarif Kasim Ii (Simpang Tiga) Airport,Pekanbaru,Indonesia,7,7,10,10,3,3,1,canonical_resolved,True
5435,id:5435,RAB,Tokua Airport,Tokua,Papua New Guinea,7,7,2,2,1,1,1,canonical_resolved,True
2123,id:2123,RAS,Sardar-e-Jangal Airport,Rasht,Iran,7,7,4,4,1,1,0.857142857142857,canonical_resolved,True
1205,id:1205,RJK,Rijeka Airport,Rijeka,Croatia,7,7,3,3,5,5,0.857142857142857,canonical_resolved,True
6460,id:6460,SBH,Gustaf III Airport,Gustavia,France,7,6,5,5,7,6,0.857142857142857,canonical_resolved,True
9,id:9,SFJ,Kangerlussuaq Airport,Sondrestrom,Greenland,7,7,1,1,1,1,1,canonical_resolved,True
1476,id:1476,SMI,Samos Airport,Samos,Greece,7,8,5,5,4,5,1,canonical_resolved,True
676,id:676,SZZ,"Szczecin-Goleniów ""Solidarność"" Airport",Szczecin,Poland,7,7,4,4,6,6,1,canonical_resolved,True
2769,id:2769,TDD,Teniente Av. Jorge Henrich Arauz Airport,Trinidad,Bolivia,7,7,2,2,0,0,1,canonical_resolved,True
2089,id:2089,TUU,Tabuk Airport,Tabuk,Saudi Arabia,7,7,5,5,2,2,1,canonical_resolved,True
6368,id:6368,UYN,Yulin Yuyang Airport,Yulin,China,7,7,8,8,0,0,1,canonical_resolved,True
4328,id:4328,VDS,Vadsø Airport,Vadsø,Norway,7,7,1,1,0,0,0.857142857142857,canonical_resolved,True
1853,id:1853,VSA,Carlos Rovirosa Pérez International Airport,Villahermosa,Mexico,7,7,5,6,0,0,1,canonical_resolved,True
6388,id:6388,WEF,Weifang Airport,Weifang,China,7,7,1,1,0,0,1,canonical_resolved,True
4356,id:4356,XNA,Northwest Arkansas Regional Airport,Bentonville,United States,7,7,5,5,0,0,1,canonical_resolved,True
4110,id:4110,YBP,Yibin Caiba Airport,Yibin,China,7,7,4,4,0,0,1,canonical_resolved,True
54,id:54,YEV,Inuvik Mike Zubko Airport,Inuvik,Canada,7,7,4,4,0,0,1,canonical_resolved,True
5496,id:5496,YGW,Kuujjuarapik Airport,Kuujjuarapik,Canada,7,7,2,2,0,0,0.857142857142857,canonical_resolved,True
2096,id:2096,YNB,Prince Abdulmohsin Bin Abdulaziz Airport,Yenbo,Saudi Arabia,7,8,8,8,4,5,1,canonical_resolved,True
2167,id:2167,ZAH,Zahedan International Airport,Zahedan,Iran,7,7,3,3,1,1,1,canonical_resolved,True
1186,id:1186,ZNZ,Abeid Amani Karume International Airport,Zanzibar,Tanzania,7,7,6,6,5,4,0.714285714285714,canonical_resolved,True
4355,id:4355,ABE,Lehigh Valley International Airport,Allentown,United States,6,6,3,3,0,0,1,canonical_resolved,True
3081,id:3081,ATQ,Sri Guru Ram Dass Jee International Airport,Amritsar,India,6,6,6,6,3,3,1,canonical_resolved,True
4007,id:4007,AVL,Asheville Regional Airport,Asheville,United States,6,6,4,3,0,0,1,canonical_resolved,True
234,id:234,AZR,Touat Cheikh Sidi Mohamed Belkebir Airport,Adrar,Algeria,6,5,1,1,0,0,0.833333333333333,canonical_resolved,True
3042,id:3042,BBI,Biju Patnaik Airport,Bhubaneswar,India,6,5,2,2,0,0,0.833333333333333,canonical_resolved,True
1122,id:1122,BBO,Berbera Airport,Berbera,Somalia,6,5,2,2,4,2,0.666666666666667,canonical_resolved,True
974,id:974,BEW,Beira Airport,Beira,Mozambique,6,6,1,1,1,1,1,canonical_resolved,True
1050,id:1050,BJL,Banjul International Airport,Banjul,Gambia,6,6,5,5,6,6,1,canonical_resolved,True
2821,id:2821,BLA,General José Antonio Anzoategui International Airport,Barcelona,Venezuela,6,6,4,4,2,2,1,canonical_resolved,True
2896,id:2896,BON,Flamingo International Airport,Kralendijk,Netherlands Antilles,6,6,7,6,5,5,1,canonical_resolved,True
4209,id:4209,BPS,Porto Seguro Airport,Porto Seguro,Brazil,6,6,3,3,0,0,1,canonical_resolved,True
2513,id:2513,BRC,San Carlos De Bariloche Airport,San Carlos De Bariloche,Argentina,6,6,3,3,0,0,0.833333333333333,canonical_resolved,True
3711,id:3711,BTV,Burlington International Airport,Burlington,United States,6,6,6,6,0,0,1,canonical_resolved,True
1103,id:1103,BVC,Rabil Airport,Boa Vista,Cape Verde,6,13,7,7,4,11,1,canonical_resolved,True
2759,id:2759,CBB,Jorge Wilsterman International Airport,Cochabamba,Bolivia,6,7,3,3,0,1,1,canonical_resolved,True
1330,id:1330,CFE,Clermont-Ferrand Auvergne Airport,Clermont-Ferrand,France,6,6,3,3,2,2,1,canonical_resolved,True
4043,id:4043,CID,The Eastern Iowa Airport,Cedar Rapids,United States,6,7,2,3,0,0,1,canonical_resolved,True
3135,id:3135,CJB,Coimbatore International Airport,Coimbatore,India,6,6,5,5,2,2,1,canonical_resolved,True
4145,id:4145,DOY,Dongying Shengli Airport,Dongying,China,6,6,3,3,0,0,1,canonical_resolved,True
339,id:339,ERF,Erfurt Airport,Erfurt,Germany,6,6,1,1,6,6,1,canonical_resolved,True
4292,id:4292,FAR,Hector International Airport,Fargo,United States,6,6,3,3,0,0,1,canonical_resolved,True
1038,id:1038,FBM,Lubumbashi International Airport,Lubumashi,Congo (Kinshasa),6,7,3,3,3,4,1,canonical_resolved,True
6149,id:6149,FEG,Fergana International Airport,Fergana,Uzbekistan,6,6,4,4,5,5,1,canonical_resolved,True
4089,id:4089,FNT,Bishop International Airport,Flint,United States,6,6,3,3,0,0,1,canonical_resolved,True
4041,id:4041,FWA,Fort Wayne International Airport,Fort Wayne,United States,6,6,2,2,0,0,1,canonical_resolved,True
410,id:410,GWT,Westerland Sylt Airport,Westerland,Germany,6,6,2,2,1,1,1,canonical_resolved,True
8407,id:8407,HDG,Handan Airport,Handan,China,6,6,4,4,0,0,1,canonical_resolved,True
6743,id:6743,HMI,Hami Airport,Hami,China,6,6,4,4,0,0,1,canonical_resolved,True
1655,id:1655,IAS,Iaşi Airport,Iasi,Romania,6,6,2,2,5,5,1,canonical_resolved,True
3859,id:3859,ILG,New Castle Airport,Wilmington,United States,6,6,1,1,0,0,1,canonical_resolved,True
8781,id:8781,JIQ,Qianjiang Wulingshan Airport,Qianjiang,China,6,6,5,5,0,0,1,canonical_resolved,True
2575,id:2575,JPA,Presidente Castro Pinto International Airport,Joao Pessoa,Brazil,6,6,4,4,0,0,1,canonical_resolved,True
3174,id:3174,KBV,Krabi Airport,Krabi,Thailand,6,6,7,7,2,2,1,canonical_resolved,True
4375,id:4375,KGF,Sary-Arka Airport,Karaganda,Kazakhstan,6,6,4,4,3,3,1,canonical_resolved,True
649,id:649,KKN,Kirkenes Airport (Høybuktmoen),Kirkenes,Norway,6,5,3,3,0,0,0.833333333333333,canonical_resolved,True
2308,id:2308,KMI,Miyazaki Airport,Miyazaki,Japan,6,6,5,5,2,2,1,canonical_resolved,True
2312,id:2312,KMJ,Kumamoto Airport,Kumamoto,Japan,6,6,4,4,1,1,1,canonical_resolved,True
529,id:529,KOI,Kirkwall Airport,Kirkwall,United Kingdom,6,6,1,1,0,0,1,canonical_resolved,True
647,id:647,KSU,Kristiansund Airport (Kvernberget),Kristiansund,Norway,6,7,3,3,1,1,1,canonical_resolved,True
1816,id:1816,LAP,Manuel Márquez de León International Airport,La Paz,Mexico,6,6,3,3,0,0,1,canonical_resolved,True
1016,id:1016,LLW,Lilongwe International Airport,Lilongwe,Malawi,6,7,4,4,5,6,1,canonical_resolved,True
1611,id:1611,LNZ,Linz Hörsching Airport,Linz,Austria,6,5,5,5,5,5,0.833333333333333,canonical_resolved,True
5934,id:5934,LRR,Lar Airport,Lar,Iran,6,6,3,3,4,4,1,canonical_resolved,True
8832,id:8832,LUZ,Lublin Airport,Lublin,Poland,6,6,4,4,5,5,1,canonical_resolved,True
3250,id:3250,MDC,Sam Ratulangi Airport,Manado,Indonesia,6,6,6,6,1,1,1,canonical_resolved,True
3402,id:3402,MDG,Mudanjiang Hailang International Airport,Mudanjiang,China,6,6,7,7,1,1,1,canonical_resolved,True
1930,id:1930,MHH,Leonard M Thompson International Airport,Marsh Harbor,Bahamas,6,6,4,4,5,5,1,canonical_resolved,True
2925,id:2925,MJZ,Mirny Airport,Mirnyj,Russia,6,6,4,3,0,0,1,canonical_resolved,True
1821,id:1821,MLM,General Francisco J. Mujica International Airport,Morelia,Mexico,6,6,4,4,4,4,1,canonical_resolved,True
651,id:651,MOL,Molde Airport,Molde,Norway,6,6,4,4,2,2,1,canonical_resolved,True
3459,id:3459,MSN,Dane County Regional Truax Field,Madison,United States,6,6,3,3,0,0,1,canonical_resolved,True
880,id:880,MUB,Maun Airport,Maun,Botswana,6,6,2,2,4,4,1,canonical_resolved,True
2333,id:2333,MYJ,Matsuyama Airport,Matsuyama,Japan,6,6,6,6,2,2,1,canonical_resolved,True
1826,id:1826,MZT,General Rafael Buelna International Airport,Mazatlan,Mexico,6,6,7,7,2,2,1,canonical_resolved,True
6401,id:6401,NAO,Nanchong Airport,Nanchong,China,6,6,3,3,0,0,1,canonical_resolved,True
999,id:999,NDJ,N'Djamena International Airport,N'djamena,Chad,6,7,5,6,6,7,0.5,canonical_resolved,True
5997,id:5997,NKM,Nagoya Airport,Nagoya,Japan,6,6,1,1,0,0,1,canonical_resolved,True
4161,id:4161,NSI,Yaoundé Nsimalen International Airport,Yaounde,Cameroon,6,11,6,6,4,7,1,canonical_resolved,True
3910,id:3910,PKN,Iskandar Airport,Pangkalan Bun,Indonesia,6,6,1,1,0,0,1,canonical_resolved,True
2856,id:2856,PZO,General Manuel Carlos Piar International Airport,Guayana,Venezuela,6,6,4,4,1,1,1,canonical_resolved,True
2490,id:2490,REL,Almirante Marco Andres Zar Airport,Trelew,Argentina,6,4,2,2,0,0,0.666666666666667,canonical_resolved,True
1063,id:1063,ROB,Roberts International Airport,Monrovia,Liberia,6,6,9,9,6,6,0.833333333333333,canonical_resolved,True
3613,id:3613,SAV,Savannah Hilton Head International Airport,Savannah,United States,6,7,4,4,0,0,0.833333333333333,canonical_resolved,True
2989,id:2989,SCW,Syktyvkar Airport,Syktyvkar,Russia,6,6,4,4,0,0,1,canonical_resolved,True
2619,id:2619,SJP,Prof. Eribelto Manoel Reino State Airport,Sao Jose Do Rio Preto,Brazil,6,6,4,4,0,0,1,canonical_resolved,True
2891,id:2891,SKB,Robert L. Bradshaw International Airport,Basse Terre,Saint Kitts and Nevis,6,5,7,7,5,4,0.833333333333333,canonical_resolved,True
2981,id:2981,SKD,Samarkand Airport,Samarkand,Uzbekistan,6,5,4,4,5,4,0.833333333333333,canonical_resolved,True
2195,id:2195,SLL,Salalah Airport,Salalah,Oman,6,6,5,5,5,5,1,canonical_resolved,True
2893,id:2893,SLU,George F. L. Charles Airport,Castries,Saint Lucia,6,6,5,4,6,6,0.833333333333333,canonical_resolved,True
1053,id:1053,SPC,La Palma Airport,Santa Cruz De La Palma,Spain,6,6,5,5,4,4,1,canonical_resolved,True
4092,id:4092,STM,Maestro Wilson Fonseca Airport,Santarem,Brazil,6,5,4,4,0,0,0.833333333333333,canonical_resolved,True
3112,id:3112,SXR,Sheikh ul Alam Airport,Srinagar,India,6,6,5,5,0,0,1,canonical_resolved,True
3975,id:3975,TAI,Ta'izz International Airport,Taiz,Yemen,6,6,2,2,5,5,1,canonical_resolved,True
988,id:988,TET,Chingozi Airport,Tete,Mozambique,6,6,1,1,1,1,1,canonical_resolved,True
2623,id:2623,THE,Senador Petrônio Portela Airport,Teresina,Brazil,6,6,3,3,0,0,1,canonical_resolved,True
1743,id:1743,TIV,Tivat Airport,Tivat,Montenegro,6,6,6,6,6,6,1,canonical_resolved,True
3698,id:3698,TLH,Tallahassee Regional Airport,Tallahassee,United States,6,5,3,3,0,0,0.833333333333333,canonical_resolved,True
921,id:921,TMM,Toamasina Airport,Toamasina,Madagascar,6,6,2,2,1,1,1,canonical_resolved,True
2324,id:2324,TOY,Toyama Airport,Toyama,Japan,6,6,6,6,4,4,1,canonical_resolved,True
3330,id:3330,TSV,Townsville Airport,Townsville,Australia,6,6,4,4,0,0,1,canonical_resolved,True
5951,id:5951,TUK,Turbat International Airport,Turbat,Pakistan,6,5,1,1,2,2,0.833333333333333,canonical_resolved,True
1726,id:1726,TZX,Trabzon International Airport,Trabzon,Turkey,6,6,4,4,1,1,1,canonical_resolved,True
728,id:728,UME,Umeå Airport,Umea,Sweden,6,6,4,4,2,2,1,canonical_resolved,True
2868,id:2868,VLN,Arturo Michelena International Airport,Valencia,Venezuela,6,6,7,7,3,3,1,canonical_resolved,True
2987,id:2987,VOZ,Voronezh International Airport,Voronezh,Russia,6,6,3,3,2,2,1,canonical_resolved,True
5632,id:5632,VPE,Ngjiva Pereira Airport,Ondjiva,Angola,6,6,1,1,0,0,1,canonical_resolved,True
3066,id:3066,VTZ,Vishakhapatnam Airport,Vishakhapatnam,India,6,7,5,5,1,1,1,canonical_resolved,True
2042,id:2042,WLG,Wellington International Airport,Wellington,New Zealand,6,6,4,4,3,3,1,canonical_resolved,True
2330,id:2330,YGJ,Miho Yonago Airport,Miho,Japan,6,6,3,3,1,1,1,canonical_resolved,True
5507,id:5507,YKQ,Waskaganish Airport,Waskaganish,Canada,6,6,1,1,0,0,1,canonical_resolved,True
6414,id:6414,YNJ,Yanji Chaoyangchuan Airport,Yanji,China,6,6,6,6,1,1,1,canonical_resolved,True
120,id:120,YQR,Regina International Airport,Regina,Canada,6,6,2,2,1,1,1,canonical_resolved,True
5527,id:5527,YRL,Red Lake Airport,Red Lake,Canada,6,8,2,2,0,0,0.833333333333333,canonical_resolved,True
166,id:166,YXE,Saskatoon John G. Diefenbaker International Airport,Saskatoon,Canada,6,6,2,2,1,1,1,canonical_resolved,True
184,id:184,YYJ,Victoria International Airport,Victoria,Canada,6,6,3,3,1,1,1,canonical_resolved,True
3517,id:3517,ACK,Nantucket Memorial Airport,Nantucket,United States,5,5,2,2,0,0,1,canonical_resolved,True
7506,id:7506,ACX,Xingyi Airport,Xingyi,China,5,5,4,4,0,0,1,canonical_resolved,True
1696,id:1696,ASR,Kayseri Erkilet Airport,Kayseri,Turkey,5,5,3,3,2,2,1,canonical_resolved,True
5691,id:5691,ATZ,Assiut International Airport,Asyut,Egypt,5,5,5,5,4,4,1,canonical_resolved,True
2710,id:2710,BAQ,Ernesto Cortissoz International Airport,Barranquilla,Colombia,5,5,3,3,2,2,1,canonical_resolved,True
637,id:637,BJF,Båtsfjord Airport,Batsfjord,Norway,5,3,1,1,0,0,0.6,canonical_resolved,True
634,id:634,BNN,Brønnøysund Airport,Bronnoysund,Norway,5,5,1,1,0,0,0.8,canonical_resolved,True
2926,id:2926,BQS,Ignatyevo Airport,Blagoveschensk,Russia,5,5,3,3,0,0,1,canonical_resolved,True
3355,id:3355,CBR,Canberra International Airport,Canberra,Australia,5,5,2,2,0,0,1,canonical_resolved,True
14102,id:14102,CGY,Laguindingan Airport,Cagayan de Oro City,Philippines,5,5,3,3,0,0,1,canonical_resolved,True
3578,id:3578,CHA,Lovell Field,Chattanooga,United States,5,5,5,5,0,0,1,canonical_resolved,True
1534,id:1534,CUF,Cuneo International Airport,Cuneo,Italy,5,5,3,3,2,2,1,canonical_resolved,True
1797,id:1797,CUU,General Roberto Fierro Villalobos International Airport,Chihuahua,Mexico,5,5,4,5,0,0,1,canonical_resolved,True
6397,id:6397,DAX,Dachuan Airport,Dazhou,China,5,5,2,2,0,0,1,canonical_resolved,True
923,id:923,DIE,Arrachart Airport,Antsiranana,Madagascar,5,5,1,1,2,2,1,canonical_resolved,True
6375,id:6375,DIG,Diqing Airport,Shangri-La,China,5,5,3,3,0,0,1,canonical_resolved,True
2941,id:2941,DNK,Dnipropetrovsk International Airport,Dnepropetrovsk,Ukraine,5,5,4,4,4,4,1,canonical_resolved,True
799,id:799,DUR,King Shaka International Airport,Durban,South Africa,5,5,5,5,2,2,1,canonical_resolved,True
1558,id:1558,EBA,Marina Di Campo Airport,Marina Di Campo,Italy,5,5,2,2,5,5,1,canonical_resolved,True
7669,id:7669,ECP,Northwest Florida Beaches International Airport,Panama City,United States,5,5,2,2,0,0,1,canonical_resolved,True
1455,id:1455,EFL,Kefallinia Airport,Keffallinia,Greece,5,6,5,5,3,2,0.8,canonical_resolved,True
2903,id:2903,EIS,Terrance B. Lettsome International Airport,Tortola,British Virgin Islands,5,4,7,7,5,4,0.8,canonical_resolved,True
2729,id:2729,EOH,Enrique Olaya Herrera Airport,Medellin,Colombia,5,5,1,1,0,0,1,canonical_resolved,True
1320,id:1320,ETZ,Metz-Nancy-Lorraine Airport,Metz,France,5,5,3,3,1,1,1,canonical_resolved,True
4099,id:4099,EUG,Mahlon Sweet Field,Eugene,United States,5,5,2,2,0,0,1,canonical_resolved,True
3687,id:3687,FAT,Fresno Yosemite International Airport,Fresno,United States,5,5,7,7,1,1,1,canonical_resolved,True
1941,id:1941,GGT,Exuma International Airport,Great Exuma,Bahamas,5,4,5,5,3,3,0.8,canonical_resolved,True
1738,id:1738,GIB,Gibraltar Airport,Gibraltar,Gibraltar,5,5,3,3,5,5,1,canonical_resolved,True
3472,id:3472,GNV,Gainesville Regional Airport,Gainesville,United States,5,5,4,3,0,0,1,canonical_resolved,True
586,id:586,GRQ,Eelde Airport,Groningen,Netherlands,5,6,2,2,4,5,0.6,canonical_resolved,True
8266,id:8266,GZP,Gazipaşa Airport,Alanya,Turkey,5,5,4,4,3,3,1,canonical_resolved,True
2069,id:2069,HAS,Ha'il Airport,Hail,Saudi Arabia,5,5,3,3,2,2,1,canonical_resolved,True
5557,id:5557,HDF,Heringsdorf Airport,Heringsdorf,Germany,5,5,1,1,0,0,1,canonical_resolved,True
3181,id:3181,HDY,Hat Yai International Airport,Hat Yai,Thailand,5,5,5,5,2,2,1,canonical_resolved,True
1121,id:1121,HGA,Egal International Airport,Hargeisa,Somalia,5,7,5,5,3,6,0.8,canonical_resolved,True
8235,id:8235,HMB,Sohag International Airport,Sohag,Egypt,5,5,6,6,4,4,1,canonical_resolved,True
238,id:238,HME,Oued Irara Airport,Hassi Messaoud,Algeria,5,5,1,1,0,0,1,canonical_resolved,True
1628,id:1628,HOR,Horta Airport,Horta,Portugal,5,5,3,3,0,0,1,canonical_resolved,True
3630,id:3630,IAG,Niagara Falls International Airport,Niagara Falls,United States,5,5,2,2,0,0,1,canonical_resolved,True
2281,id:2281,IBR,Hyakuri Airport,Ibaraki,Japan,5,5,2,2,1,1,1,canonical_resolved,True
3050,id:3050,IMF,Imphal Airport,Imphal,India,5,5,2,2,0,0,1,canonical_resolved,True
2649,id:2649,IQQ,Diego Aracena Airport,Iquique,Chile,5,5,3,3,2,2,1,canonical_resolved,True
3040,id:3040,IXB,Bagdogra Airport,Baghdogra,India,5,5,6,6,2,2,1,canonical_resolved,True
3995,id:3995,JAV,Ilulissat Airport,Ilulissat,Greenland,5,5,1,1,0,0,1,canonical_resolved,True
6034,id:6034,JDO,Orlando Bezerra de Menezes Airport,Juazeiro Do Norte,Brazil,5,5,3,3,0,0,1,canonical_resolved,True
9843,id:9843,JUH,Jiuhuashan Airport,Chizhou,China,5,5,4,4,0,0,1,canonical_resolved,True
4301,id:4301,JZH,Jiuzhai Huanglong Airport,Jiuzhaigou,China,5,5,7,7,0,0,1,canonical_resolved,True
601,id:601,KIR,Kerry Airport,Kerry,Ireland,5,5,1,1,5,5,1,canonical_resolved,True
3916,id:3916,KOE,El Tari Airport,Kupang,Indonesia,5,6,4,5,0,0,1,canonical_resolved,True
6407,id:6407,KRL,Korla Airport,Korla,China,5,5,6,6,0,0,1,canonical_resolved,True
3345,id:3345,KTA,Karratha Airport,Karratha,Australia,5,5,2,2,0,0,0.8,canonical_resolved,True
1462,id:1462,KVA,Alexander the Great International Airport,Kavala,Greece,5,5,3,3,4,4,1,canonical_resolved,True
1220,id:1220,LCG,A Coruña Airport,La Coruna,Spain,5,5,3,3,1,1,1,canonical_resolved,True
468,id:468,LDY,City of Derry Airport,Londonderry,United Kingdom,5,5,1,1,1,1,1,canonical_resolved,True
3305,id:3305,LGK,Langkawi International Airport,Langkawi,Malaysia,5,5,7,7,1,1,1,canonical_resolved,True
3337,id:3337,LST,Launceston Airport,Launceston,Australia,5,5,2,2,0,0,1,canonical_resolved,True
5430,id:5430,MAS,Momote Airport,Momote,Papua New Guinea,5,5,2,2,0,0,1,canonical_resolved,True
2452,id:2452,MDZ,El Plumerillo Airport,Mendoza,Argentina,5,6,3,3,1,1,1,canonical_resolved,True
4327,id:4327,MEH,Mehamn Airport,Mehamn,Norway,5,5,1,1,0,0,0.8,canonical_resolved,True
652,id:652,MJF,Mosjøen Airport (Kjærstad),Mosjoen,Norway,5,4,1,1,0,0,0.8,canonical_resolved,True
4189,id:4189,MWX,Muan International Airport,Muan,South Korea,5,5,4,4,4,4,1,canonical_resolved,True
6354,id:6354,MXZ,Meixian Airport,Meixian,China,5,5,2,2,2,2,1,canonical_resolved,True
6079,id:6079,NEV,Vance W. Amory International Airport,Charlestown,Saint Kitts and Nevis,5,6,6,6,4,5,1,canonical_resolved,True
280,id:280,NIM,Diori Hamani International Airport,Niamey,Niger,5,6,7,7,5,6,1,canonical_resolved,True
910,id:910,NLA,Simon Mwansa Kapwepwe International Airport,Ndola,Zambia,5,5,5,5,4,3,0.8,canonical_resolved,True
4365,id:4365,NOJ,Noyabrsk Airport,Noyabrsk,Russia,5,5,1,1,0,0,1,canonical_resolved,True
481,id:481,NQY,Newquay Cornwall Airport,Newquai,United Kingdom,5,5,3,3,1,1,1,canonical_resolved,True
4320,id:4320,NTL,Newcastle Airport,Newcastle,Australia,5,5,2,2,0,0,1,canonical_resolved,True
5905,id:5905,NUS,Norsup Airport,Norsup,Vanuatu,5,5,1,1,0,0,1,canonical_resolved,True
2595,id:2595,NVT,Ministro Victor Konder International Airport,Navegantes,Brazil,5,5,3,3,0,0,1,canonical_resolved,True
547,id:547,NWI,Norwich International Airport,Norwich,United Kingdom,5,5,4,4,2,2,1,canonical_resolved,True
243,id:243,OGX,Ain el Beida Airport,Ouargla,Algeria,5,6,1,1,0,0,1,canonical_resolved,True
2310,id:2310,OIT,Oita Airport,Oita,Japan,5,5,5,5,1,1,1,canonical_resolved,True
6140,id:6140,OVS,Sovetskiy Airport,Sovetskiy,Russia,5,5,2,2,0,0,1,canonical_resolved,True
5665,id:5665,OXB,Osvaldo Vieira International Airport,Bissau,Guinea-Bissau,5,5,4,4,5,5,1,canonical_resolved,True
3771,id:3771,PBG,Plattsburgh International Airport,Plattsburgh,United States,5,5,3,3,0,0,1,canonical_resolved,True
3155,id:3155,PBH,Paro Airport,Thimphu,Bhutan,5,5,1,1,5,5,1,canonical_resolved,True
2973,id:2973,PEE,Bolshoye Savino Airport,Perm,Russia,5,5,5,5,2,2,1,canonical_resolved,True
1567,id:1567,PEG,Perugia San Francesco d'Assisi – Umbria International Airport,Perugia,Italy,5,5,2,2,3,3,1,canonical_resolved,True
1356,id:1356,PGF,Perpignan-Rivesaltes (Llabanère) Airport,Perpignan,France,5,5,4,4,3,3,1,canonical_resolved,True
7546,id:7546,PGU,Persian Gulf International Airport,Khalije Fars,Iran,5,5,1,1,0,0,1,canonical_resolved,True
3349,id:3349,PHE,Port Hedland International Airport,Port Hedland,Australia,5,6,3,3,1,1,1,canonical_resolved,True
4046,id:4046,PIA,General Wayne A. Downing Peoria International Airport,Peoria,United States,5,5,2,2,0,0,1,canonical_resolved,True
1268,id:1268,PIS,Poitiers-Biard Airport,Poitiers,France,5,5,2,2,2,2,1,canonical_resolved,True
3116,id:3116,PKZ,Pakse International Airport,Pakse,Laos,5,5,1,1,2,2,1,canonical_resolved,True
2665,id:2665,PMC,El Tepual Airport,Puerto Montt,Chile,5,5,2,2,0,0,1,canonical_resolved,True
985,id:985,POL,Pemba Airport,Pemba,Mozambique,5,5,2,2,2,2,1,canonical_resolved,True
2433,id:2433,PPS,Puerto Princesa Airport,Puerto Princesa,Philippines,5,5,6,6,1,1,1,canonical_resolved,True
2991,id:2991,REN,Orenburg Central Airport,Orenburg,Russia,5,5,3,3,2,2,1,canonical_resolved,True
1839,id:1839,REX,General Lucio Blanco International Airport,Reynosa,Mexico,5,5,4,4,0,0,1,canonical_resolved,True
4028,id:4028,RFD,Chicago Rockford International Airport,Rockford,United States,5,5,1,1,0,0,1,canonical_resolved,True
1990,id:1990,RGI,Rangiroa Airport,Rangiroa,French Polynesia,5,6,1,1,0,0,1,canonical_resolved,True
2496,id:2496,RGL,Piloto Civil N. Fernández Airport,Rio Gallegos,Argentina,5,4,3,3,1,1,0.6,canonical_resolved,True
4016,id:4016,ROA,Roanoke–Blacksburg Regional Airport,Roanoke VA,United States,5,5,5,5,0,0,1,canonical_resolved,True
2256,id:2256,ROR,Babelthuap Airport,Babelthuap,Palau,5,5,7,7,5,5,1,canonical_resolved,True
4363,id:4363,RTW,Saratov Central Airport,Saratov,Russia,5,5,1,1,2,2,1,canonical_resolved,True
4359,id:4359,SBN,South Bend Regional Airport,South Bend,United States,5,5,1,1,0,0,1,canonical_resolved,True
4348,id:4348,SGF,Springfield Branson National Airport,Springfield,United States,5,5,1,1,0,0,1,canonical_resolved,True
2942,id:2942,SIP,Simferopol International Airport,Simferopol,Ukraine,5,5,5,5,4,4,1,canonical_resolved,True
2227,id:2227,SKZ,Sukkur Airport,Sukkur,Pakistan,5,4,2,2,0,0,0.8,canonical_resolved,True
2884,id:2884,STX,Henry E Rohlsen Airport,St. Croix Island,Virgin Islands,5,5,6,6,4,4,1,canonical_resolved,True
4242,id:4242,TAH,Tanna Airport,Tanna,Vanuatu,5,5,1,1,0,0,1,canonical_resolved,True
2337,id:2337,TAK,Takamatsu Airport,Takamatsu,Japan,5,5,6,6,3,3,1,canonical_resolved,True
6963,id:6963,TEN,Tongren Fenghuang Airport,Tongren,China,5,5,3,3,0,0,1,canonical_resolved,True
2624,id:2624,TFF,Tefé Airport,Tefe,Brazil,5,5,1,1,0,0,1,canonical_resolved,True
1846,id:1846,TGZ,Angel Albino Corzo International Airport,Tuxtla Gutierrez,Mexico,5,5,4,4,0,0,1,canonical_resolved,True
2768,id:2768,TJA,Capitan Oriel Lea Plaza Airport,Tarija,Bolivia,5,5,3,3,0,0,1,canonical_resolved,True
460,id:460,TKU,Turku Airport,Turku,Finland,5,6,5,5,4,5,1,canonical_resolved,True
1376,id:1376,TUF,Tours-Val-de-Loire Airport,Tours,France,5,5,1,1,4,4,1,canonical_resolved,True
7,id:7,UAK,Narsarsuaq Airport,Narssarssuaq,Greenland,5,5,1,1,0,0,1,canonical_resolved,True
6152,id:6152,UGC,Urgench Airport,Urgench,Uzbekistan,5,6,3,3,3,5,0.8,canonical_resolved,True
6086,id:6086,UKK,Ust-Kamennogorsk Airport,Ust Kamenogorsk,Kazakhstan,5,5,3,3,1,1,1,canonical_resolved,True
1004,id:1004,VFA,Victoria Falls International Airport,Victoria Falls,Zimbabwe,5,5,3,3,3,3,1,canonical_resolved,True
6195,id:6195,VII,Vinh Airport,Vinh,Vietnam,5,5,3,3,1,1,1,canonical_resolved,True
711,id:711,VXO,Växjö Kronoberg Airport,Vaxjo,Sweden,5,6,4,4,3,3,1,canonical_resolved,True
90,id:90,YMM,Fort McMurray Airport,Fort Mcmurray,Canada,5,5,3,3,0,0,1,canonical_resolved,True
5521,id:5521,YPM,Pikangikum Airport,Pikangikum,Canada,5,2,1,1,0,0,0.2,canonical_resolved,True
117,id:117,YQM,Greater Moncton International Airport,Moncton,Canada,5,5,3,3,1,1,1,canonical_resolved,True
133,id:133,YSB,Sudbury Airport,Sudbury,Canada,5,4,2,2,0,0,0.8,canonical_resolved,True
141,id:141,YTH,Thompson Airport,Thompson,Canada,5,6,1,1,0,0,1,canonical_resolved,True
153,id:153,YVO,Val-d'Or Airport,Val D'or,Canada,5,5,2,2,0,0,1,canonical_resolved,True
168,id:168,YXJ,Fort St John Airport,Fort Saint John,Canada,5,5,2,2,0,0,1,canonical_resolved,True
192,id:192,YYY,Mont Joli Airport,Mont Joli,Canada,5,5,2,2,0,0,1,canonical_resolved,True
2166,id:2166,ZBR,Konarak Airport,Chah Bahar,Iran,5,6,2,2,1,2,1,canonical_resolved,True
393,id:393,ZQW,Zweibrücken Airport,Zweibruecken,Germany,5,6,1,1,5,5,0.8,canonical_resolved,True
607,id:607,AAR,Aarhus Airport,Aarhus,Denmark,4,4,2,2,3,3,1,canonical_resolved,True
2955,id:2955,ABA,Abakan Airport,Abakan,Russia,4,4,4,4,0,0,1,canonical_resolved,True
1783,id:1783,ACA,General Juan N Alvarez International Airport,Acapulco,Mexico,4,4,5,6,0,0,1,canonical_resolved,True
1785,id:1785,AGU,Jesús Terán Paredo International Airport,Aguascalientes,Mexico,4,5,2,3,1,2,1,canonical_resolved,True
3794,id:3794,AKN,King Salmon Airport,King Salmon,United States,4,6,2,2,0,0,0.5,canonical_resolved,True
2920,id:2920,AKX,Aktobe Airport,Aktyubinsk,Kazakhstan,4,4,3,3,1,1,1,canonical_resolved,True
3840,id:3840,AMA,Rick Husband Amarillo International Airport,Amarillo,United States,4,4,2,2,0,0,1,canonical_resolved,True
3256,id:3256,AMQ,"Pattimura Airport, Ambon",Ambon,Indonesia,4,4,5,5,0,0,0.75,canonical_resolved,True
2651,id:2651,ANF,Andrés Sabella Gálvez International Airport,Antofagasta,Chile,4,5,3,3,0,0,1,canonical_resolved,True
5967,id:5967,ANI,Aniak Airport,Aniak,United States,4,4,4,4,0,0,0.5,canonical_resolved,True
2641,id:2641,ARI,Chacalluta Airport,Arica,Chile,4,3,2,2,1,1,0.75,canonical_resolved,True
5890,id:5890,AUQ,Hiva Oa-Atuona Airport,Hiva-oa,French Polynesia,4,4,1,1,0,0,1,canonical_resolved,True
2900,id:2900,AXA,Clayton J Lloyd International Airport,The Valley,Anguilla,4,4,5,5,4,4,1,canonical_resolved,True
2164,id:2164,AZD,Shahid Sadooghi Airport,Yazd,Iran,4,4,4,4,1,1,0.75,canonical_resolved,True
5810,id:5810,AZS,Samaná El Catey International Airport,Samana,Dominican Republic,4,4,4,4,4,4,1,canonical_resolved,True
2423,id:2423,BCD,Bacolod-Silay Airport,Bacolod,Philippines,4,4,3,3,0,0,1,canonical_resolved,True
6241,id:6241,BHQ,Broken Hill Airport,Broken Hill,Australia,4,4,1,1,0,0,1,canonical_resolved,True
4083,id:4083,BIS,Bismarck Municipal Airport,Bismarck,United States,4,4,2,2,0,0,1,canonical_resolved,True
209,id:209,BJA,Soummam Airport,Bejaja,Algeria,4,4,2,2,3,3,1,canonical_resolved,True
6962,id:6962,BKG,Branson Airport,Branson,United States,4,4,2,2,0,0,1,canonical_resolved,True
5552,id:5552,BLJ,Batna Airport,Batna,Algeria,4,4,1,1,3,3,1,canonical_resolved,True
1013,id:1013,BLZ,Chileka International Airport,Blantyre,Malawi,4,4,3,3,3,3,0.75,canonical_resolved,True
6187,id:6187,BMV,Buon Ma Thuot Airport,Buonmethuot,Vietnam,4,4,3,3,0,0,1,canonical_resolved,True
2885,id:2885,BQN,Rafael Hernandez Airport,Aguadilla,Puerto Rico,4,4,3,3,4,4,1,canonical_resolved,True
2936,id:2936,BTK,Bratsk Airport,Bratsk,Russia,4,4,3,3,0,0,1,canonical_resolved,True
3971,id:3971,BUS,Batumi International Airport,Batumi,Georgia,4,4,4,4,3,3,1,canonical_resolved,True
2106,id:2106,BUZ,Bushehr Airport,Bushehr,Iran,4,4,2,2,1,1,1,canonical_resolved,True
1278,id:1278,BVE,Brive Souillac Airport,Brive,France,4,5,3,4,2,3,1,canonical_resolved,True
4350,id:4350,BVG,Berlevåg Airport,Berlevag,Norway,4,4,1,1,0,0,0.75,canonical_resolved,True
4020,id:4020,BZN,Gallatin Field,Bozeman,United States,4,4,4,4,0,0,1,canonical_resolved,True
3561,id:3561,CAE,Columbia Metropolitan Airport,Columbia,United States,4,3,3,3,0,0,0.75,canonical_resolved,True
2774,id:2774,CAY,Cayenne-Rochambeau Airport,Cayenne,French Guiana,4,4,4,4,4,4,1,canonical_resolved,True
1901,id:1901,CCC,Jardines Del Rey Airport,Cunagua,Cuba,4,5,4,5,2,4,0.25,canonical_resolved,True
2656,id:2656,CCP,Carriel Sur Airport,Concepcion,Chile,4,4,3,2,0,0,1,canonical_resolved,True
3854,id:3854,CDB,Cold Bay Airport,Cold Bay,United States,4,4,2,2,0,0,1,canonical_resolved,True
1412,id:1412,CFR,Caen-Carpiquet Airport,Caen,France,4,4,2,2,0,0,1,canonical_resolved,True
2645,id:2645,CJC,El Loa Airport,Calama,Chile,4,4,2,2,0,0,1,canonical_resolved,True
6008,id:6008,CJJ,Cheongju International Airport/Cheongju Air Base (K-59/G-513),Chongju,South Korea,4,4,4,4,3,3,1,canonical_resolved,True
1796,id:1796,CJS,Abraham González International Airport,Ciudad Juarez,Mexico,4,4,4,4,0,0,1,canonical_resolved,True
3819,id:3819,COS,City of Colorado Springs Municipal Airport,Colorado Springs,United States,4,4,5,5,0,0,1,canonical_resolved,True
2487,id:2487,CRD,General E. Mosconi Airport,Comodoro Rivadavia,Argentina,4,6,2,2,0,0,1,canonical_resolved,True
2812,id:2812,CUZ,Alejandro Velasco Astete International Airport,Cuzco,Peru,4,3,4,4,1,1,0.75,canonical_resolved,True
6189,id:6189,CXR,Cam Ranh Airport,Nha Trang,Vietnam,4,4,3,3,1,1,1,canonical_resolved,True
4054,id:4054,DLU,Dali Airport,Dali,China,4,4,3,3,0,0,1,canonical_resolved,True
2911,id:2911,DMB,Taraz Airport,Dzhambul,Kazakhstan,4,2,2,1,2,0,0.5,canonical_resolved,True
4308,id:4308,DNH,Dunhuang Airport,Dunhuang,China,4,4,5,5,0,0,1,canonical_resolved,True
1350,id:1350,EBU,Saint-Étienne-Bouthéon Airport,St-Etienne,France,4,4,3,3,3,3,1,canonical_resolved,True
6758,id:6758,EGM,Sege Airport,Sege,Solomon Islands,4,3,1,1,0,0,0.5,canonical_resolved,True
1943,id:1943,ELH,North Eleuthera Airport,North Eleuthera,Bahamas,4,4,4,4,3,3,1,canonical_resolved,True
6367,id:6367,ENY,Yan'an Ershilipu Airport,Yan'an,China,4,4,3,4,0,0,1,canonical_resolved,True
8428,id:8428,EYK,Beloyarskiy Airport,Beloyarsky,Russia,4,4,2,2,0,0,1,canonical_resolved,True
625,id:625,FAE,Vagar Airport,Vagar,Faroe Islands,4,4,1,1,4,4,1,canonical_resolved,True
1625,id:1625,FLW,Flores Airport,Flores,Portugal,4,4,1,1,0,0,1,canonical_resolved,True
1439,id:1439,FNI,Nîmes-Arles-Camargue Airport,Nimes,France,4,4,1,1,4,4,1,canonical_resolved,True
3377,id:3377,FNJ,Pyongyang Sunan International Airport,Pyongyang,North Korea,4,4,2,2,4,4,1,canonical_resolved,True
643,id:643,FRO,Florø Airport,Floro,Norway,4,4,1,1,0,0,0.75,canonical_resolved,True
6747,id:6747,GBT,Gorgan Airport,Gorgan,Iran,4,4,3,3,1,1,0.75,canonical_resolved,True
2930,id:2930,GDX,Sokol Airport,Magadan,Russia,4,4,5,5,0,0,1,canonical_resolved,True
715,id:715,GEV,Gällivare Airport,Gallivare,Sweden,4,4,3,3,0,0,1,canonical_resolved,True
3442,id:3442,GFK,Grand Forks International Airport,Grand Forks,United States,4,4,2,2,0,0,1,canonical_resolved,True
237,id:237,GHA,Noumérat - Moufdi Zakaria Airport,Ghardaia,Algeria,4,4,1,1,0,0,1,canonical_resolved,True
2066,id:2066,GIZ,Jizan Regional Airport,Gizan,Saudi Arabia,4,4,2,2,0,0,1,canonical_resolved,True
1,id:1,GKA,Goroka Airport,Goroka,Papua New Guinea,4,4,2,2,0,0,1,canonical_resolved,True
5954,id:5954,GXF,Sayun International Airport,Sayun Intl,Yemen,4,4,2,2,2,2,1,canonical_resolved,True
6398,id:6398,GYS,Guangyuan Airport,Guangyuan,China,4,4,2,2,0,0,1,canonical_resolved,True
5412,id:5412,GZO,Nusatupe Airport,Gizo,Solomon Islands,4,5,1,1,0,0,1,canonical_resolved,True
1689,id:1689,GZT,Gaziantep International Airport,Gaziantep,Turkey,4,4,5,5,1,1,1,canonical_resolved,True
709,id:709,HAD,Halmstad Airport,Halmstad,Sweden,4,3,2,2,0,0,0.75,canonical_resolved,True
2048,id:2048,HEA,Herat Airport,Herat,Afghanistan,4,4,4,4,3,3,1,canonical_resolved,True
2288,id:2288,HKD,Hakodate Airport,Hakodate,Japan,4,4,5,5,1,1,1,canonical_resolved,True
6349,id:6349,HLH,Ulanhot Airport,Ulanhot,China,4,4,4,4,0,0,1,canonical_resolved,True
3976,id:3976,HOD,Hodeidah International Airport,Hodeidah,Yemen,4,3,2,2,3,2,0.75,canonical_resolved,True
4345,id:4345,HOV,"Ørsta-Volda Airport, Hovden",Orsta-Volda,Norway,4,4,1,1,0,0,1,canonical_resolved,True
8949,id:8949,HRI,Mattala Rajapaksa International Airport,Mattala,Sri Lanka,4,3,2,1,3,2,0.25,canonical_resolved,True
3560,id:3560,HRL,Valley International Airport,Harlingen,United States,4,4,1,1,0,0,1,canonical_resolved,True
4113,id:4113,HSV,Huntsville International Carl T Jones Field,Huntsville,United States,4,4,3,3,0,0,0.75,canonical_resolved,True
5742,id:5742,HTS,Tri-State/Milton J. Ferguson Field,Huntington,United States,4,4,2,2,0,0,1,canonical_resolved,True
1991,id:1991,HUH,Huahine-Fare Airport,Huahine Island,French Polynesia,4,4,1,1,0,0,1,canonical_resolved,True
2278,id:2278,HUN,Hualien Airport,Hualien,Taiwan,4,4,3,3,1,1,1,canonical_resolved,True
3008,id:3008,IDR,Devi Ahilyabai Holkar Airport,Indore,India,4,4,4,4,0,0,1,canonical_resolved,True
2572,id:2572,IMP,Prefeito Renato Moreira Airport,Imperatriz,Brazil,4,5,3,4,0,0,1,canonical_resolved,True
1610,id:1610,INN,Innsbruck Airport,Innsbruck,Austria,4,4,3,3,4,4,1,canonical_resolved,True
2801,id:2801,IQT,Coronel FAP Francisco Secada Vignetta International Airport,Iquitos,Peru,4,4,3,4,1,1,1,canonical_resolved,True
3100,id:3100,IXJ,Jammu Airport,Jammu,India,4,4,4,4,0,0,1,canonical_resolved,True
3063,id:3063,IXR,Birsa Munda Airport,Ranchi,India,4,3,3,3,0,0,0.75,canonical_resolved,True
11473,id:11473,JIC,Jinchuan Airport,Jinchuan,China,4,4,2,2,0,0,1,canonical_resolved,True
6381,id:6381,JIU,Jiujiang Lushan Airport,Jiujiang,China,4,4,3,3,0,0,1,canonical_resolved,True
5442,id:5442,JJU,Qaqortoq Heliport,Qaqortoq,Greenland,4,4,1,1,0,0,1,canonical_resolved,True
1450,id:1450,JKH,Chios Island National Airport,Chios,Greece,4,5,4,4,0,1,1,canonical_resolved,True
2576,id:2576,JOI,Lauro Carneiro de Loyola Airport,Joinville,Brazil,4,4,3,3,0,0,1,canonical_resolved,True
1480,id:1480,JSH,Sitia Airport,Sitia,Greece,4,4,4,4,0,0,1,canonical_resolved,True
8417,id:8417,JXA,Jixi Xingkaihu Airport,Jixi,China,4,4,5,5,0,0,1,canonical_resolved,True
2051,id:2051,KDH,Kandahar Airport,Kandahar,Afghanistan,4,4,3,3,3,3,1,canonical_resolved,True
2136,id:2136,KER,Kerman Airport,Kerman,Iran,4,4,2,2,0,0,1,canonical_resolved,True
3397,id:3397,KHG,Kashgar Airport,Kashi,China,4,4,8,8,0,0,1,canonical_resolved,True
2259,id:2259,KNH,Kinmen Airport,Kinmen,Taiwan,4,4,2,2,0,0,1,canonical_resolved,True
6089,id:6089,KVD,Ganja Airport,Ganja,Azerbaijan,4,5,3,3,3,3,1,canonical_resolved,True
4358,id:4358,KZO,Kzyl-Orda Southwest Airport,Kzyl-Orda,Kazakhstan,4,4,2,2,0,0,1,canonical_resolved,True
3544,id:3544,LAN,Capital City Airport,Lansing,United States,4,4,3,3,0,0,1,canonical_resolved,True
3829,id:3829,LBB,Lubbock Preston Smith International Airport,Lubbock,United States,4,4,3,3,0,0,1,canonical_resolved,True
364,id:364,LBC,Lübeck Blankensee Airport,Luebeck,Germany,4,4,2,2,4,4,1,canonical_resolved,True
1276,id:1276,LDE,Tarbes-Lourdes-Pyrénées Airport,Tarbes,France,4,4,3,3,3,3,1,canonical_resolved,True
734,id:734,LLA,Luleå Airport,Lulea,Sweden,4,4,3,3,0,0,1,canonical_resolved,True
2662,id:2662,LSC,La Florida Airport,La Serena,Chile,4,4,1,1,0,0,1,canonical_resolved,True
6376,id:6376,LUM,Mangshi Airport,Luxi,China,4,4,3,3,0,0,1,canonical_resolved,True
1465,id:1465,LXS,Limnos Airport,Limnos,Greece,4,4,2,2,0,0,1,canonical_resolved,True
3652,id:3652,MAF,Midland International Airport,Midland,United States,4,4,2,2,0,0,1,canonical_resolved,True
2249,id:2249,MAJ,Marshall Islands International Airport,Majuro,Marshall Islands,4,4,2,2,3,3,1,canonical_resolved,True
2961,id:2961,MCX,Uytash Airport,Makhachkala,Russia,4,4,3,3,1,1,1,canonical_resolved,True
3826,id:3826,MFE,Mc Allen Miller International Airport,Mcallen,United States,4,4,4,4,2,2,1,canonical_resolved,True
4072,id:4072,MLI,Quad City International Airport,Moline,United States,4,4,1,1,0,0,1,canonical_resolved,True
1992,id:1992,MOZ,Moorea Airport,Moorea,French Polynesia,4,3,1,1,0,0,0.75,canonical_resolved,True
6298,id:6298,MQL,Mildura Airport,Mildura,Australia,4,4,1,1,0,0,1,canonical_resolved,True
5582,id:5582,MQN,"Mo i Rana Airport, Røssvoll",Mo i Rana,Norway,4,5,1,1,0,0,1,canonical_resolved,True
5544,id:5544,MSA,Muskrat Dam Airport,Muskrat Dam,Canada,4,4,1,1,0,0,1,canonical_resolved,True
5411,id:5411,MUA,Munda Airport,Munda,Solomon Islands,4,4,1,1,0,0,0.75,canonical_resolved,True
4265,id:4265,MVY,Martha's Vineyard Airport,Vineyard Haven MA,United States,4,4,1,1,0,0,1,canonical_resolved,True
1183,id:1183,MWZ,Mwanza Airport,Mwanza,Tanzania,4,4,1,1,1,1,1,canonical_resolved,True
2272,id:2272,MZG,Makung Airport,Makung,Taiwan,4,4,2,2,0,0,1,canonical_resolved,True
8826,id:8826,NBS,Changbaishan Airport,Baishan,China,4,4,2,2,0,0,1,canonical_resolved,True
6413,id:6413,NDG,Qiqihar Sanjiazi Airport,Qiqihar,China,4,4,5,5,0,0,1,canonical_resolved,True
1987,id:1987,NHV,Nuku Hiva Airport,Nuku Hiva,French Polynesia,4,4,1,1,0,0,1,canonical_resolved,True
930,id:930,NOS,Fascene Airport,Nosy-be,Madagascar,4,4,3,3,2,2,1,canonical_resolved,True
5566,id:5566,NRL,North Ronaldsay Airport,North Ronaldsay,United Kingdom,4,2,1,1,0,0,0.5,canonical_resolved,True
1829,id:1829,OAX,Xoxocotlán International Airport,Oaxaca,Mexico,4,4,4,4,0,0,1,canonical_resolved,True
1202,id:1202,OSI,Osijek Airport,Osijek,Croatia,4,4,2,2,1,1,1,canonical_resolved,True
1869,id:1869,PAC,Marcos A. Gelabert International Airport,Panama,Panama,4,4,1,1,0,0,0.75,canonical_resolved,True
3061,id:3061,PAT,Lok Nayak Jayaprakash Airport,Patina,India,4,5,4,4,0,0,1,canonical_resolved,True
1831,id:1831,PBC,Hermanos Serdán International Airport,Puebla,Mexico,4,4,2,2,1,1,1,canonical_resolved,True
2602,id:2602,PFB,Lauro Kurtz Airport,Passo Fundo,Brazil,4,4,3,3,0,0,1,canonical_resolved,True
3633,id:3633,PHF,Newport News Williamsburg International Airport,Newport News,United States,4,4,4,4,0,0,1,canonical_resolved,True
2932,id:2932,PKC,Yelizovo Airport,Petropavlovsk,Russia,4,4,3,3,0,0,1,canonical_resolved,True
3249,id:3249,PLW,Mutiara Airport,Palu,Indonesia,4,3,3,3,0,0,0.75,canonical_resolved,True
1531,id:1531,PMF,Parma Airport,Parma,Italy,4,4,1,1,1,1,1,canonical_resolved,True
2604,id:2604,PNZ,Senador Nilo Coelho Airport,Petrolina,Brazil,4,4,3,3,0,0,0.75,canonical_resolved,True
1274,id:1274,PUF,Pau Pyrénées Airport,Pau,France,4,4,3,3,0,0,1,canonical_resolved,True
2647,id:2647,PUQ,Pdte. Carlos Ibañez del Campo Airport,Punta Arenas,Chile,4,4,2,2,1,1,0.75,canonical_resolved,True
2607,id:2607,PVH,Governador Jorge Teixeira de Oliveira Airport,Porto Velho,Brazil,4,4,4,4,0,0,1,canonical_resolved,True
6092,id:6092,PYJ,Polyarny Airport,Yakutia,Russia,4,4,2,2,0,0,1,canonical_resolved,True
6492,id:6492,QSF,Ain Arnat Airport,Setif,Algeria,4,4,2,2,3,3,1,canonical_resolved,True
1289,id:1289,RDZ,Rodez-Marcillac Airport,Rodez,France,4,4,2,2,3,3,1,canonical_resolved,True
1514,id:1514,REG,Reggio Calabria Airport,Reggio Calabria,Italy,4,4,3,3,0,0,1,canonical_resolved,True
1995,id:1995,RFP,Raiatea Airport,Raiatea Island,French Polynesia,4,5,1,1,0,0,1,canonical_resolved,True
18,id:18,RKV,Reykjavik Airport,Reykjavik,Iceland,4,4,1,1,1,1,1,canonical_resolved,True
772,id:772,RLG,Rostock-Laage Airport,Laage,Germany,4,4,2,2,2,2,1,canonical_resolved,True
4197,id:4197,RMF,Marsa Alam International Airport,Marsa Alam,Egypt,4,4,5,5,3,3,1,canonical_resolved,True
2440,id:2440,ROS,Islas Malvinas Airport,Rosario,Argentina,4,4,3,3,2,2,1,canonical_resolved,True
3020,id:3020,RPR,Raipur Airport,Raipur,India,4,5,2,2,0,0,0.75,canonical_resolved,True
349,id:349,SCN,Saarbrücken Airport,Saarbruecken,Germany,4,4,2,2,2,2,1,canonical_resolved,True
1905,id:1905,SCU,Antonio Maceo International Airport,Santiago De Cuba,Cuba,4,5,2,2,3,3,0.5,canonical_resolved,True
721,id:721,SDL,Sundsvall-Härnösand Airport,Sundsvall,Sweden,4,4,3,3,0,0,1,canonical_resolved,True
295,id:295,SFA,Sfax Thyna International Airport,Sfax,Tunisia,4,4,4,4,3,3,1,canonical_resolved,True
6429,id:6429,SHP,Shanhaiguan Airport,Qinhuangdao,China,4,4,4,4,0,0,1,canonical_resolved,True
4252,id:4252,SKN,Stokmarknes Skagen Airport,Stokmarknes,Norway,4,3,1,1,0,0,0.75,canonical_resolved,True
1842,id:1842,SLP,Ponciano Arriaga International Airport,San Luis Potosi,Mexico,4,5,2,3,1,2,1,canonical_resolved,True
1918,id:1918,SNU,Abel Santamaria Airport,Santa Clara,Cuba,4,3,4,3,3,2,0.5,canonical_resolved,True
3929,id:3929,SOC,Adi Sumarmo Wiryokusumo Airport,Solo City,Indonesia,4,4,6,6,2,2,1,canonical_resolved,True
5586,id:5586,SOG,Sogndal Airport,Sogndal,Norway,4,4,1,1,0,0,1,canonical_resolved,True
2767,id:2767,SRE,Juana Azurduy De Padilla Airport,Sucre,Bolivia,4,4,2,2,0,0,1,canonical_resolved,True
4067,id:4067,SRQ,Sarasota Bradenton International Airport,Sarasota,United States,4,4,3,3,0,0,1,canonical_resolved,True
5933,id:5933,SRY,Dasht-e Naz Airport,Dasht-e-naz,Iran,4,4,3,3,0,0,1,canonical_resolved,True
662,id:662,SSJ,Sandnessjøen Airport (Stokka),Sandnessjoen,Norway,4,5,1,1,0,0,1,canonical_resolved,True
1961,id:1961,SUV,Nausori International Airport,Nausori,Fiji,4,3,1,1,4,3,0.75,canonical_resolved,True
2907,id:2907,SVD,Argyle International Airport,Kingstown,Saint Vincent and the Grenadines,4,5,1,1,4,5,1,canonical_resolved,True
3661,id:3661,SWF,Stewart International Airport,Newburgh,United States,4,4,3,3,0,0,1,canonical_resolved,True
2901,id:2901,TAB,Tobago-Crown Point Airport,Scarborough,Trinidad and Tobago,4,4,3,3,3,3,0.75,canonical_resolved,True
2381,id:2381,TAE,Daegu Airport,Taegu,South Korea,4,4,5,5,2,2,1,canonical_resolved,True
1848,id:1848,TAM,General Francisco Javier Mina International Airport,Tampico,Mexico,4,4,3,3,0,0,1,canonical_resolved,True
7862,id:7862,TCZ,Tengchong Tuofeng Airport,Tengchong,China,4,4,2,2,0,0,1,canonical_resolved,True
3307,id:3307,TGG,Sultan Mahmud Airport,Kuala Terengganu,Malaysia,4,4,4,4,1,1,1,canonical_resolved,True
1662,id:1662,TGM,Transilvania Târgu Mureş International Airport,Tirgu Mures,Romania,4,2,2,1,3,2,0.5,canonical_resolved,True
3237,id:3237,THL,Tachileik Airport,Tachilek,Burma,4,3,3,3,0,0,0.75,canonical_resolved,True
7563,id:7563,TJU,Kulob Airport,Kulyab,Tajikistan,4,3,3,3,4,3,0.75,canonical_resolved,True
230,id:230,TLM,Zenata – Messali El Hadj Airport,Tlemcen,Algeria,4,4,2,2,3,3,1,canonical_resolved,True
216,id:216,TMR,Aguenar – Hadj Bey Akhamok Airport,Tamanrasset,Algeria,4,4,1,1,0,0,0.75,canonical_resolved,True
4297,id:4297,TOF,Bogashevo Airport,Tomsk,Russia,4,4,4,4,0,0,1,canonical_resolved,True
4040,id:4040,TOL,Toledo Express Airport,Toledo,United States,4,4,2,2,0,0,1,canonical_resolved,True
1845,id:1845,TRC,Francisco Sarabia International Airport,Torreon,Mexico,4,4,4,4,1,1,1,canonical_resolved,True
4116,id:4116,TRI,Tri-Cities Regional TN/VA Airport,BRISTOL,United States,4,4,4,4,0,0,1,canonical_resolved,True
3920,id:3920,TRK,Juwata Airport,Taraken,Indonesia,4,4,3,3,0,0,1,canonical_resolved,True
3152,id:3152,TRZ,Tiruchirapally Civil Airport Airport,Tiruchirappalli,India,4,4,5,6,3,3,1,canonical_resolved,True
7128,id:7128,TWB,Toowoomba Airport,Toowoomba,Australia,4,4,1,1,0,0,1,canonical_resolved,True
2635,id:2635,UBA,Mário de Almeida Franco Airport,Uberaba,Brazil,4,4,2,2,0,0,1,canonical_resolved,True
4368,id:4368,UCT,Ukhta Airport,Ukhta,Russia,4,4,3,3,0,0,1,canonical_resolved,True
5425,id:5425,UNG,Kiunga Airport,Kiunga,Papua New Guinea,4,3,2,2,0,0,0.75,canonical_resolved,True
7088,id:7088,UNK,Unalakleet Airport,Unalakleet,United States,4,4,3,3,0,0,1,canonical_resolved,True
3183,id:3183,UTH,Udon Thani Airport,Udon Thani,Thailand,4,4,4,4,0,0,1,canonical_resolved,True
746,id:746,VBY,Visby Airport,Visby,Sweden,4,4,3,3,0,0,1,canonical_resolved,True
1250,id:1250,VGO,Vigo Airport,Vigo,Spain,4,4,4,4,1,1,1,canonical_resolved,True
3084,id:3084,VNS,Lal Bahadur Shastri Airport,Varanasi,India,4,4,3,3,1,1,0.75,canonical_resolved,True
1448,id:1448,VOL,Nea Anchialos Airport,Nea Anghialos,Greece,4,4,4,4,4,3,0.75,canonical_resolved,True
3873,id:3873,VPS,Destin-Ft Walton Beach Airport,Valparaiso,United States,4,4,2,3,0,0,1,canonical_resolved,True
2756,id:2756,VVC,Vanguardia Airport,Villavicencio,Colombia,4,4,1,1,0,0,1,canonical_resolved,True
1106,id:1106,VXE,São Pedro Airport,Sao Vicente Island,Cape Verde,4,6,2,2,1,3,1,canonical_resolved,True
1149,id:1149,WJR,Wajir Airport,Wajir,Kenya,4,5,2,2,2,3,1,canonical_resolved,True
932,id:932,WMN,Maroantsetra Airport,Maroantsetra,Madagascar,4,4,1,1,0,0,1,canonical_resolved,True
6955,id:6955,WUA,Wuhai Airport,Wuhai,China,4,4,5,5,0,0,1,canonical_resolved,True
6,id:6,WWK,Wewak International Airport,Wewak,Papua New Guinea,4,4,2,2,0,0,1,canonical_resolved,True
2539,id:2539,XAP,Serafin Enoss Bertaso Airport,Chapeco,Brazil,4,4,4,4,0,0,1,canonical_resolved,True
5468,id:5468,XBE,Bearskin Lake Airport,Bearskin Lake,Canada,4,4,1,1,0,0,1,canonical_resolved,True
32,id:32,YCB,Cambridge Bay Airport,Cambridge Bay,Canada,4,4,2,2,0,0,1,canonical_resolved,True
67,id:67,YHD,Dryden Regional Airport,Dryden,Canada,4,3,1,1,0,0,0.75,canonical_resolved,True
70,id:70,YHM,John C. Munro Hamilton International Airport,Hamilton,Canada,4,4,1,1,0,0,1,canonical_resolved,True
71,id:71,YHU,Montréal / Saint-Hubert Airport,Montreal,Canada,4,4,1,1,0,0,1,canonical_resolved,True
9107,id:9107,YIC,Yichun Mingyueshan Airport,Yichun,China,4,4,2,2,0,0,1,canonical_resolved,True
80,id:80,YKL,Schefferville Airport,Schefferville,Canada,4,4,2,2,0,0,1,canonical_resolved,True
5472,id:5472,YKU,Chisasibi Airport,Chisasibi,Canada,4,4,1,1,0,0,1,canonical_resolved,True
3881,id:3881,YNG,Youngstown Warren Regional Airport,Youngstown,United States,4,4,1,1,0,0,1,canonical_resolved,True
6727,id:6727,YPX,Puvirnituq Airport,Puvirnituq,Canada,4,4,1,1,0,0,1,canonical_resolved,True
119,id:119,YQQ,Comox Airport,Comox,Canada,4,4,3,3,0,0,1,canonical_resolved,True
136,id:136,YSM,Fort Smith Airport,Fort Smith,Canada,4,4,1,1,0,0,1,canonical_resolved,True
5531,id:5531,YTL,Big Trout Lake Airport,Big Trout Lake,Canada,4,5,1,1,0,0,1,canonical_resolved,True
143,id:143,YTS,Timmins/Victor M. Power,Timmins,Canada,4,5,3,3,0,0,1,canonical_resolved,True
155,id:155,YVQ,Norman Wells Airport,Norman Wells,Canada,4,4,3,3,0,0,1,canonical_resolved,True
176,id:176,YXY,Whitehorse / Erik Nielsen International Airport,Whitehorse,Canada,4,4,2,2,0,0,0.75,canonical_resolved,True
187,id:187,YYQ,Churchill Airport,Churchill,Canada,4,4,1,1,0,0,1,canonical_resolved,True
41,id:41,YZS,Coral Harbour Airport,Coral Harbour,Canada,4,4,2,2,0,0,1,canonical_resolved,True
2404,id:2404,ZAM,Zamboanga International Airport,Zamboanga,Philippines,4,4,3,3,0,0,1,canonical_resolved,True
1855,id:1855,ZCL,General Leobardo C. Ruiz International Airport,Zacatecas,Mexico,4,4,2,2,2,2,1,canonical_resolved,True
1856,id:1856,ZIH,Ixtapa Zihuatanejo International Airport,Zihuatanejo,Mexico,4,4,5,5,2,2,1,canonical_resolved,True
4353,id:4353,AAQ,Anapa Vityazevo Airport,Anapa,Russia,3,3,2,2,0,0,1,canonical_resolved,True
2097,id:2097,ABD,Abadan Airport,Abadan,Iran,3,3,3,3,0,0,1,canonical_resolved,True
2061,id:2061,ABT,Al Baha Airport,El-baha,Saudi Arabia,3,3,1,1,0,0,1,canonical_resolved,True
3531,id:3531,ADQ,Kodiak Airport,Kodiak,United States,3,2,4,3,0,0,0.666666666666667,canonical_resolved,True
2749,id:2749,ADZ,Gustavo Rojas Pinilla International Airport,San Andres Island,Colombia,3,3,3,3,1,1,1,canonical_resolved,True
8082,id:8082,AEB,Baise Youjiang Airport,Baise,China,3,3,2,2,0,0,1,canonical_resolved,True
6839,id:6839,AET,Allakaket Airport,Allakaket,United States,3,2,1,1,0,0,0.666666666666667,canonical_resolved,True
2299,id:2299,AKJ,Asahikawa Airport,Asahikawa,Japan,3,3,5,5,1,1,1,canonical_resolved,True
927,id:927,ANM,Antsirabato Airport,Antalaha,Madagascar,3,3,1,1,0,0,1,canonical_resolved,True
631,id:631,ANX,Andøya Airport,Andoya,Norway,3,4,1,1,0,0,1,canonical_resolved,True
2340,id:2340,AOJ,Aomori Airport,Aomori,Japan,3,3,3,3,1,1,1,canonical_resolved,True
1459,id:1459,AOK,Karpathos Airport,Karpathos,Greece,3,4,2,3,0,1,1,canonical_resolved,True
1969,id:1969,APW,Faleolo International Airport,Faleolo,Samoa,3,3,2,2,3,3,1,canonical_resolved,True
2802,id:2802,AQP,Rodríguez Ballón International Airport,Arequipa,Peru,3,4,3,3,1,1,1,canonical_resolved,True
4362,id:4362,ARH,Talagi Airport,Arkhangelsk,Russia,3,3,3,3,0,0,1,canonical_resolved,True
3319,id:3319,ASP,Alice Springs Airport,Alice Springs,Australia,3,3,2,2,0,0,1,canonical_resolved,True
1136,id:1136,ASW,Aswan International Airport,Aswan,Egypt,3,3,3,3,1,1,1,canonical_resolved,True
2566,id:2566,ATM,Altamira Airport,Altamira,Brazil,3,2,2,2,0,0,0.666666666666667,canonical_resolved,True
4047,id:4047,ATW,Appleton International Airport,Appleton,United States,3,3,1,1,0,0,1,canonical_resolved,True
7376,id:7376,AUX,Araguaína Airport,Araguaina,Brazil,3,3,2,2,0,0,1,canonical_resolved,True
9849,id:9849,AVA,Anshun Huangguoshu Airport,Anshun,China,3,3,3,3,0,0,1,canonical_resolved,True
4286,id:4286,AVP,Wilkes Barre Scranton International Airport,Scranton,United States,3,3,3,3,0,0,1,canonical_resolved,True
2180,id:2180,AZI,Bateen Airport,Abu Dhabi,United Arab Emirates,3,3,1,1,0,0,1,canonical_resolved,True
6148,id:6148,AZN,Andizhan Airport,Andizhan,Uzbekistan,3,3,1,1,2,2,1,canonical_resolved,True
879,id:879,BBK,Kasane Airport,Kasane,Botswana,3,3,1,1,1,1,1,canonical_resolved,True
2708,id:2708,BGA,Palonegro Airport,Bucaramanga,Colombia,3,3,2,2,1,1,1,canonical_resolved,True
3463,id:3463,BGR,Bangor International Airport,Bangor,United States,3,3,2,2,0,0,1,canonical_resolved,True
2062,id:2062,BHH,Bisha Airport,Bisha,Saudi Arabia,3,3,1,1,0,0,1,canonical_resolved,True
2501,id:2501,BHI,Comandante Espora Airport,Bahia Blanca,Argentina,3,3,2,2,0,0,1,canonical_resolved,True
2980,id:2980,BHK,Bukhara Airport,Bukhara,Uzbekistan,3,4,4,4,2,2,1,canonical_resolved,True
5939,id:5939,BHV,Bahawalpur Airport,Bahawalpur,Pakistan,3,4,2,2,0,0,1,canonical_resolved,True
1120,id:1120,BJM,Bujumbura International Airport,Bujumbura,Burundi,3,4,5,5,3,4,1,canonical_resolved,True
4037,id:4037,BMI,Central Illinois Regional Airport at Bloomington-Normal,Bloomington,United States,3,3,2,2,0,0,1,canonical_resolved,True
4291,id:4291,BNK,Ballina Byron Gateway Airport,Ballina Byron Bay,Australia,3,3,2,2,0,0,1,canonical_resolved,True
5794,id:5794,BNX,Banja Luka International Airport,Banja Luka,Bosnia and Herzegovina,3,3,2,2,2,2,1,canonical_resolved,True
2824,id:2824,BRM,Barquisimeto International Airport,Barquisimeto,Venezuela,3,3,4,4,1,1,1,canonical_resolved,True
3571,id:3571,BRW,Wiley Post Will Rogers Memorial Airport,Barrow,United States,3,2,1,1,0,0,0.666666666666667,canonical_resolved,True
235,id:235,BSK,Biskra Airport,Biskra,Algeria,3,3,2,2,2,2,1,canonical_resolved,True
3294,id:3294,BTJ,Sultan Iskandar Muda International Airport,Banda Aceh,Indonesia,3,3,4,4,2,2,1,canonical_resolved,True
3846,id:3846,BTR,Baton Rouge Metropolitan Airport,Baton Rouge,United States,3,3,3,3,0,0,1,canonical_resolved,True
3417,id:3417,BTT,Bettles Airport,Bettles,United States,3,3,2,2,0,0,1,canonical_resolved,True
1001,id:1001,BUQ,Joshua Mqabuko Nkomo International Airport,Bulawayo,Zimbabwe,3,3,1,1,1,1,1,canonical_resolved,True
1033,id:1033,BUX,Bunia Airport,Bunia,Congo (Kinshasa),3,1,1,1,0,0,0.333333333333333,canonical_resolved,True
6338,id:6338,BWT,Wynyard Airport,Burnie,Australia,3,3,2,2,0,0,1,canonical_resolved,True
5591,id:5591,BZG,Bydgoszcz Ignacy Jan Paderewski Airport,Bydgoszcz,Poland,3,3,1,1,3,3,1,canonical_resolved,True
2535,id:2535,CAC,Cascavel Airport,Cascavel,Brazil,3,3,2,2,0,0,1,canonical_resolved,True
2543,id:2543,CAW,Bartolomeu Lisandro Airport,Campos,Brazil,3,3,2,2,0,0,1,canonical_resolved,True
5897,id:5897,CCV,Craig Cove Airport,Craig Cove,Vanuatu,3,4,1,1,0,0,1,canonical_resolved,True
3932,id:3932,CEI,Chiang Rai International Airport,Chiang Rai,Thailand,3,3,5,5,1,1,1,canonical_resolved,True
7364,id:7364,CFB,Cabo Frio Airport,Cabo Frio,Brazil,3,3,2,2,0,0,1,canonical_resolved,True
4015,id:4015,CHO,Charlottesville Albemarle Airport,Charlottesville VA,United States,3,2,2,2,0,0,0.666666666666667,canonical_resolved,True
7532,id:7532,CKS,Carajás Airport,Parauapebas,Brazil,3,4,2,2,0,0,1,canonical_resolved,True
1904,id:1904,CMW,Ignacio Agramonte International Airport,Camaguey,Cuba,3,3,1,1,2,2,1,canonical_resolved,True
6795,id:6795,COQ,Choibalsan Airport,Choibalsan,Mongolia,3,3,2,2,2,2,1,canonical_resolved,True
14109,id:14109,CPO,Desierto de Atacama Airport,Copiapo,Chile,3,3,2,2,0,0,1,canonical_resolved,True
2547,id:2547,CXJ,Hugo Cantergiani Regional Airport,Caxias Do Sul,Brazil,3,3,2,2,0,0,1,canonical_resolved,True
1903,id:1903,CYO,Vilo Acuña International Airport,Cayo Largo del Sur,Cuba,3,2,2,2,1,1,0.333333333333333,canonical_resolved,True
5421,id:5421,DAU,Daru Airport,Daru,Papua New Guinea,3,3,2,2,0,0,1,canonical_resolved,True
1285,id:1285,DCM,Castres-Mazamet Airport,Castres,France,3,3,1,1,0,0,1,canonical_resolved,True
6433,id:6433,DDG,Dandong Airport,Dandong,China,3,3,3,3,0,0,1,canonical_resolved,True
3057,id:3057,DIB,Dibrugarh Airport,Mohanbari,India,3,3,2,2,0,0,0.666666666666667,canonical_resolved,True
3310,id:3310,DIL,Presidente Nicolau Lobato International Airport,Dili,East Timor,3,3,3,3,3,3,1,canonical_resolved,True
1112,id:1112,DIR,Aba Tenna Dejazmach Yilma International Airport,Dire Dawa,Ethiopia,3,3,1,1,1,1,1,canonical_resolved,True
1722,id:1722,DIY,Diyarbakir Airport,Diyabakir,Turkey,3,3,4,4,0,0,1,canonical_resolved,True
1309,id:1309,DLE,Dole-Tavaux Airport,Dole,France,3,3,1,1,3,3,1,canonical_resolved,True
4153,id:4153,DLI,Lien Khuong Airport,Dalat,Vietnam,3,3,2,2,0,0,1,canonical_resolved,True
6262,id:6262,DMD,Doomadgee Airport,Doomadgee,Australia,3,3,1,1,0,0,1,canonical_resolved,True
1405,id:1405,DNR,Dinard-Pleurtuit-Saint-Malo Airport,Dinard,France,3,3,2,2,3,3,1,canonical_resolved,True
7380,id:7380,DOU,Dourados Airport,Dourados,Brazil,3,3,2,2,0,0,1,canonical_resolved,True
4201,id:4201,DPL,Dipolog Airport,Dipolog,Philippines,3,3,2,2,0,0,1,canonical_resolved,True
3860,id:3860,DUT,Unalaska Airport,Unalaska,United States,3,3,1,1,0,0,1,canonical_resolved,True
2075,id:2075,EAM,Nejran Airport,Nejran,Saudi Arabia,3,3,1,1,0,0,1,canonical_resolved,True
7184,id:7184,ELI,Elim Airport,Elim,United States,3,2,1,1,0,0,0.666666666666667,canonical_resolved,True
3946,id:3946,ELM,Elmira Corning Regional Airport,Elmira,United States,3,3,2,2,0,0,1,canonical_resolved,True
264,id:264,ENU,Akanu Ibiam International Airport,Enugu,Nigeria,3,3,2,2,1,1,1,canonical_resolved,True
4276,id:4276,ERI,Erie International Tom Ridge Field,Erie,United States,3,3,3,3,0,0,1,canonical_resolved,True
5645,id:5645,ERS,Eros Airport,Windhoek,Namibia,3,3,1,1,0,0,1,canonical_resolved,True
6047,id:6047,ESM,General Rivadeneira Airport,Esmeraldas,Ecuador,3,3,1,1,1,1,1,canonical_resolved,True
1594,id:1594,ETH,Eilat Airport,Elat,Israel,3,3,2,2,0,0,1,canonical_resolved,True
5672,id:5672,EUN,Hassan I Airport,El Aaiún,Western Sahara,3,3,2,2,3,3,1,canonical_resolved,True
5737,id:5737,EWB,New Bedford Regional Airport,New Bedford,United States,3,2,1,1,0,0,0.666666666666667,canonical_resolved,True
1721,id:1721,EZS,Elazığ Airport,Elazig,Turkey,3,3,3,3,0,0,1,canonical_resolved,True
3743,id:3743,FMN,Four Corners Regional Airport,Farmington,United States,3,3,1,1,0,0,1,canonical_resolved,True
1441,id:1441,FSP,St Pierre Airport,St.-pierre,Saint Pierre and Miquelon,3,3,1,1,3,3,1,canonical_resolved,True
4061,id:4061,FTE,El Calafate Airport,El Calafate,Argentina,3,3,1,1,0,0,1,canonical_resolved,True
3420,id:3420,FYU,Fort Yukon Airport,Fort Yukon,United States,3,3,2,2,0,0,1,canonical_resolved,True
3764,id:3764,GAL,Edward G. Pitka Sr Airport,Galena,United States,3,1,2,2,0,0,0.333333333333333,canonical_resolved,True
6183,id:6183,GAN,Gan International Airport,Gan Island,Maldives,3,3,1,1,1,1,1,canonical_resolved,True
5807,id:5807,GDT,JAGS McCartney International Airport,Cockburn Town,Turks and Caicos Islands,3,3,2,2,0,0,1,canonical_resolved,True
2402,id:2402,GES,General Santos International Airport,Romblon,Philippines,3,3,2,2,0,0,1,canonical_resolved,True
5688,id:5688,GLK,Galcaio Airport,Galcaio,Somalia,3,3,2,2,1,1,0.666666666666667,canonical_resolved,True
9044,id:9044,GNY,Şanlıurfa GAP Airport,Sanliurfa,Turkey,3,3,3,3,0,0,1,canonical_resolved,True
1036,id:1036,GOM,Goma International Airport,Goma,Congo (Kinshasa),3,3,1,1,0,0,0.666666666666667,canonical_resolved,True
1473,id:1473,GPA,Araxos Airport,Patras,Greece,3,3,2,2,3,3,1,canonical_resolved,True
4038,id:4038,GPT,Gulfport Biloxi International Airport,Gulfport,United States,3,3,2,2,0,0,1,canonical_resolved,True
5740,id:5740,GRI,Central Nebraska Regional Airport,Grand Island,United States,3,3,2,2,0,0,1,canonical_resolved,True
1223,id:1223,GRX,Federico Garcia Lorca Airport,Granada,Spain,3,3,3,3,1,1,1,canonical_resolved,True
6270,id:6270,GTE,Groote Eylandt Airport,Groote Eylandt,Australia,3,3,2,2,0,0,1,canonical_resolved,True
5422,id:5422,GUR,Gurney Airport,Gurney,Papua New Guinea,3,3,2,2,0,0,1,canonical_resolved,True
2203,id:2203,GWD,Gwadar International Airport,Gwadar,Pakistan,3,3,1,1,1,1,1,canonical_resolved,True
3336,id:3336,HBA,Hobart International Airport,Hobart,Australia,3,3,3,3,0,0,1,canonical_resolved,True
3213,id:3213,HEH,Heho Airport,Heho,Burma,3,4,3,3,0,0,1,canonical_resolved,True
5424,id:5424,HKN,Kimbe Airport,Hoskins,Papua New Guinea,3,3,2,2,0,0,1,canonical_resolved,True
2060,id:2060,HOF,Al Ahsa Airport,Al-ahsa,Saudi Arabia,3,3,2,2,1,1,1,canonical_resolved,True
5996,id:5996,HSG,Saga Airport,Saga,Japan,3,2,3,2,2,1,0.666666666666667,canonical_resolved,True
6242,id:6242,HTI,Hamilton Island Airport,Hamilton Island,Australia,3,3,2,2,0,0,1,canonical_resolved,True
515,id:515,HUY,Humberside Airport,Humberside,United Kingdom,3,3,2,2,1,1,1,canonical_resolved,True
4326,id:4326,HVG,Valan Airport,Honningsvag,Norway,3,2,1,1,0,0,0.666666666666667,canonical_resolved,True
6141,id:6141,IJK,Izhevsk Airport,Izhevsk,Russia,3,3,2,2,0,0,1,canonical_resolved,True
976,id:976,INH,Inhambane Airport,Inhambane,Mozambique,3,3,1,1,1,1,1,canonical_resolved,True
4076,id:4076,INU,Nauru International Airport,Nauru,Nauru,3,3,1,1,3,3,1,canonical_resolved,True
5918,id:5918,IPA,Ipota Airport,Ipota,Vanuatu,3,3,1,1,0,0,1,canonical_resolved,True
2570,id:2570,IPN,Usiminas Airport,Ipatinga,Brazil,3,3,1,1,0,0,1,canonical_resolved,True
6365,id:6365,IQN,Qingyang Airport,Qingyang,China,3,3,2,2,0,0,1,canonical_resolved,True
5409,id:5409,IRA,Ngorangora Airport,Kirakira,Solomon Islands,3,3,1,1,0,0,1,canonical_resolved,True
4347,id:4347,ISC,St. Mary's Airport,ST MARY\'S,United Kingdom,3,3,1,1,0,0,1,canonical_resolved,True
3415,id:3415,ITO,Hilo International Airport,Hilo,United States,3,3,3,2,0,0,1,canonical_resolved,True
3038,id:3038,IXA,Agartala Airport,Agartala,India,3,3,3,3,0,0,1,canonical_resolved,True
3089,id:3089,IXC,Chandigarh Airport,Chandigarh,India,3,3,5,5,0,0,1,canonical_resolved,True
3104,id:3104,IXL,Leh Kushok Bakula Rimpochee Airport,Leh,India,3,3,3,2,0,0,1,canonical_resolved,True
3055,id:3055,IXS,Silchar Airport,Silchar,India,3,3,1,1,0,0,1,canonical_resolved,True
3146,id:3146,IXZ,Vir Savarkar International Airport,Port Blair,India,3,3,4,4,0,0,0.666666666666667,canonical_resolved,True
7384,id:7384,JCB,Santa Terezinha Airport,Joacaba,Brazil,3,3,1,1,0,0,1,canonical_resolved,True
3997,id:3997,JEG,Aasiaat Airport,Aasiaat,Greenland,3,3,1,1,0,0,1,canonical_resolved,True
8979,id:8979,JGD,Jiagedaqi Airport,Jiagedaqi District,China,3,3,3,3,0,0,1,canonical_resolved,True
6432,id:6432,JGN,Jiayuguan Airport,Jiayuguan,China,3,3,4,4,0,0,1,canonical_resolved,True
5447,id:5447,JHS,Sisimiut Airport,Sisimiut,Greenland,3,3,1,1,0,0,1,canonical_resolved,True
7417,id:7417,JIJ,Wilwal International Airport,Jijiga,Ethiopia,3,3,1,1,0,0,1,canonical_resolved,True
4192,id:4192,JKL,Kalymnos Airport,Kalymnos,Greece,3,3,2,2,0,0,1,canonical_resolved,True
6412,id:6412,JNZ,Jinzhou Airport,Jinzhou,China,3,3,3,3,0,0,1,canonical_resolved,True
8238,id:8238,JTC,Bauru - Arealva Airport,Bauru,Brazil,3,3,2,2,0,0,1,canonical_resolved,True
6382,id:6382,JUZ,Quzhou Airport,Quzhou,China,3,3,3,3,0,0,1,canonical_resolved,True
1042,id:1042,KGA,Kananga Airport,Kananga,Congo (Kinshasa),3,3,1,1,0,0,1,canonical_resolved,True
1454,id:1454,KIT,Kithira Airport,Kithira,Greece,3,3,4,4,0,1,0.666666666666667,canonical_resolved,True
4322,id:4322,KLU,Klagenfurt Airport,Klagenfurt,Austria,3,3,1,1,3,3,1,canonical_resolved,True
1579,id:1579,KLV,Karlovy Vary International Airport,Karlovy Vary,Czech Republic,3,3,3,3,3,3,1,canonical_resolved,True
3347,id:3347,KNX,Kununurra Airport,Kununurra,Australia,3,3,2,2,0,0,1,canonical_resolved,True
1746,id:1746,KSC,Košice Airport,Kosice,Slovakia,3,3,3,3,2,2,1,canonical_resolved,True
2114,id:2114,KSH,Shahid Ashrafi Esfahani Airport,Bakhtaran,Iran,3,3,4,4,1,1,1,canonical_resolved,True
6088,id:6088,KSN,Kostanay West Airport,Kostanay,Kazakhstan,3,3,3,3,1,1,1,canonical_resolved,True
6153,id:6153,KSQ,Karshi Khanabad Airport,Khanabad,Uzbekistan,3,3,3,3,2,2,1,canonical_resolved,True
3299,id:3299,KUA,Kuantan Airport,Kuantan,Malaysia,3,3,2,2,1,1,1,canonical_resolved,True
5994,id:5994,KUH,Kushiro Airport,Kushiro,Japan,3,3,4,4,1,1,1,canonical_resolved,True
5428,id:5428,KVG,Kavieng Airport,Kavieng,Papua New Guinea,3,3,2,2,0,0,1,canonical_resolved,True
6142,id:6142,KVX,Pobedilovo Airport,Kirov,Russia,3,3,2,2,0,0,1,canonical_resolved,True
2251,id:2251,KWA,Bucholz Army Air Field,Kwajalein,Marshall Islands,3,3,1,1,2,2,1,canonical_resolved,True
5747,id:5747,LBE,Arnold Palmer Regional Airport,Latrobe,United States,3,3,1,1,0,0,1,canonical_resolved,True
2000,id:2000,LIF,Lifou Airport,Lifou,New Caledonia,3,3,1,1,0,0,1,canonical_resolved,True
5580,id:5580,LKN,Leknes Airport,Leknes,Norway,3,3,1,1,0,0,1,canonical_resolved,True
8845,id:8845,LLF,Lingling Airport,Yongzhou,China,3,3,2,2,0,0,1,canonical_resolved,True
1117,id:1117,LLI,Lalibella Airport,Lalibella,Ethiopia,3,3,1,1,0,0,0.666666666666667,canonical_resolved,True
5904,id:5904,LNE,Lonorore Airport,Lonorore,Vanuatu,3,3,1,1,0,0,1,canonical_resolved,True
3851,id:3851,LNY,Lanai Airport,Lanai,United States,3,2,3,3,0,0,0.666666666666667,canonical_resolved,True
441,id:441,LPP,Lappeenranta Airport,Lappeenranta,Finland,3,3,1,1,3,3,1,canonical_resolved,True
1464,id:1464,LRS,Leros Airport,Leros,Greece,3,3,2,2,0,0,1,canonical_resolved,True
2844,id:2844,LSP,Josefa Camejo International Airport,Paraguana,Venezuela,3,3,4,4,2,2,1,canonical_resolved,True
906,id:906,LVI,Livingstone Airport,Livingstone,Zambia,3,3,3,3,2,2,0.666666666666667,canonical_resolved,True
1994,id:1994,MAU,Maupiti Airport,Maupiti,French Polynesia,3,3,1,1,0,0,1,canonical_resolved,True
5965,id:5965,MCG,McGrath Airport,Mcgrath,United States,3,4,3,3,0,0,1,canonical_resolved,True
6037,id:6037,MEA,Macaé Airport,Macaé,Brazil,3,3,2,2,0,0,1,canonical_resolved,True
442,id:442,MHQ,Mariehamn Airport,Mariehamn,Finland,3,3,2,2,1,1,1,canonical_resolved,True
6294,id:6294,MIM,Merimbula Airport,Merimbula,Australia,3,3,1,1,0,0,1,canonical_resolved,True
3260,id:3260,MKW,Rendani Airport,Manokwari,Indonesia,3,3,2,2,0,0,1,canonical_resolved,True
2290,id:2290,MMB,Memanbetsu Airport,Memanbetsu,Japan,3,3,3,3,0,0,1,canonical_resolved,True
2949,id:2949,MMK,Murmansk Airport,Murmansk,Russia,3,3,3,3,0,0,1,canonical_resolved,True
2390,id:2390,MMY,Miyako Airport,Miyako,Japan,3,3,3,3,0,0,1,canonical_resolved,True
6296,id:6296,MNG,Maningrida Airport,Maningrida,Australia,3,3,1,1,0,0,1,canonical_resolved,True
3782,id:3782,MOB,Mobile Regional Airport,Mobile,United States,3,3,2,3,0,0,1,canonical_resolved,True
3498,id:3498,MOT,Minot International Airport,Minot,United States,3,3,2,2,0,0,1,canonical_resolved,True
6753,id:6753,MQM,Mardin Airport,Mardin,Turkey,3,3,2,2,0,0,1,canonical_resolved,True
4216,id:4216,MSO,Missoula International Airport,Missoula,United States,3,3,2,2,0,0,1,canonical_resolved,True
5893,id:5893,MTV,Mota Lava Airport,Ablow,Vanuatu,3,3,1,1,0,0,1,canonical_resolved,True
5694,id:5694,MYD,Malindi Airport,Malindi,Kenya,3,2,4,4,0,0,0.666666666666667,canonical_resolved,True
3224,id:3224,MYT,Myitkyina Airport,Myitkyina,Burma,3,3,2,2,0,0,1,canonical_resolved,True
2053,id:2053,MZR,Mazar I Sharif Airport,Mazar-i-sharif,Afghanistan,3,3,4,4,2,2,0.666666666666667,canonical_resolved,True
4056,id:4056,MZV,Mulu Airport,Mulu,Malaysia,3,3,2,2,1,1,1,canonical_resolved,True
6151,id:6151,NCU,Nukus Airport,Nukus,Uzbekistan,3,3,3,3,2,2,1,canonical_resolved,True
1097,id:1097,NDB,Nouadhibou International Airport,Nouadhibou,Mauritania,3,3,2,2,1,1,1,canonical_resolved,True
3359,id:3359,NLK,Norfolk Island International Airport,Norfolk Island,Norfolk Island,3,2,1,1,3,2,0.666666666666667,canonical_resolved,True
4371,id:4371,NNM,Naryan Mar Airport,Naryan-Mar,Russia,3,3,2,2,0,0,1,canonical_resolved,True
948,id:948,NOV,Nova Lisboa Airport,Huambo,Angola,3,3,1,1,0,0,1,canonical_resolved,True
2509,id:2509,NQN,Presidente Peron Airport,Neuquen,Argentina,3,3,2,2,0,0,1,canonical_resolved,True
6485,id:6485,NVI,Navoi Airport,Navoi,Uzbekistan,3,3,4,4,2,2,1,canonical_resolved,True
6139,id:6139,NYA,Nyagan Airport,Nyagan,Russia,3,3,2,2,0,0,1,canonical_resolved,True
5695,id:5695,NYK,Nanyuki Airport,Nanyuki,Kenya,3,2,2,2,0,0,0.666666666666667,canonical_resolved,True
3209,id:3209,NYU,Bagan Airport,Bagan,Burma,3,2,3,3,0,0,0.666666666666667,canonical_resolved,True
6943,id:6943,OHE,Gu-Lian Airport,Mohe County,China,3,3,2,2,0,0,1,canonical_resolved,True
6304,id:6304,ONG,Mornington Island Airport,Mornington Island,Australia,3,3,1,1,0,0,1,canonical_resolved,True
5593,id:5593,OSD,Åre Östersund Airport,Östersund,Sweden,3,3,3,3,0,0,1,canonical_resolved,True
1582,id:1582,OSR,Ostrava Leos Janáček Airport,Ostrava,Czech Republic,3,3,3,3,2,2,1,canonical_resolved,True
5581,id:5581,OSY,Namsos Høknesøra Airport,Namsos,Norway,3,3,1,1,0,0,1,canonical_resolved,True
9824,id:9824,OUZ,Tazadit Airport,Zouerat,Mauritania,3,3,1,1,1,1,1,canonical_resolved,True
1830,id:1830,PAZ,El Tajín National Airport,Poza Rico,Mexico,3,3,2,2,0,0,1,canonical_resolved,True
2781,id:2781,PCL,Cap FAP David Abenzur Rengifo International Airport,Pucallpa,Peru,3,3,2,2,0,0,1,canonical_resolved,True
3278,id:3278,PDG,Minangkabau International Airport,Padang,Indonesia,3,3,5,5,1,1,1,canonical_resolved,True
4124,id:4124,PGA,Page Municipal Airport,Page,United States,3,3,2,2,0,0,1,canonical_resolved,True
5761,id:5761,PIR,Pierre Regional Airport,Pierre,United States,3,3,1,1,0,0,1,canonical_resolved,True
3958,id:3958,PLQ,Palanga International Airport,Palanga,Lithuania,3,3,3,3,3,3,1,canonical_resolved,True
2918,id:2918,PLX,Semipalatinsk Airport,Semiplatinsk,Kazakhstan,3,3,1,1,0,0,1,canonical_resolved,True
4214,id:4214,PMW,Brigadeiro Lysias Rodrigues Airport,Palmas,Brazil,3,3,4,4,0,0,1,canonical_resolved,True
2255,id:2255,PNI,Pohnpei International Airport,Pohnpei,Micronesia,3,3,1,1,1,1,1,canonical_resolved,True
3284,id:3284,PNK,Supadio Airport,Pontianak,Indonesia,3,3,4,4,0,0,1,canonical_resolved,True
1511,id:1511,PNL,Pantelleria Airport,Pantelleria,Italy,3,3,2,2,0,0,1,canonical_resolved,True
5423,id:5423,PNP,Girua Airport,Girua,Papua New Guinea,3,3,2,2,0,0,1,canonical_resolved,True
5567,id:5567,PPW,Papa Westray Airport,Papa Westray,United Kingdom,3,3,1,1,0,0,1,canonical_resolved,True
3204,id:3204,PQC,Phu Quoc International Airport,Phuquoc,Vietnam,3,3,3,3,0,0,1,canonical_resolved,True
2706,id:2706,PUU,Tres De Mayo Airport,Puerto Asis,Colombia,3,3,1,1,0,0,1,canonical_resolved,True
7579,id:7579,PVU,Provo Municipal Airport,Provo,United States,3,3,1,1,0,0,1,canonical_resolved,True
2917,id:2917,PWQ,Pavlodar Airport,Pavlodar,Kazakhstan,3,3,2,2,1,1,1,canonical_resolved,True
6194,id:6194,PXU,Pleiku Airport,Pleiku,Vietnam,3,3,1,1,0,0,1,canonical_resolved,True
5702,id:5702,PZU,Port Sudan New International Airport,Port Sudan,Sudan,3,4,3,3,2,3,1,canonical_resolved,True
1838,id:1838,QRO,Querétaro Intercontinental Airport,Queretaro,Mexico,3,3,2,2,0,0,1,canonical_resolved,True
2609,id:2609,RBR,Plácido de Castro Airport,Rio Branco,Brazil,3,3,3,3,0,0,1,canonical_resolved,True
6040,id:6040,RIA,Santa Maria Airport,Santa Maria,Brazil,3,3,2,2,0,0,1,canonical_resolved,True
8630,id:8630,RLK,Bayannur Tianjitai Airport,Bayannur,China,3,3,2,2,0,0,1,canonical_resolved,True
5583,id:5583,RVK,"Rørvik Airport, Ryum",Rørvik,Norway,3,3,1,1,0,0,1,canonical_resolved,True
2222,id:2222,RYK,Shaikh Zaid Airport,Rahim Yar Khan,Pakistan,3,3,1,1,1,1,1,canonical_resolved,True
3267,id:3267,SBW,Sibu Airport,Sibu,Malaysia,3,3,3,3,0,0,1,canonical_resolved,True
3620,id:3620,SCC,Deadhorse Airport,Deadhorse,United States,3,3,2,2,0,0,1,canonical_resolved,True
959,id:959,SDD,Lubango Airport,Lubango,Angola,3,3,1,1,1,1,1,canonical_resolved,True
726,id:726,SFT,Skellefteå Airport,Skelleftea,Sweden,3,3,2,2,2,2,1,canonical_resolved,True
7192,id:7192,SKK,Shaktoolik Airport,Shaktoolik,United States,3,2,1,1,0,0,0.666666666666667,canonical_resolved,True
5894,id:5894,SLH,Sola Airport,Sola,Vanuatu,3,3,1,1,0,0,1,canonical_resolved,True
920,id:920,SMS,Sainte Marie Airport,Sainte Marie,Madagascar,3,3,1,1,1,1,1,canonical_resolved,True
953,id:953,SPP,Menongue Airport,Menongue,Angola,3,3,1,1,0,0,1,canonical_resolved,True
660,id:660,SRP,Stord Airport,Stord,Norway,3,3,1,1,0,0,1,canonical_resolved,True
4247,id:4247,SRZ,El Trompillo Airport,Santa Cruz,Bolivia,3,3,2,2,0,0,1,canonical_resolved,True
2963,id:2963,STW,Stavropol Shpakovskoye Airport,Stavropol,Russia,3,3,4,4,1,1,1,canonical_resolved,True
933,id:933,SVB,Sambava Airport,Sambava,Madagascar,3,3,1,1,0,0,1,canonical_resolved,True
5587,id:5587,SVJ,Svolvær Helle Airport,Svolvær,Norway,3,3,1,1,0,0,1,canonical_resolved,True
5434,id:5434,TBG,Tabubil Airport,Tabubil,Papua New Guinea,3,3,2,2,0,0,1,canonical_resolved,True
1963,id:1963,TBU,Fua'amotu International Airport,Tongatapu,Tonga,3,3,2,2,3,3,1,canonical_resolved,True
3243,id:3243,TIM,Moses Kilangin Airport,Timika,Indonesia,3,3,2,2,0,0,1,canonical_resolved,True
5433,id:5433,TIZ,Tari Airport,Tari,Papua New Guinea,3,2,2,2,0,0,0.666666666666667,canonical_resolved,True
1986,id:1986,TKX,Takaroa Airport,Takaroa,French Polynesia,3,2,1,1,0,0,0.666666666666667,canonical_resolved,True
943,id:943,TLE,Toliara Airport,Toliara,Madagascar,3,3,1,1,0,0,1,canonical_resolved,True
1438,id:1438,TLN,Toulon-Hyères Airport,Hyeres,France,3,3,3,3,2,2,1,canonical_resolved,True
973,id:973,TMS,São Tomé International Airport,Sao Tome,Sao Tome and Principe,3,2,2,1,3,2,0.666666666666667,canonical_resolved,True
5697,id:5697,TOB,Gamal Abdel Nasser Airport,Tobruk,Libya,3,3,2,3,2,2,1,canonical_resolved,True
5895,id:5895,TOH,Torres Airstrip,Loh/Linua,Vanuatu,3,3,1,1,0,0,1,canonical_resolved,True
2806,id:2806,TPP,Cadete FAP Guillermo Del Castillo Paredes Airport,Tarapoto,Peru,3,3,2,2,0,0,1,canonical_resolved,True
1965,id:1965,TRW,Bonriki International Airport,Tarawa,Kiribati,3,3,2,2,3,3,1,canonical_resolved,True
3253,id:3253,TTE,Sultan Khairun Babullah Airport,Ternate,Indonesia,3,3,3,3,0,0,1,canonical_resolved,True
1972,id:1972,TUB,Tubuai Airport,Tubuai,French Polynesia,3,2,1,1,0,0,0.666666666666667,canonical_resolved,True
3271,id:3271,TWU,Tawau Airport,Tawau,Malaysia,3,3,2,2,0,0,1,canonical_resolved,True
5892,id:5892,UAH,Ua Huka Airport,Ua Huka,French Polynesia,3,3,1,1,0,0,1,canonical_resolved,True
5891,id:5891,UAP,Ua Pou Airport,Ua Pou,French Polynesia,3,3,1,1,0,0,1,canonical_resolved,True
986,id:986,UEL,Quelimane Airport,Quelimane,Mozambique,3,3,1,1,0,0,1,canonical_resolved,True
2753,id:2753,UIB,El Caraño Airport,Quibdo,Colombia,3,3,1,1,0,0,1,canonical_resolved,True
5910,id:5910,ULB,Uléi Airport,Ambryn Island,Vanuatu,3,2,1,1,0,0,0.666666666666667,canonical_resolved,True
2916,id:2916,URA,Uralsk Airport,Uralsk,Kazakhstan,3,3,2,2,0,0,1,canonical_resolved,True
4377,id:4377,URJ,Uray Airport,Uraj,Russia,3,3,2,2,0,0,1,canonical_resolved,True
4000,id:4000,URT,Surat Thani Airport,Surat Thani,Thailand,3,3,4,4,1,1,1,canonical_resolved,True
2497,id:2497,USH,Malvinas Argentinas Airport,Ushuaia,Argentina,3,4,1,2,0,0,1,canonical_resolved,True
6160,id:6160,UUA,Bugulma Airport,Bugulma,Russia,3,3,2,2,0,0,1,canonical_resolved,True
5436,id:5436,VAI,Vanimo Airport,Vanimo,Papua New Guinea,3,3,1,1,0,0,1,canonical_resolved,True
1728,id:1728,VAN,Van Ferit Melen Airport,Van,Turkey,3,3,2,2,0,0,1,canonical_resolved,True
1694,id:1694,VAS,Sivas Nuri Demirağ Airport,Sivas,Turkey,3,3,2,2,0,0,1,canonical_resolved,True
5589,id:5589,VAW,"Vardø Airport, Svartnes",Vardø,Norway,3,3,1,1,0,0,1,canonical_resolved,True
6039,id:6039,VDC,Vitória da Conquista Airport,Vitória Da Conquista,Brazil,3,3,3,3,0,0,1,canonical_resolved,True
1052,id:1052,VDE,Hierro Airport,Hierro,Spain,3,3,1,1,0,0,1,canonical_resolved,True
5670,id:5670,VIL,Dakhla Airport,Dakhla,Western Sahara,3,3,2,2,3,3,1,canonical_resolved,True
990,id:990,VNX,Vilankulo Airport,Vilankulu,Mozambique,3,3,1,1,1,1,1,canonical_resolved,True
733,id:733,VST,Stockholm Västerås Airport,Vasteras,Sweden,3,3,1,1,3,3,1,canonical_resolved,True
1968,id:1968,WLS,Hihifo Airport,Wallis,Wallis and Futuna,3,3,1,1,2,2,1,canonical_resolved,True
5466,id:5466,WNN,Wunnumin Lake Airport,Wunnumin Lake,Canada,3,2,1,1,0,0,0.666666666666667,canonical_resolved,True
6744,id:6744,WUZ,Wuzhou Changzhoudao Airport,Wuzhou,China,3,3,1,1,0,0,1,canonical_resolved,True
3396,id:3396,XIC,Xichang Qingshan Airport,Xichang,China,3,3,4,4,0,0,1,canonical_resolved,True
6350,id:6350,XIL,Xilinhot Airport,Xilinhot,China,3,3,5,5,0,0,1,canonical_resolved,True
1978,id:1978,XMH,Manihi Airport,Manihi,French Polynesia,3,3,1,1,0,0,1,canonical_resolved,True
21,id:21,YAM,Sault Ste Marie Airport,Sault Sainte Marie,Canada,3,3,2,2,0,0,1,canonical_resolved,True
24,id:24,YAY,St. Anthony Airport,St. Anthony,Canada,3,3,1,1,0,0,1,canonical_resolved,True
27,id:27,YBC,Baie Comeau Airport,Baie Comeau,Canada,3,3,2,2,0,0,1,canonical_resolved,True
28,id:28,YBG,CFB Bagotville,Bagotville,Canada,3,3,1,1,0,0,0.666666666666667,canonical_resolved,True
29,id:29,YBK,Baker Lake Airport,Baker Lake,Canada,3,3,2,2,0,0,1,canonical_resolved,True
5485,id:5485,YBX,Lourdes de Blanc Sablon Airport,Lourdes-De-Blanc-Sablon,Canada,3,3,2,2,0,0,1,canonical_resolved,True
37,id:37,YCO,Kugluktuk Airport,Coppermine,Canada,3,3,2,2,0,0,1,canonical_resolved,True
5487,id:5487,YCS,Chesterfield Inlet Airport,Chesterfield Inlet,Canada,3,3,2,2,0,0,1,canonical_resolved,True
45,id:45,YDF,Deer Lake Airport,Deer Lake,Canada,3,4,3,3,0,0,1,canonical_resolved,True
50,id:50,YEK,Arviat Airport,Eskimo Point,Canada,3,3,2,3,0,0,1,canonical_resolved,True
5489,id:5489,YER,Fort Severn Airport,Fort Severn,Canada,3,2,1,1,0,0,0.666666666666667,canonical_resolved,True
5491,id:5491,YFH,Fort Hope Airport,Fort Hope,Canada,3,3,1,1,0,0,1,canonical_resolved,True
58,id:58,YFO,Flin Flon Airport,Flin Flon,Canada,3,3,2,2,0,0,1,canonical_resolved,True
62,id:62,YGL,La Grande Rivière Airport,La Grande Riviere,Canada,3,3,1,1,0,0,1,canonical_resolved,True
5495,id:5495,YGT,Igloolik Airport,Igloolik,Canada,3,3,2,2,0,0,1,canonical_resolved,True
68,id:68,YHI,Ulukhaktok Holman Airport,Holman Island,Canada,3,3,2,2,0,0,1,canonical_resolved,True
69,id:69,YHK,Gjoa Haven Airport,Gjoa Haven,Canada,3,3,2,2,0,0,1,canonical_resolved,True
5503,id:5503,YHR,Chevery Airport,Chevery,Canada,3,3,1,1,0,0,1,canonical_resolved,True
72,id:72,YHY,Hay River / Merlyn Carter Airport,Hay River,Canada,3,3,2,2,0,0,1,canonical_resolved,True
6789,id:6789,YIF,St Augustin Airport,St-Augustin,Canada,3,3,1,1,0,0,1,canonical_resolved,True
78,id:78,YKA,Kamloops Airport,Kamloops,Canada,3,3,2,2,0,0,1,canonical_resolved,True
5481,id:5481,YKG,Kangirsuk Airport,Kangirsuk,Canada,3,3,1,1,0,0,1,canonical_resolved,True
5492,id:5492,YMN,Makkovik Airport,Makkovik,Canada,3,3,2,2,0,0,1,canonical_resolved,True
91,id:91,YMO,Moosonee Airport,Moosonee,Canada,3,3,1,1,0,0,1,canonical_resolved,True
5514,id:5514,YMT,Chapais Airport,Chibougamau,Canada,3,3,1,1,0,0,1,canonical_resolved,True
94,id:94,YNA,Natashquan Airport,Natashquan,Canada,3,3,2,2,0,0,1,canonical_resolved,True
5520,id:5520,YPH,Inukjuak Airport,Inukjuak,Canada,3,4,1,1,0,0,1,canonical_resolved,True
5508,id:5508,YPJ,Aupaluk Airport,Aupaluk,Canada,3,3,1,1,0,0,1,canonical_resolved,True
5524,id:5524,YQD,The Pas Airport,The Pas,Canada,3,3,2,2,0,0,1,canonical_resolved,True
112,id:112,YQF,Red Deer Regional Airport,Red Deer Industrial,Canada,3,3,2,2,0,0,1,canonical_resolved,True
113,id:113,YQG,Windsor Airport,Windsor,Canada,3,3,3,3,0,0,1,canonical_resolved,True
115,id:115,YQK,Kenora Airport,Kenora,Canada,3,3,1,1,0,0,1,canonical_resolved,True
5529,id:5529,YSK,Sanikiluaq Airport,Sanikiluaq,Canada,3,3,2,2,0,0,1,canonical_resolved,True
7252,id:7252,YSO,Postville Airport,Postville,Canada,3,3,2,2,0,0,1,canonical_resolved,True
5515,id:5515,YUD,Umiujaq Airport,Umiujaq,Canada,3,3,1,1,0,0,1,canonical_resolved,True
147,id:147,YUT,Repulse Bay Airport,Repulse Bay,Canada,3,3,2,2,0,0,1,canonical_resolved,True
149,id:149,YUY,Rouyn Noranda Airport,Rouyn,Canada,3,3,2,2,0,0,1,canonical_resolved,True
6775,id:6775,YVB,Bonaventure Airport,Bonaventure,Canada,3,4,1,1,0,0,0.666666666666667,canonical_resolved,True
173,id:173,YXT,Northwest Regional Airport Terrace-Kitimat,Terrace,Canada,3,3,3,3,0,0,1,canonical_resolved,True
179,id:179,YYD,Smithers Airport,Smithers,Canada,3,3,2,2,0,0,1,canonical_resolved,True
180,id:180,YYE,Fort Nelson Airport,Fort Nelson,Canada,3,3,1,1,0,0,1,canonical_resolved,True
183,id:183,YYH,Taloyoak Airport,Spence Bay,Canada,3,3,2,2,0,0,1,canonical_resolved,True
5906,id:5906,ZGU,Gaua Island Airport,Gaua Island,Vanuatu,3,3,1,1,0,0,1,canonical_resolved,True
1858,id:1858,ZLO,Playa De Oro International Airport,Manzanillo,Mexico,3,3,4,4,1,1,1,canonical_resolved,True
2030,id:2030,ZQN,Queenstown International Airport,Queenstown International,New Zealand,3,4,3,3,1,2,1,canonical_resolved,True
1956,id:1956,ZSA,San Salvador Airport,Cockburn Town,Bahamas,3,3,4,4,2,2,0.666666666666667,canonical_resolved,True
5548,id:5548,ZSJ,Sandy Lake Airport,Sandy Lake,Canada,3,3,1,1,0,0,0.333333333333333,canonical_resolved,True
3118,id:3118,ZVK,Savannakhet Airport,Savannakhet,Laos,3,3,1,1,1,1,1,canonical_resolved,True
5937,id:5937,AAN,Al Ain International Airport,Al Ain,United Arab Emirates,2,2,2,2,2,2,1,canonical_resolved,True
7177,id:7177,ABL,Ambler Airport,Ambler,United States,2,2,1,1,0,0,0.5,canonical_resolved,True
3333,id:3333,ABX,Albury Airport,Albury,Australia,2,2,1,1,0,0,1,canonical_resolved,True
1679,id:1679,ACH,St Gallen Altenrhein Airport,Altenrhein,Switzerland,2,2,2,2,2,2,1,canonical_resolved,True
497,id:497,ACI,Alderney Airport,Alderney,Guernsey,2,2,1,1,1,1,1,canonical_resolved,True
5935,id:5935,ADU,Ardabil Airport,Ardabil,Iran,2,2,2,2,0,0,1,canonical_resolved,True
1262,id:1262,AGF,Agen-La Garenne Airport,Agen,France,2,2,1,1,0,0,1,canonical_resolved,True
5597,id:5597,AGH,Ängelholm-Helsingborg Airport,Ängelholm,Sweden,2,2,2,2,0,0,1,canonical_resolved,True
3079,id:3079,AGR,Agra Airport,Agra,India,2,2,1,1,0,0,0.5,canonical_resolved,True
3658,id:3658,AGS,Augusta Regional At Bush Field,Bush Field,United States,2,2,2,3,0,0,1,canonical_resolved,True
4305,id:4305,AGT,Guarani International Airport,Ciudad del Este,Paraguay,2,2,1,1,1,1,1,canonical_resolved,True
5889,id:5889,AHE,Ahe Airport,Ahe,French Polynesia,2,3,1,1,0,0,1,canonical_resolved,True
1958,id:1958,AIT,Aitutaki Airport,Aitutaki,Cook Islands,2,1,1,1,0,0,0.5,canonical_resolved,True
5925,id:5925,AJF,Al-Jawf Domestic Airport,Al-Jawf,Saudi Arabia,2,2,1,1,0,0,1,canonical_resolved,True
3039,id:3039,AJL,Lengpui Airport,Aizwal,India,2,2,1,1,0,0,1,canonical_resolved,True
1153,id:1153,AKF,Kufra Airport,Kufra,Libya,2,2,2,2,0,0,1,canonical_resolved,True
6712,id:6712,AKP,Anaktuvuk Pass Airport,Anaktuvuk Pass,United States,2,2,2,2,0,0,1,canonical_resolved,True
6404,id:6404,AKU,Aksu Airport,Aksu,China,2,2,4,4,0,0,1,canonical_resolved,True
5506,id:5506,AKV,Akulivik Airport,Akulivik,Canada,2,2,1,1,0,0,1,canonical_resolved,True
3235,id:3235,AKY,Sittwe Airport,Sittwe,Burma,2,2,2,2,0,0,1,canonical_resolved,True
6235,id:6235,ALH,Albany Airport,Albany,Australia,2,2,1,1,0,0,1,canonical_resolved,True
7073,id:7073,ALS,San Luis Valley Regional Bergman Field,Alamosa,United States,2,2,1,1,0,0,1,canonical_resolved,True
9844,id:9844,AOG,Anshan Air Base,Anshan,China,2,2,2,2,0,0,1,canonical_resolved,True
3296,id:3296,AOR,Sultan Abdul Halim Airport,Alor Setar,Malaysia,2,2,4,4,0,0,1,canonical_resolved,True
2726,id:2726,APO,Antonio Roldan Betancourt Airport,Carepa,Colombia,2,2,1,1,0,0,1,canonical_resolved,True
2076,id:2076,AQI,Al Qaisumah/Hafr Al Batin Airport,Hafr Al-batin,Saudi Arabia,2,2,1,1,0,0,1,canonical_resolved,True
2172,id:2172,AQJ,Aqaba King Hussein International Airport,Aqaba,Jordan,2,2,2,2,1,1,1,canonical_resolved,True
2525,id:2525,ARU,Araçatuba Airport,Aracatuba,Brazil,2,2,1,1,0,0,1,canonical_resolved,True
5721,id:5721,ATY,Watertown Regional Airport,Watertown,United States,2,2,1,1,0,0,1,canonical_resolved,True
6237,id:6237,AUU,Aurukun Airport,Aurukun,Australia,2,2,1,1,0,0,0.5,canonical_resolved,True
1361,id:1361,AVN,Avignon-Caumont Airport,Avignon,France,2,2,1,1,0,0,1,canonical_resolved,True
5915,id:5915,AWD,Aniwa Airport,Aniwa,Vanuatu,2,2,1,1,0,0,1,canonical_resolved,True
1446,id:1446,AXD,Dimokritos Airport,Alexandroupolis,Greece,2,2,2,2,0,0,1,canonical_resolved,True
2705,id:2705,AXM,El Eden Airport,Armenia,Colombia,2,2,2,2,1,1,1,canonical_resolved,True
1932,id:1932,AXP,Spring Point Airport,Spring Point,Bahamas,2,2,1,1,0,0,1,canonical_resolved,True
2345,id:2345,AXT,Akita Airport,Akita,Japan,2,2,2,2,1,1,1,canonical_resolved,True
1110,id:1110,AXU,Axum Airport,Axum,Ethiopia,2,2,1,1,0,0,1,canonical_resolved,True
4039,id:4039,AZO,Kalamazoo Battle Creek International Airport,Kalamazoo,United States,2,2,2,2,0,0,1,canonical_resolved,True
1729,id:1729,BAL,Batman Airport,Batman,Turkey,2,2,2,2,0,0,1,canonical_resolved,True
2956,id:2956,BAX,Barnaul Airport,Barnaul,Russia,2,2,3,3,0,0,1,canonical_resolved,True
2642,id:2642,BBA,Balmaceda Airport,Balmaceda,Chile,2,2,2,2,0,0,1,canonical_resolved,True
2110,id:2110,BDH,Bandar Lengeh Airport,Bandar Lengeh,Iran,2,2,2,2,1,1,1,canonical_resolved,True
3001,id:3001,BDQ,Vadodara Airport,Baroda,India,2,2,3,4,0,0,1,canonical_resolved,True
6243,id:6243,BEU,Bedourie Airport,Bedourie,Australia,2,2,1,1,0,0,1,canonical_resolved,True
3726,id:3726,BFI,Boeing Field King County International Airport,Seattle,United States,2,2,1,1,0,0,0.5,canonical_resolved,True
888,id:888,BGF,Bangui M'Poko International Airport,Bangui,Central African Republic,2,2,2,2,2,2,0,canonical_resolved,True
3002,id:3002,BHO,Raja Bhoj International Airport,Bhopal,India,2,2,1,1,0,0,1,canonical_resolved,True
6249,id:6249,BHS,Bathurst Airport,Bathurst,Australia,2,2,1,1,0,0,1,canonical_resolved,True
3241,id:3241,BIK,Frans Kaisiepo Airport,Biak,Indonesia,2,2,2,2,0,0,1,canonical_resolved,True
1111,id:1111,BJR,Bahir Dar Airport,Bahar Dar,Ethiopia,2,1,1,1,0,0,0.5,canonical_resolved,True
1219,id:1219,BJZ,Badajoz Airport,Badajoz,Spain,2,2,1,1,0,0,1,canonical_resolved,True
7178,id:7178,BKC,Buckland Airport,Buckland,United States,2,2,1,1,0,0,1,canonical_resolved,True
1035,id:1035,BKY,Bukavu Kavumu Airport,Bukavu/kavumu,Congo (Kinshasa),2,2,1,1,0,0,0.5,canonical_resolved,True
739,id:739,BLE,Borlange Airport,Borlange,Sweden,2,2,1,1,0,0,1,canonical_resolved,True
3924,id:3924,BMU,Muhammad Salahuddin Airport,Bima,Indonesia,2,2,1,1,0,0,1,canonical_resolved,True
5920,id:5920,BMY,Île Art - Waala Airport,Waala,New Caledonia,2,1,1,1,0,0,0.5,canonical_resolved,True
11229,id:11229,BNC,Beni Airport,Beni,Congo (Kinshasa),2,2,1,1,0,0,1,canonical_resolved,True
262,id:262,BNI,Benin Airport,Benin,Nigeria,2,2,1,1,0,0,1,canonical_resolved,True
1865,id:1865,BOC,Bocas Del Toro International Airport,Bocas Del Toro,Panama,2,3,2,2,1,1,1,canonical_resolved,True
247,id:247,BOY,Bobo Dioulasso Airport,Bobo-dioulasso,Burkina Faso,2,2,1,1,1,1,1,canonical_resolved,True
6396,id:6396,BPX,Qamdo Bangda Airport,Bangda,China,2,2,2,2,0,0,1,canonical_resolved,True
9090,id:9090,BQB,Busselton Regional Airport,Brusselton,Australia,2,2,1,1,0,0,1,canonical_resolved,True
6248,id:6248,BQL,Boulia Airport,Boulia,Australia,2,2,1,1,0,0,1,canonical_resolved,True
7373,id:7373,BRA,Barreiras Airport,Barreiras,Brazil,2,2,3,3,0,0,1,canonical_resolved,True
5726,id:5726,BRL,Southeast Iowa Regional Airport,Burlington,United States,2,2,1,1,0,0,1,canonical_resolved,True
5686,id:5686,BSA,Bosaso Airport,Bosaso,Somalia,2,2,2,2,0,0,1,canonical_resolved,True
890,id:890,BSG,Bata Airport,Bata,Equatorial Guinea,2,2,1,1,1,1,1,canonical_resolved,True
3262,id:3262,BTU,Bintulu Airport,Bintulu,Malaysia,2,2,2,2,0,0,1,canonical_resolved,True
5419,id:5419,BUA,Buka Airport,Buka Island,Papua New Guinea,2,3,2,2,0,0,1,canonical_resolved,True
6245,id:6245,BUC,Burketown Airport,Burketown,Australia,2,2,1,1,0,0,1,canonical_resolved,True
6240,id:6240,BVI,Birdsville Airport,Birdsville,Australia,2,2,1,1,0,0,1,canonical_resolved,True
4200,id:4200,BXU,Bancasi Airport,Butuan,Philippines,2,2,3,3,0,0,1,canonical_resolved,True
2772,id:2772,BYC,Yacuiba Airport,Yacuiba,Bolivia,2,2,2,2,0,0,1,canonical_resolved,True
6371,id:6371,BYN,Bayankhongor Airport,Bayankhongor,Mongolia,2,2,1,1,0,0,1,canonical_resolved,True
946,id:946,CAB,Cabinda Airport,Cabinda,Angola,2,2,2,1,0,0,1,canonical_resolved,True
1895,id:1895,CAP,Cap Haitien International Airport,Cap Haitien,Haiti,2,2,2,2,1,1,1,canonical_resolved,True
263,id:263,CBQ,Margaret Ekpo International Airport,Calabar,Nigeria,2,2,1,1,0,0,1,canonical_resolved,True
5630,id:5630,CBT,Catumbela Airport,Catumbela,Angola,2,2,1,1,0,0,1,canonical_resolved,True
2541,id:2541,CCM,Diomício Freitas Airport,Criciuma,Brazil,2,2,2,2,0,0,1,canonical_resolved,True
3610,id:3610,CDV,Merle K (Mudhole) Smith Airport,Cordova,United States,2,2,2,2,0,0,1,canonical_resolved,True
519,id:519,CEG,Hawarden Airport,Hawarden,United Kingdom,2,2,1,1,1,1,1,canonical_resolved,True
1794,id:1794,CEN,Ciudad Obregón International Airport,Ciudad Obregon,Mexico,2,2,2,2,0,0,1,canonical_resolved,True
8244,id:8244,CFC,Caçador Airport,Cacador,Brazil,2,2,1,1,0,0,1,canonical_resolved,True
6772,id:6772,CHG,Chaoyang Airport,Chaoyang,China,2,2,2,2,0,0,1,canonical_resolved,True
2761,id:2761,CIJ,Capitán Aníbal Arab Airport,Cobija,Bolivia,2,3,2,2,0,0,1,canonical_resolved,True
7105,id:7105,CIK,Chalkyitsik Airport,Chalkyitsik,United States,2,2,1,1,0,0,1,canonical_resolved,True
5940,id:5940,CJL,Chitral Airport,Chitral,Pakistan,2,2,1,1,0,0,1,canonical_resolved,True
1808,id:1808,CLQ,Licenciado Miguel de la Madrid Airport,Colima,Mexico,2,2,3,3,0,0,1,canonical_resolved,True
4215,id:4215,CLV,Nelson Ribeiro Guimarães Airport,Caldas Novas,Brazil,2,2,2,2,0,0,1,canonical_resolved,True
6258,id:6258,CMA,Cunnamulla Airport,Cunnamulla,Australia,2,2,1,1,0,0,1,canonical_resolved,True
2577,id:2577,CPV,Presidente João Suassuna Airport,Campina Grande,Brazil,2,2,2,2,0,0,0.5,canonical_resolved,True
1654,id:1654,CRA,Craiova Airport,Craiova,Romania,2,2,1,1,2,2,1,canonical_resolved,True
5859,id:5859,CRI,Colonel Hill Airport,Colonel Hill,Bahamas,2,2,1,1,0,0,1,canonical_resolved,True
3744,id:3744,CRP,Corpus Christi International Airport,Corpus Christi,United States,2,2,3,3,0,0,1,canonical_resolved,True
4285,id:4285,CRW,Yeager Airport,Charleston,United States,2,3,3,5,0,0,1,canonical_resolved,True
6162,id:6162,CSY,Cheboksary Airport,Cheboksary,Russia,2,2,1,1,0,0,1,canonical_resolved,True
3323,id:3323,CTL,Charleville Airport,Charlieville,Australia,2,2,1,1,0,0,1,canonical_resolved,True
2713,id:2713,CUC,Camilo Daza International Airport,Cucuta,Colombia,2,2,1,1,0,0,1,canonical_resolved,True
2671,id:2671,CUE,Mariscal Lamar Airport,Cuenca,Ecuador,2,2,2,2,0,0,1,canonical_resolved,True
5793,id:5793,CVU,Corvo Airport,Corvo,Portugal,2,2,1,1,0,0,1,canonical_resolved,True
2252,id:2252,CXI,Cassidy International Airport,Kiritimati,Kiribati,2,2,1,1,2,2,1,canonical_resolved,True
1925,id:1925,CYB,Gerrard Smith International Airport,Cayman Brac,Cayman Islands,2,3,1,1,0,1,1,canonical_resolved,True
3804,id:3804,CYS,Cheyenne Regional Jerry Olson Field,Cheyenne,United States,2,2,1,1,0,0,1,canonical_resolved,True
3950,id:3950,DAB,Daytona Beach International Airport,Daytona Beach,United States,2,2,3,3,0,0,1,canonical_resolved,True
1867,id:1867,DAV,Enrique Malek International Airport,David,Panama,2,2,1,1,1,1,1,canonical_resolved,True
3358,id:3358,DBO,Dubbo City Regional Airport,Dubbo,Australia,2,2,1,1,0,0,1,canonical_resolved,True
5733,id:5733,DDC,Dodge City Regional Airport,Dodge City,United States,2,2,1,1,0,0,1,canonical_resolved,True
5942,id:5942,DEA,Dera Ghazi Khan Airport,Dera Ghazi Khan,Pakistan,2,3,1,1,1,1,1,canonical_resolved,True
1490,id:1490,DEB,Debrecen International Airport,Debrecen,Hungary,2,2,1,1,2,2,1,canonical_resolved,True
4042,id:4042,DEC,Decatur Airport,Decatur,United States,2,2,1,1,0,0,1,canonical_resolved,True
3092,id:3092,DED,Dehradun Airport,Dehra Dun,India,2,2,3,3,0,0,1,canonical_resolved,True
2425,id:2425,DGT,Sibulan Airport,Dumaguete,Philippines,2,2,3,3,0,0,1,canonical_resolved,True
3287,id:3287,DJB,Sultan Thaha Airport,Jambi,Indonesia,2,2,4,4,0,0,1,canonical_resolved,True
211,id:211,DJG,Djanet Inedbirene Airport,Djanet,Algeria,2,1,1,1,0,0,0,canonical_resolved,True
3460,id:3460,DLG,Dillingham Airport,Dillingham,United States,2,2,2,2,0,0,1,canonical_resolved,True
3598,id:3598,DLH,Duluth International Airport,Duluth,United States,2,2,1,1,0,0,1,canonical_resolved,True
5916,id:5916,DLY,Dillon's Bay Airport,Dillon's Bay,Vanuatu,2,2,1,1,0,0,1,canonical_resolved,True
6174,id:6174,DMU,Dimapur Airport,Dimapur,India,2,2,1,1,0,0,1,canonical_resolved,True
1699,id:1699,DNZ,Çardak Airport,Denizli,Turkey,2,2,2,2,0,0,1,canonical_resolved,True
9845,id:9845,DQA,Saertu Airport,Daqing,China,2,2,3,3,0,0,1,canonical_resolved,True
6755,id:6755,DRG,Deering Airport,Deering,United States,2,2,1,1,0,0,1,canonical_resolved,True
11257,id:11257,DRV,Dharavandhoo Airport,DHARAVANDHOO,Maldives,2,2,1,1,0,0,1,canonical_resolved,True
5943,id:5943,DSK,Dera Ismael Khan Airport,Dera Ismael Khan,Pakistan,2,2,1,1,0,0,1,canonical_resolved,True
2011,id:2011,DUD,Dunedin Airport,Dunedin,New Zealand,2,2,2,2,0,0,1,canonical_resolved,True
11900,id:11900,DWD,King Salman Abdulaziz Airport,,Saudi Arabia,2,2,1,1,0,0,1,canonical_resolved,True
6098,id:6098,DYR,Ugolny Airport,Anadyr,Russia,2,2,2,2,0,0,1,canonical_resolved,True
6085,id:6085,DZN,Zhezkazgan Airport,Zhezkazgan,Kazakhstan,2,2,2,2,0,0,1,canonical_resolved,True
610,id:610,EBJ,Esbjerg Airport,Esbjerg,Denmark,2,2,2,2,1,1,1,canonical_resolved,True
1138,id:1138,EDL,Eldoret International Airport,Eldoret,Kenya,2,3,2,2,0,0,1,canonical_resolved,True
6319,id:6319,EDR,Pormpuraaw Airport,Pormpuraaw,Australia,2,2,1,1,0,0,1,canonical_resolved,True
7093,id:7093,EEK,Eek Airport,Eek,United States,2,2,1,1,0,0,1,canonical_resolved,True
3696,id:3696,ELD,South Arkansas Regional At Goodwin Field,El Dorado,United States,2,3,1,1,0,0,1,canonical_resolved,True
236,id:236,ELG,El Golea Airport,El Golea,Algeria,2,2,1,1,0,0,1,canonical_resolved,True
7087,id:7087,EMK,Emmonak Airport,Emmonak,United States,2,1,1,1,0,0,0.5,canonical_resolved,True
3914,id:3914,ENE,Ende (H Hasan Aroeboesman) Airport,Ende,Indonesia,2,2,1,1,0,0,1,canonical_resolved,True
6266,id:6266,EPR,Esperance Airport,Esperance,Australia,2,1,1,1,0,0,0.5,canonical_resolved,True
2488,id:2488,EQS,Brigadier Antonio Parodi Airport,Esquel,Argentina,2,2,1,1,0,0,0.5,canonical_resolved,True
1723,id:1723,ERC,Erzincan Airport,Erzincan,Turkey,2,2,2,2,0,0,1,canonical_resolved,True
10160,id:10160,ERL,Erenhot Saiwusu International Airport,Erenhot,China,2,2,2,2,0,0,1,canonical_resolved,True
6477,id:6477,ERM,Erechim Airport,Erechim,Brazil,2,3,1,1,0,0,1,canonical_resolved,True
1724,id:1724,ERZ,Erzurum International Airport,Erzurum,Turkey,2,2,3,3,0,0,1,canonical_resolved,True
5671,id:5671,ESU,Mogador Airport,Essadouira,Morocco,2,2,3,3,2,2,1,canonical_resolved,True
1977,id:1977,FAV,Fakarava Airport,Fakarava,French Polynesia,2,2,1,1,0,0,1,canonical_resolved,True
5738,id:5738,FAY,Fayetteville Regional Grannis Field,Fayetteville,United States,2,3,3,3,0,0,1,canonical_resolved,True
2556,id:2556,FEN,Fernando de Noronha Airport,Fernando Do Noronha,Brazil,2,2,2,2,0,0,1,canonical_resolved,True
1031,id:1031,FKI,Bangoka International Airport,Kisangani,Congo (Kinshasa),2,3,1,1,0,0,1,canonical_resolved,True
5999,id:5999,FKS,Fukushima Airport,Fukushima,Japan,2,2,2,2,0,0,1,canonical_resolved,True
5407,id:5407,FRE,Fera/Maringe Airport,Fera Island,Solomon Islands,2,1,1,1,0,0,0.5,canonical_resolved,True
4024,id:4024,FRS,Mundo Maya International Airport,Flores,Guatemala,2,2,2,2,1,1,1,canonical_resolved,True
877,id:877,FRW,Francistown Airport,Francistown,Botswana,2,2,1,1,1,1,1,canonical_resolved,True
5917,id:5917,FTA,Futuna Airport,Futuna Island,Vanuatu,2,2,1,1,0,0,1,canonical_resolved,True
937,id:937,FTU,Tôlanaro Airport,Tolagnaro,Madagascar,2,2,1,1,0,0,1,canonical_resolved,True
2304,id:2304,FUJ,Fukue Airport,Fukue,Japan,2,2,2,1,0,0,1,canonical_resolved,True
291,id:291,GAE,Gabès Matmata International Airport,Gabes,Tunisia,2,2,1,1,0,0,0.5,canonical_resolved,True
290,id:290,GAF,Gafsa Ksar International Airport,Gafsa,Tunisia,2,1,1,1,0,0,0,canonical_resolved,True
2341,id:2341,GAJ,Yamagata Airport,Yamagata,Japan,2,2,2,2,0,0,1,canonical_resolved,True
6715,id:6715,GAM,Gambell Airport,Gambell,United States,2,2,1,1,0,0,1,canonical_resolved,True
1114,id:1114,GDQ,Gonder Airport,Gondar,Ethiopia,2,2,1,1,0,0,1,canonical_resolved,True
2596,id:2596,GEL,Santo Ângelo Airport,Santo Angelo,Brazil,2,2,1,1,0,0,0.5,canonical_resolved,True
6271,id:6271,GFF,Griffith Airport,Griffith,Australia,2,2,1,1,0,0,1,canonical_resolved,True
1944,id:1944,GHB,Governor's Harbour Airport,Governor's Harbor,Bahamas,2,3,3,3,1,1,1,canonical_resolved,True
9229,id:9229,GIU,Sigiriya Air Force Base,Sigiriya,Sri Lanka,2,2,1,1,0,0,1,canonical_resolved,True
4063,id:4063,GJT,Grand Junction Regional Airport,Grand Junction,United States,2,3,2,3,0,0,1,canonical_resolved,True
8892,id:8892,GKK,Kooddoo Airport,Kooddoo,Maldives,2,2,1,1,0,0,1,canonical_resolved,True
1879,id:1879,GLF,Golfito Airport,Golfito,Costa Rica,2,2,2,3,0,0,1,canonical_resolved,True
7185,id:7185,GLV,Golovin Airport,Golovin,United States,2,2,1,1,0,0,1,canonical_resolved,True
1113,id:1113,GMB,Gambella Airport,Gambella,Ethiopia,2,1,1,1,0,0,0.5,canonical_resolved,True
6363,id:6363,GOQ,Golmud Airport,Golmud,China,2,2,1,1,0,0,1,canonical_resolved,True
901,id:901,GOU,Garoua International Airport,Garoua,Cameroon,2,2,1,1,1,0,0.5,canonical_resolved,True
6316,id:6316,GOV,Gove Airport,Gove,Australia,2,2,1,1,0,0,1,canonical_resolved,True
5960,id:5960,GST,Gustavus Airport,Gustavus,United States,2,2,2,2,0,0,1,canonical_resolved,True
3880,id:3880,GTF,Great Falls International Airport,Great Falls,United States,2,2,1,1,0,0,1,canonical_resolved,True
9311,id:9311,GXH,Gannan Xiahe Airport,Xiahe city,China,2,2,1,1,0,0,1,canonical_resolved,True
646,id:646,HAA,Hasvik Airport,Hasvik,Norway,2,2,1,1,0,0,1,canonical_resolved,True
6184,id:6184,HAQ,Hanimaadhoo Airport,Haa Dhaalu Atoll,Maldives,2,2,1,1,1,1,1,canonical_resolved,True
6168,id:6168,HBX,Hubli Airport,Hubli,India,2,2,1,1,0,0,1,canonical_resolved,True
6410,id:6410,HEK,Heihe Airport,Heihe,China,2,2,2,2,0,0,1,canonical_resolved,True
1596,id:1596,HFA,Haifa International Airport,Haifa,Israel,2,2,1,1,0,0,1,canonical_resolved,True
8314,id:8314,HHH,Hilton Head Airport,Hilton Head Island,United States,2,2,1,1,0,0,1,canonical_resolved,True
6007,id:6007,HIN,Sacheon Air Base/Airport,Sacheon,South Korea,2,2,2,2,0,0,1,canonical_resolved,True
7519,id:7519,HJJ,Zhijiang Airport,Zhijiang,China,2,2,2,2,0,0,1,canonical_resolved,True
820,id:820,HLA,Lanseria Airport,Johannesburg,South Africa,2,2,3,3,0,0,1,canonical_resolved,True
7142,id:7142,HNH,Hoonah Airport,Hoonah,United States,2,2,2,2,0,0,1,canonical_resolved,True
5963,id:5963,HNS,Haines Airport,Haines,United States,2,2,2,2,0,0,1,canonical_resolved,True
1993,id:1993,HOI,Hao Airport,Hao Island,French Polynesia,2,1,1,1,0,0,0,canonical_resolved,True
5741,id:5741,HOT,Memorial Field,Hot Springs,United States,2,2,1,1,0,0,1,canonical_resolved,True
6188,id:6188,HPH,Cat Bi International Airport,Haiphong,Vietnam,2,2,3,3,0,0,1,canonical_resolved,True
224,id:224,HRM,Hassi R'Mel Airport,Tilrempt,Algeria,2,2,1,1,0,0,1,canonical_resolved,True
3461,id:3461,HRO,Boone County Airport,Harrison,United States,2,2,1,1,0,0,1,canonical_resolved,True
7108,id:7108,HSL,Huslia Airport,Huslia,United States,2,1,1,1,0,0,0,canonical_resolved,True
3201,id:3201,HUI,Phu Bai Airport,Hue,Vietnam,2,2,2,2,0,0,1,canonical_resolved,True
7508,id:7508,HZH,Liping Airport,Liping,China,2,2,3,3,0,0,1,canonical_resolved,True
244,id:244,IAM,In Aménas Airport,Zarzaitine,Algeria,2,2,1,1,0,0,1,canonical_resolved,True
7179,id:7179,IAN,Bob Baker Memorial Airport,Kiana,United States,2,2,1,1,0,0,1,canonical_resolved,True
4100,id:4100,IDA,Idaho Falls Regional Airport,Idaho Falls,United States,2,2,1,1,0,0,1,canonical_resolved,True
1949,id:1949,IGA,Inagua Airport,Matthew Town,Bahamas,2,2,1,1,0,0,1,canonical_resolved,True
2471,id:2471,IGR,Cataratas Del Iguazú International Airport,Iguazu Falls,Argentina,2,2,2,2,0,0,1,canonical_resolved,True
3845,id:3845,ILM,Wilmington International Airport,Wilmington,United States,2,2,3,3,0,0,1,canonical_resolved,True
239,id:239,INZ,In Salah Airport,In Salah,Algeria,2,3,1,1,0,0,1,canonical_resolved,True
2657,id:2657,IPC,Mataveri Airport,Easter Island,Chile,2,2,1,1,1,1,1,canonical_resolved,True
3689,id:3689,IPL,Imperial County Airport,Imperial,United States,2,2,1,1,0,0,1,canonical_resolved,True
6286,id:6286,IRG,Lockhart River Airport,Lockhart River,Australia,2,2,1,1,0,0,0.5,canonical_resolved,True
3080,id:3080,IXD,Allahabad Airport,Allahabad,India,2,2,1,1,0,0,1,canonical_resolved,True
3142,id:3142,IXM,Madurai Airport,Madurai,India,2,2,3,3,1,1,1,canonical_resolved,True
2996,id:2996,IXU,Aurangabad Airport,Aurangabad,India,2,2,3,3,0,0,1,canonical_resolved,True
8180,id:8180,IZA,Zona da Mata Regional Airport,Juiz de Fora,Brazil,2,2,1,1,0,0,1,canonical_resolved,True
5811,id:5811,JBQ,La Isabela International Airport,La Isabela,Dominican Republic,2,2,2,2,2,2,1,canonical_resolved,True
6276,id:6276,JCK,Julia Creek Airport,Julia Creek,Australia,2,2,1,1,0,0,1,canonical_resolved,True
3097,id:3097,JDH,Jodhpur Airport,Jodhpur,India,2,2,2,2,0,0,1,canonical_resolved,True
5440,id:5440,JFR,Paamiut Heliport,Paamiut,Greenland,2,2,1,1,0,0,1,canonical_resolved,True
3796,id:3796,JHM,Kapalua Airport,Lahania-kapalua,United States,2,2,1,1,0,0,1,canonical_resolved,True
4191,id:4191,JIK,Ikaria Airport,Ikaria,Greece,2,3,3,3,0,0,1,canonical_resolved,True
1116,id:1116,JIM,Jimma Airport,Jimma,Ethiopia,2,1,1,1,0,0,0.5,canonical_resolved,True
688,id:688,JKG,Jönköping Airport,Joenkoeping,Sweden,2,2,1,1,0,0,1,canonical_resolved,True
3009,id:3009,JLR,Jabalpur Airport,Jabalpur,India,2,2,2,2,0,0,1,canonical_resolved,True
5444,id:5444,JNN,Nanortalik Heliport,Nanortalik,Greenland,2,2,1,1,0,0,1,canonical_resolved,True
5445,id:5445,JNS,Narsaq Heliport,Narsaq,Greenland,2,2,1,1,0,0,1,canonical_resolved,True
5449,id:5449,JQA,Qaarsut Airport,Uummannaq,Greenland,2,2,1,1,0,0,1,canonical_resolved,True
5443,id:5443,JSU,Maniitsoq Airport,Maniitsoq,Greenland,2,2,1,1,0,0,1,canonical_resolved,True
4190,id:4190,JTY,Astypalaia Airport,Astypalaia,Greece,2,2,2,2,0,0,1,canonical_resolved,True
5448,id:5448,JUV,Upernavik Airport,Upernavik,Greenland,2,2,1,1,0,0,1,canonical_resolved,True
430,id:430,JYV,Jyvaskyla Airport,Jyvaskyla,Finland,2,1,2,2,0,0,0.5,canonical_resolved,True
5798,id:5798,KCM,Kahramanmaraş Airport,Kahramanmaras,Turkey,2,2,2,2,0,0,1,canonical_resolved,True
2332,id:2332,KCZ,Kōchi Ryōma Airport,Kochi,Japan,2,2,3,3,0,0,1,canonical_resolved,True
3890,id:3890,KDI,Wolter Monginsidi Airport,Kendari,Indonesia,2,2,3,3,0,0,1,canonical_resolved,True
4235,id:4235,KDM,Kaadedhdhoo Airport,Kaadedhdhoo,Maldives,2,2,1,1,0,0,1,canonical_resolved,True
6185,id:6185,KDO,Kadhdhoo Airport,Laamu Atoll,Maldives,2,2,1,1,0,0,1,canonical_resolved,True
2957,id:2957,KEJ,Kemerovo Airport,Kemorovo,Russia,2,2,3,3,0,0,1,canonical_resolved,True
5417,id:5417,KGE,Kaghau Airport,Kagau Island,Solomon Islands,2,2,1,1,0,0,0.5,canonical_resolved,True
5469,id:5469,KIF,Kingfisher Lake Airport,Kingfisher Lake,Canada,2,2,1,1,0,0,1,canonical_resolved,True
1140,id:1140,KIS,Kisumu Airport,Kisumu,Kenya,2,1,2,2,0,0,0.5,canonical_resolved,True
7190,id:7190,KKA,Koyuk Alfred Adams Airport,Koyuk,United States,2,3,1,1,0,0,1,canonical_resolved,True
3938,id:3938,KKC,Khon Kaen Airport,Khon Kaen,Thailand,2,2,2,2,0,0,1,canonical_resolved,True
1037,id:1037,KND,Kindu Airport,Kindu,Congo (Kinshasa),2,2,1,1,0,0,1,canonical_resolved,True
6278,id:6278,KNS,King Island Airport,King Island,Australia,2,2,2,2,0,0,1,canonical_resolved,True
1999,id:1999,KOC,Koumac Airport,Koumac,New Caledonia,2,2,1,1,0,0,1,canonical_resolved,True
435,id:435,KOK,Kokkola-Pietarsaari Airport,Kruunupyy,Finland,2,2,2,2,0,0,1,canonical_resolved,True
6083,id:6083,KOV,Kokshetau Airport,Kokshetau,Kazakhstan,2,2,2,2,1,1,1,canonical_resolved,True
2380,id:2380,KPO,Pohang Airport (G-815/K-3),Pohang,South Korea,2,2,2,2,0,0,1,canonical_resolved,True
718,id:718,KRF,Kramfors Sollefteå Airport,Kramfors,Sweden,2,2,1,1,0,0,1,canonical_resolved,True
724,id:724,KRN,Kiruna Airport,Kiruna,Sweden,2,2,3,3,0,0,1,canonical_resolved,True
6146,id:6146,KRO,Kurgan Airport,Kurgan,Russia,2,2,2,2,0,0,1,canonical_resolved,True
2257,id:2257,KSA,Kosrae International Airport,Kosrae,Micronesia,2,2,1,1,1,1,1,canonical_resolved,True
5595,id:5595,KSD,Karlstad Airport,Karlstad,Sweden,2,2,2,2,1,1,1,canonical_resolved,True
400,id:400,KSF,Kassel-Calden Airport,Kassel,Germany,2,2,1,1,2,2,1,canonical_resolved,True
1461,id:1461,KSJ,Kasos Airport,Kasos,Greece,2,2,2,2,0,0,1,canonical_resolved,True
3282,id:3282,KTG,Ketapang(Rahadi Usman) Airport,Ketapang,Indonesia,2,2,1,1,0,0,1,canonical_resolved,True
7183,id:7183,KTS,Brevig Mission Airport,Brevig Mission,United States,2,1,1,1,0,0,0,canonical_resolved,True
2361,id:2361,KWJ,Gwangju Airport,Kwangju,South Korea,2,2,2,2,0,0,1,canonical_resolved,True
6281,id:6281,KWM,Kowanyama Airport,Kowanyama,Australia,2,2,1,1,0,0,1,canonical_resolved,True
7206,id:7206,KWN,Quinhagak Airport,Quinhagak,United States,2,2,1,1,0,0,1,canonical_resolved,True
1691,id:1691,KYA,Konya Airport,Konya,Turkey,2,3,2,2,0,1,1,canonical_resolved,True
5699,id:5699,LAQ,La Abraq Airport,Al Bayda',Libya,2,2,2,2,1,1,1,canonical_resolved,True
1144,id:1144,LAU,Manda Airstrip,Lamu,Kenya,2,2,4,4,0,0,1,canonical_resolved,True
3917,id:3917,LBJ,Komodo Airport,Labuhan Bajo,Indonesia,2,2,1,1,0,0,1,canonical_resolved,True
4341,id:4341,LBL,Liberal Mid-America Regional Airport,Liberal,United States,2,2,1,1,0,0,1,canonical_resolved,True
3270,id:3270,LBU,Labuan Airport,Labuan,Malaysia,2,2,2,2,0,0,1,canonical_resolved,True
3674,id:3674,LCK,Rickenbacker International Airport,Columbus,United States,2,2,1,1,0,0,1,canonical_resolved,True
9848,id:9848,LDS,Lindu Airport,Yinchun,China,2,2,2,2,0,0,1,canonical_resolved,True
5749,id:5749,LEB,Lebanon Municipal Airport,Lebanon,United States,2,2,1,1,0,0,1,canonical_resolved,True
2728,id:2728,LET,Alfredo Vásquez Cobo International Airport,Leticia,Colombia,2,2,2,2,0,0,1,canonical_resolved,True
4203,id:4203,LGP,Legazpi City International Airport,Legazpi,Philippines,2,2,3,3,0,0,1,canonical_resolved,True
8774,id:8774,LLK,Lankaran International Airport,Lankaran,Azerbaijan,2,2,1,1,2,2,1,canonical_resolved,True
5438,id:5438,LLU,Alluitsup Paa Heliport,Alluitsup Paa,Greenland,2,2,1,1,0,0,1,canonical_resolved,True
1814,id:1814,LMM,Valle del Fuerte International Airport,Los Mochis,Mexico,2,2,1,1,0,0,1,canonical_resolved,True
5902,id:5902,LNB,Lamen Bay Airport,Lamen Bay,Vanuatu,2,2,1,1,0,0,1,canonical_resolved,True
5898,id:5898,LOD,Longana Airport,Longana,Vanuatu,2,2,1,1,0,0,1,canonical_resolved,True
6046,id:6046,LOH,Camilo Ponce Enriquez Airport,La Toma (Catamayo),Ecuador,2,2,1,1,0,0,1,canonical_resolved,True
5901,id:5901,LPM,Lamap Airport,Lamap,Vanuatu,2,2,1,1,0,0,1,canonical_resolved,True
3691,id:3691,LRD,Laredo International Airport,Laredo,United States,2,1,2,1,0,0,0.5,canonical_resolved,True
1409,id:1409,LRT,Lorient South Brittany (Bretagne Sud) Airport,Lorient,France,2,2,2,2,0,0,1,canonical_resolved,True
2678,id:2678,LTX,Cotopaxi International Airport,Latacunga,Ecuador,2,2,1,1,0,0,1,canonical_resolved,True
4314,id:4314,LYB,Edward Bodden Airfield,Little Cayman,Cayman Islands,2,2,1,1,0,0,1,canonical_resolved,True
719,id:719,LYC,Lycksele Airport,Lycksele,Sweden,2,2,1,1,0,0,1,canonical_resolved,True
658,id:658,LYR,"Svalbard Airport, Longyear",Svalbard,Norway,2,2,2,2,0,0,1,canonical_resolved,True
6402,id:6402,LZY,Nyingchi Airport,Nyingchi,China,2,2,3,3,0,0,1,canonical_resolved,True
3754,id:3754,MCN,Middle Georgia Regional Airport,Macon,United States,2,2,1,1,0,0,1,canonical_resolved,True
3325,id:3325,MCY,Sunshine Coast Airport,Maroochydore,Australia,2,2,2,2,0,0,1,canonical_resolved,True
1026,id:1026,MDK,Mbandaka Airport,Mbandaka,Congo (Kinshasa),2,3,1,1,0,0,1,canonical_resolved,True
2508,id:2508,MDQ,Ástor Piazzola International Airport,Mar Del Plata,Argentina,2,2,2,2,0,0,1,canonical_resolved,True
952,id:952,MEG,Malanje Airport,Malanje,Angola,2,2,1,1,0,0,1,canonical_resolved,True
4101,id:4101,MFR,Rogue Valley International Medford Airport,Medford,United States,2,2,1,1,0,0,1,canonical_resolved,True
6303,id:6303,MGB,Mount Gambier Airport,Mount Gambier,Australia,2,2,1,1,0,0,1,canonical_resolved,True
3223,id:3223,MGZ,Myeik Airport,Myeik,Burma,2,2,1,1,0,0,1,canonical_resolved,True
4050,id:4050,MHK,Manhattan Regional Airport,Manhattan,United States,2,1,1,1,0,0,0.5,canonical_resolved,True
6038,id:6038,MII,Frank Miloye Milenkowichi–Marília State Airport,Marília,Brazil,2,2,1,1,0,0,1,canonical_resolved,True
5432,id:5432,MIS,Misima Island Airport,Misima Island,Papua New Guinea,2,1,2,2,0,0,0.5,canonical_resolved,True
2212,id:2212,MJD,Moenjodaro Airport,Moenjodaro,Pakistan,2,2,1,1,0,0,1,canonical_resolved,True
1043,id:1043,MJM,Mbuji Mayi Airport,Mbuji-mayi,Congo (Kinshasa),2,2,1,1,0,0,1,canonical_resolved,True
929,id:929,MJN,Amborovy Airport,Mahajanga,Madagascar,2,2,2,2,1,1,1,canonical_resolved,True
3705,id:3705,MKK,Molokai Airport,Molokai,United States,2,3,2,2,0,0,1,canonical_resolved,True
3704,id:3704,MKL,McKellar-Sipes Regional Airport,Jackson,United States,2,2,1,1,0,0,1,canonical_resolved,True
3326,id:3326,MKY,Mackay Airport,Mackay,Australia,2,2,3,3,0,0,1,canonical_resolved,True
3671,id:3671,MLB,Melbourne International Airport,Melbourne,United States,2,2,3,3,0,0,1,canonical_resolved,True
1695,id:1695,MLX,Malatya Erhaç Airport,Malatya,Turkey,2,2,3,3,0,0,1,canonical_resolved,True
2280,id:2280,MMJ,Matsumoto Airport,Matsumoto,Japan,2,2,1,1,0,0,1,canonical_resolved,True
2587,id:2587,MOC,Mário Ribeiro Airport,Montes Claros,Brazil,2,2,2,2,0,0,1,canonical_resolved,True
922,id:922,MOQ,Morondava Airport,Morondava,Madagascar,2,2,1,1,0,0,1,canonical_resolved,True
6779,id:6779,MPA,Katima Mulilo Airport,Mpacha,Namibia,2,2,1,1,0,0,1,canonical_resolved,True
2426,id:2426,MPH,Godofredo P. Ramos Airport,Caticlan,Philippines,2,2,3,3,0,0,1,canonical_resolved,True
2969,id:2969,MQF,Magnitogorsk International Airport,Magnetiogorsk,Russia,2,2,2,2,0,0,1,canonical_resolved,True
2103,id:2103,MRX,Mahshahr Airport,Bandar Mahshahr,Iran,2,2,1,1,0,0,1,canonical_resolved,True
6782,id:6782,MSR,Muş Airport,Mus,Turkey,2,2,2,2,0,0,1,canonical_resolved,True
2852,id:2852,MUN,Maturín Airport,Maturin,Venezuela,2,2,3,3,0,0,1,canonical_resolved,True
233,id:233,MUW,Ghriss Airport,Ghriss,Algeria,2,1,1,1,0,0,0.5,canonical_resolved,True
2732,id:2732,MVP,Fabio Alberto Leon Bentley Airport,Mitu,Colombia,2,2,1,1,0,0,1,canonical_resolved,True
1985,id:1985,MVT,Mataiva Airport,Mataiva,French Polynesia,2,2,1,1,0,0,1,canonical_resolved,True
5431,id:5431,MXH,Moro Airport,Moro,Papua New Guinea,2,3,2,1,0,0,1,canonical_resolved,True
1820,id:1820,MXL,General Rodolfo Sánchez Taboada International Airport,Mexicali,Mexico,2,2,2,2,0,0,1,canonical_resolved,True
6302,id:6302,MYA,Moruya Airport,Moruya,Australia,2,2,1,1,0,0,1,canonical_resolved,True
1952,id:1952,MYG,Mayaguana Airport,Mayaguana,Bahamas,2,2,1,1,0,0,1,canonical_resolved,True
1693,id:1693,MZH,Amasya Merzifon Airport,Merzifon,Turkey,2,2,2,2,0,0,1,canonical_resolved,True
5446,id:5446,NAQ,Qaanaaq Airport,Qaanaaq,Greenland,2,2,1,1,0,0,1,canonical_resolved,True
3987,id:3987,NAV,Nevşehir Kapadokya Airport,Nevsehir,Turkey,2,2,2,2,0,0,1,canonical_resolved,True
7634,id:7634,NDU,Rundu Airport,Rundu,Namibia,2,2,1,1,0,0,1,canonical_resolved,True
5569,id:5569,NDY,Sanday Airport,Sanday,United Kingdom,2,3,1,1,0,0,1,canonical_resolved,True
7932,id:7932,NGQ,Ngari Gunsa Airport,Shiquanhe,China,2,2,2,2,0,0,1,canonical_resolved,True
7618,id:7618,NNB,Santa Ana Airport,Santa Ana,Solomon Islands,2,2,1,1,0,0,1,canonical_resolved,True
4131,id:4131,NNT,Nan Airport,Nan,Thailand,2,2,2,2,0,0,1,canonical_resolved,True
6119,id:6119,NOZ,Spichenkovo Airport,Novokuznetsk,Russia,2,2,2,2,0,0,1,canonical_resolved,True
6307,id:6307,NRA,Narrandera Airport,Narrandera,Australia,2,2,1,1,0,0,1,canonical_resolved,True
5932,id:5932,NSH,Noshahr Airport,Noshahr,Iran,2,2,1,1,0,0,1,canonical_resolved,True
6309,id:6309,NTN,Normanton Airport,Normanton,Australia,2,2,1,1,0,0,1,canonical_resolved,True
6949,id:6949,NYT,Naypyidaw Airport,Naypyidaw,Burma,2,2,2,2,2,2,1,canonical_resolved,True
4386,id:4386,OAJ,Albert J Ellis Airport,Jacksonville NC,United States,2,2,2,2,0,0,1,canonical_resolved,True
7180,id:7180,OBU,Kobuk Airport,Kobuk,United States,2,1,1,1,0,0,0,canonical_resolved,True
2670,id:2670,OCC,Francisco De Orellana Airport,Coca,Ecuador,2,2,2,2,0,0,1,canonical_resolved,True
5936,id:5936,OMH,Urmia Airport,Uromiyeh,Iran,2,2,3,3,1,1,0.5,canonical_resolved,True
7821,id:7821,ONQ,Zonguldak Airport,Zonguldak,Turkey,2,2,1,1,2,2,1,canonical_resolved,True
7367,id:7367,OPS,Presidente João Batista Figueiredo Airport,Sinop,Brazil,2,2,2,2,0,0,1,canonical_resolved,True
731,id:731,ORB,Örebro Airport,Orebro,Sweden,2,2,1,1,0,0,1,canonical_resolved,True
6426,id:6426,ORH,Worcester Regional Airport,Worcester,United States,2,2,1,1,0,0,1,canonical_resolved,True
7181,id:7181,ORV,Robert (Bob) Curtis Memorial Airport,Noorvik,United States,2,2,1,1,0,0,1,canonical_resolved,True
446,id:446,OUL,Oulu Airport,Oulu,Finland,2,2,2,2,1,1,1,canonical_resolved,True
5758,id:5758,OWB,Owensboro Daviess County Airport,Owensboro,United States,2,2,2,2,0,0,1,canonical_resolved,True
4204,id:4204,OZC,Labo Airport,Ozamis,Philippines,2,2,3,3,0,0,1,canonical_resolved,True
6103,id:6103,OZH,Zaporizhzhia International Airport,Zaporozhye,Ukraine,2,2,1,1,1,1,1,canonical_resolved,True
1077,id:1077,OZZ,Ouarzazate Airport,Ouarzazate,Morocco,2,2,1,1,1,1,1,canonical_resolved,True
2401,id:2401,PAG,Pagadian Airport,Pagadian,Philippines,2,2,1,1,0,0,1,canonical_resolved,True
5900,id:5900,PBJ,Tavie Airport,Paama Island,Vanuatu,2,2,1,1,0,0,1,canonical_resolved,True
2854,id:2854,PBL,General Bartolome Salom International Airport,Puerto Cabello,Venezuela,2,2,1,1,0,0,1,canonical_resolved,True
2738,id:2738,PCR,German Olano Airport,Puerto Carreno,Colombia,2,2,1,1,0,0,1,canonical_resolved,True
6054,id:6054,PDA,Obando Airport,Puerto Inírida,Colombia,2,2,1,1,0,0,1,canonical_resolved,True
6777,id:6777,PDP,Capitan Corbeta CA Curbelo International Airport,Punta del Este,Uruguay,2,2,2,2,2,2,1,canonical_resolved,True
1193,id:1193,PDV,Plovdiv International Airport,Plovdiv,Bulgaria,2,2,1,1,2,2,1,canonical_resolved,True
1584,id:1584,PED,Pardubice Airport,Pardubice,Czech Republic,2,2,1,1,2,2,1,canonical_resolved,True
5832,id:5832,PEU,Puerto Lempira Airport,Puerto Lempira,Honduras,2,2,2,2,0,0,1,canonical_resolved,True
3905,id:3905,PGK,Pangkal Pinang (Depati Amir) Airport,Pangkal Pinang,Indonesia,2,2,4,4,0,0,1,canonical_resolved,True
1279,id:1279,PGX,Périgueux-Bassillac Airport,Perigueux,France,2,2,1,1,0,0,1,canonical_resolved,True
275,id:275,PHC,Port Harcourt International Airport,Port Hartcourt,Nigeria,2,2,3,3,0,0,1,canonical_resolved,True
3170,id:3170,PHS,Phitsanulok Airport,Phitsanulok,Thailand,2,2,3,3,0,0,1,canonical_resolved,True
1634,id:1634,PIX,Pico Airport,Pico,Portugal,2,3,2,2,0,0,1,canonical_resolved,True
5847,id:5847,PJM,Puerto Jimenez Airport,Puerto Jimenez,Costa Rica,2,2,3,2,0,0,1,canonical_resolved,True
6317,id:6317,PKE,Parkes Airport,Parkes,Australia,2,2,1,1,0,0,1,canonical_resolved,True
3911,id:3911,PKY,Tjilik Riwut Airport,Palangkaraya,Indonesia,2,2,2,2,0,0,1,canonical_resolved,True
838,id:838,PLZ,Port Elizabeth Airport,Port Elizabeth,South Africa,2,2,2,2,0,0,1,canonical_resolved,True
448,id:448,POR,Pori Airport,Pori,Finland,2,2,1,1,1,1,1,canonical_resolved,True
2550,id:2550,PPB,Presidente Prudente Airport,President Prudente,Brazil,2,2,2,2,0,0,1,canonical_resolved,True
6084,id:6084,PPK,Petropavlosk South Airport,Petropavlosk,Kazakhstan,2,2,1,1,0,0,1,canonical_resolved,True
3328,id:3328,PPP,Proserpine Whitsunday Coast Airport,Prosserpine,Australia,2,2,2,2,0,0,1,canonical_resolved,True
6320,id:6320,PQQ,Port Macquarie Airport,Port Macquarie,Australia,2,2,2,2,0,0,1,canonical_resolved,True
6133,id:6133,PSC,Tri Cities Airport,Pasco,United States,2,2,1,1,0,0,1,canonical_resolved,True
2889,id:2889,PSE,Mercedita Airport,Ponce,Puerto Rico,2,2,1,1,2,2,1,canonical_resolved,True
4147,id:4147,PSG,Petersburg James A Johnson Airport,Petersburg,United States,2,2,1,1,0,0,1,canonical_resolved,True
2742,id:2742,PSO,Antonio Narino Airport,Pasto,Colombia,2,2,2,2,0,0,1,canonical_resolved,True
2233,id:2233,PZH,Zhob Airport,Zhob,Pakistan,2,2,1,1,0,0,1,canonical_resolved,True
6435,id:6435,PZI,Bao'anying Airport,Panzhihua,China,2,2,2,2,0,0,1,canonical_resolved,True
6738,id:6738,QBC,Bella Coola Airport,Bella Coola,Canada,2,1,1,1,0,0,0.5,canonical_resolved,True
6730,id:6730,QOW,Sam Mbakwe International Airport,Imo,Nigeria,2,2,1,1,0,0,1,canonical_resolved,True
6972,id:6972,QRW,Warri Airport,Osubi,Nigeria,2,2,1,1,0,0,1,canonical_resolved,True
2084,id:2084,RAE,Arar Domestic Airport,Arar,Saudi Arabia,2,2,1,1,0,0,1,canonical_resolved,True
4087,id:4087,RAP,Rapid City Regional Airport,Rapid City,United States,2,2,1,1,0,0,1,canonical_resolved,True
7317,id:7317,RBQ,Rurenabaque Airport,Rerrenabaque,Bolivia,2,2,1,1,0,0,1,canonical_resolved,True
5418,id:5418,RBV,Ramata Airport,Ramata,Solomon Islands,2,2,1,1,0,0,0.5,canonical_resolved,True
4013,id:4013,RDN,LTS Pulau Redang Airport,Redang,Malaysia,2,2,1,1,1,1,1,canonical_resolved,True
5584,id:5584,RET,Røst Airport,Røst,Norway,2,2,1,1,0,0,1,canonical_resolved,True
2495,id:2495,RGA,Hermes Quijada International Airport,Rio Grande,Argentina,2,2,2,2,0,0,1,canonical_resolved,True
1546,id:1546,RMI,Federico Fellini International Airport,Rimini,Italy,2,2,3,3,2,2,1,canonical_resolved,True
6926,id:6926,RMT,Rimatara Airport,Rimatara,French Polynesia,2,2,1,1,0,0,1,canonical_resolved,True
7616,id:7616,RNA,Ulawa Airport,Ulawa,Solomon Islands,2,2,1,1,0,0,1,canonical_resolved,True
685,id:685,RNB,Ronneby Airport,Ronneby,Sweden,2,2,2,2,0,0,1,canonical_resolved,True
2365,id:2365,RSU,Yeosu Airport,Yeosu,South Korea,2,2,2,2,0,0,1,canonical_resolved,True
1971,id:1971,RUR,Rurutu Airport,Rurutu,French Polynesia,2,3,1,1,0,0,1,canonical_resolved,True
7355,id:7355,RVE,Los Colonizadores Airport,Saravena,Colombia,2,2,1,1,0,0,1,canonical_resolved,True
7456,id:7456,RVV,Raivavae Airport,Raivavae,French Polynesia,2,2,1,1,0,0,1,canonical_resolved,True
2151,id:2151,RZR,Ramsar Airport,Ramsar,Iran,2,2,1,1,0,0,1,canonical_resolved,True
3642,id:3642,SBY,Salisbury Ocean City Wicomico Regional Airport,Salisbury,United States,2,2,1,1,0,0,1,canonical_resolved,True
1658,id:1658,SBZ,Sibiu International Airport,Sibiu,Romania,2,1,1,1,1,1,0.5,canonical_resolved,True
4141,id:4141,SDK,Sandakan Airport,Sandakan,Malaysia,2,2,2,2,0,0,1,canonical_resolved,True
5585,id:5585,SDN,Sandane Airport (Anda),Sandane,Norway,2,2,1,1,0,0,1,canonical_resolved,True
1605,id:1605,SDV,Sde Dov Airport,Tel-aviv,Israel,2,2,2,2,0,0,1,canonical_resolved,True
2879,id:2879,SFG,L'Espérance Airport,St. Martin,Guadeloupe,2,2,3,3,1,1,1,canonical_resolved,True
6325,id:6325,SGO,St George Airport,St George,Australia,2,2,1,1,0,0,1,canonical_resolved,True
5961,id:5961,SGY,Skagway Airport,Skagway,United States,2,2,2,2,0,0,1,canonical_resolved,True
2291,id:2291,SHB,Nakashibetsu Airport,Nakashibetsu,Japan,2,2,1,1,0,0,1,canonical_resolved,True
2086,id:2086,SHW,Sharurah Airport,Sharurah,Saudi Arabia,2,2,1,1,0,0,1,canonical_resolved,True
3856,id:3856,SIT,Sitka Rocky Gutierrez Airport,Sitka,United States,2,2,1,1,0,0,1,canonical_resolved,True
2615,id:2615,SJK,Professor Urbano Ernesto Stumpf Airport,Sao Jose Dos Campos,Brazil,2,2,2,2,0,0,1,canonical_resolved,True
1639,id:1639,SJZ,São Jorge Airport,Sao Jorge Island,Portugal,2,2,1,1,0,0,1,canonical_resolved,True
1482,id:1482,SKU,Skiros Airport,Skiros,Greece,2,2,2,2,0,0,1,canonical_resolved,True
6166,id:6166,SKX,Saransk Airport,Saransk,Russia,2,2,1,1,0,0,1,canonical_resolved,True
2748,id:2748,SMR,Simón Bolívar International Airport,Santa Marta,Colombia,2,2,2,2,0,0,1,canonical_resolved,True
1105,id:1105,SNE,Preguiça Airport,Sao Nocolau Island,Cape Verde,2,2,1,1,0,0,1,canonical_resolved,True
3426,id:3426,SNP,St Paul Island Airport,St. Paul Island,United States,2,2,1,1,0,0,1,canonical_resolved,True
3236,id:3236,SNW,Thandwe Airport,Thandwe,Burma,2,2,1,1,0,0,1,canonical_resolved,True
5588,id:5588,SOJ,Sørkjosen Airport,Sorkjosen,Norway,2,3,1,1,0,0,1,canonical_resolved,True
3261,id:3261,SOQ,Dominique Edward Osok Airport,Sorong,Indonesia,2,2,2,2,0,0,1,canonical_resolved,True
7078,id:7078,SOW,Show Low Regional Airport,Show Low,United States,2,2,1,1,0,0,1,canonical_resolved,True
5568,id:5568,SOY,Stronsay Airport,Stronsay,United Kingdom,2,2,1,1,0,0,1,canonical_resolved,True
3073,id:3073,SPD,Saidpur Airport,Saidpur,Bangladesh,2,1,1,1,0,0,0.5,canonical_resolved,True
5696,id:5696,SRX,Gardabya Airport,Sirt,Libya,2,2,1,1,1,1,1,canonical_resolved,True
2861,id:2861,STD,Mayor Buenaventura Vivas International Airport,Santo Domingo,Venezuela,2,2,3,3,0,0,1,canonical_resolved,True
3428,id:3428,STG,St George Airport,Point Barrow,United States,2,2,1,1,0,0,1,canonical_resolved,True
3022,id:3022,STV,Surat Airport,Surat,India,2,2,2,2,0,0,1,canonical_resolved,True
6016,id:6016,SUG,Surigao Airport,Sangley Point,Philippines,2,2,3,3,0,0,1,canonical_resolved,True
6724,id:6724,SVA,Savoonga Airport,Savoonga,United States,2,2,1,1,0,0,1,canonical_resolved,True
2750,id:2750,SVI,Eduardo Falla Solano Airport,San Vincente De Caguan,Colombia,2,2,1,1,0,0,1,canonical_resolved,True
949,id:949,SVP,Kuito Airport,Kuito,Angola,2,2,1,1,0,0,1,canonical_resolved,True
5912,id:5912,SWJ,Southwest Bay Airport,Malekula Island,Vanuatu,2,2,1,1,0,0,1,canonical_resolved,True
958,id:958,SZA,Soyo Airport,Soyo,Angola,2,2,2,2,0,0,1,canonical_resolved,True
2422,id:2422,TAC,Daniel Z. Romualdez Airport,Tacloban,Philippines,2,2,4,4,0,0,1,canonical_resolved,True
5919,id:5919,TGJ,Tiga Airport,Tiga,New Caledonia,2,2,1,1,0,0,1,canonical_resolved,True
1975,id:1975,TIH,Tikehau Airport,Tikehau,French Polynesia,2,3,1,1,0,0,1,canonical_resolved,True
6223,id:6223,TKG,Radin Inten II (Branti) Airport,Bandar Lampung-Sumatra Island,Indonesia,2,3,3,3,0,0,1,canonical_resolved,True
2254,id:2254,TKK,Chuuk International Airport,Chuuk,Micronesia,2,2,1,1,1,1,1,canonical_resolved,True
6204,id:6204,TMC,Tambolaka Airport,Waikabubak-Sumba Island,Indonesia,2,2,1,1,0,0,1,canonical_resolved,True
2751,id:2751,TME,Gustavo Vargas Airport,Tame,Colombia,2,2,1,1,0,0,1,canonical_resolved,True
6154,id:6154,TMJ,Termez Airport,Termez,Uzbekistan,2,2,1,1,1,1,1,canonical_resolved,True
296,id:296,TOE,Tozeur Nefta International Airport,Tozeur,Tunisia,2,4,2,2,1,1,1,canonical_resolved,True
1802,id:1802,TPQ,Amado Nervo National Airport,Tepic,Mexico,2,2,3,3,0,0,1,canonical_resolved,True
6794,id:6794,TRO,Taree Airport,Taree,Australia,2,2,1,1,0,0,1,canonical_resolved,True
5652,id:5652,TSH,Tshikapa Airport,Tshikapa,Congo (Kinshasa),2,2,1,1,0,0,1,canonical_resolved,True
5773,id:5773,TUP,Tupelo Regional Airport,Tupelo,United States,2,2,1,1,0,0,1,canonical_resolved,True
6197,id:6197,TVY,Dawei Airport,Dawei,Burma,2,2,1,1,0,0,1,canonical_resolved,True
2461,id:2461,UAQ,Domingo Faustino Sarmiento Airport,San Juan,Argentina,2,1,2,2,0,0,0.5,canonical_resolved,True
6773,id:6773,UAS,Buffalo Spring,Samburu South,Kenya,2,2,2,2,0,0,1,canonical_resolved,True
2296,id:2296,UBJ,Yamaguchi Ube Airport,Yamaguchi,Japan,2,2,3,3,1,1,1,canonical_resolved,True
3937,id:3937,UBP,Ubon Ratchathani Airport,Ubon Ratchathani,Thailand,2,2,3,3,0,0,1,canonical_resolved,True
3023,id:3023,UDR,Maharana Pratap Airport,Udaipur,India,2,2,2,2,0,0,1,canonical_resolved,True
6193,id:6193,UIH,Phu Cat Airport,Phucat,Vietnam,2,2,2,2,0,0,1,canonical_resolved,True
8381,id:8381,ULH,Majeed Bin Abdulaziz Airport,Al-Ula,Saudi Arabia,2,2,1,1,0,0,1,canonical_resolved,True
9026,id:9026,ULK,Lensk Airport,Lensk,Russia,2,2,5,5,0,0,1,canonical_resolved,True
6322,id:6322,ULP,Quilpie Airport,Quilpie,Australia,2,2,1,1,0,0,1,canonical_resolved,True
7003,id:7003,ULV,Ulyanovsk Baratayevka Airport,Ulyanovsk,Russia,2,2,1,1,0,0,1,canonical_resolved,True
1835,id:1835,UPN,Licenciado y General Ignacio Lopez Rayon Airport,Uruapan,Mexico,2,2,1,1,1,1,1,canonical_resolved,True
2068,id:2068,URY,Gurayat Domestic Airport,Guriat,Saudi Arabia,2,2,1,1,0,0,1,canonical_resolved,True
2374,id:2374,USN,Ulsan Airport,Ulsan,South Korea,2,2,2,2,0,0,1,canonical_resolved,True
4199,id:4199,USU,Francisco B. Reyes Airport,Busuanga,Philippines,2,2,2,2,0,0,1,canonical_resolved,True
3161,id:3161,UTP,U-Tapao International Airport,Pattaya,Thailand,2,2,1,1,0,0,1,canonical_resolved,True
2004,id:2004,UVE,Ouvéa Airport,Ouvea,New Caledonia,2,2,1,1,0,0,1,canonical_resolved,True
462,id:462,VAA,Vaasa Airport,Vaasa,Finland,2,2,3,3,1,1,1,canonical_resolved,True
6191,id:6191,VCA,Can Tho International Airport,Can Tho,Vietnam,2,2,1,1,0,0,1,canonical_resolved,True
4154,id:4154,VDH,Dong Hoi Airport,Dong Hoi,Vietnam,2,2,1,1,0,0,1,canonical_resolved,True
7114,id:7114,VEE,Venetie Airport,Venetie,United States,2,2,1,1,0,0,1,canonical_resolved,True
957,id:957,VHC,Saurimo Airport,Saurimo,Angola,2,2,1,1,0,0,1,canonical_resolved,True
729,id:729,VHM,Vilhelmina Airport,Vilhelmina,Sweden,2,2,1,1,0,0,1,canonical_resolved,True
6072,id:6072,VIG,Juan Pablo Pérez Alfonso Airport,El Vigía,Venezuela,2,2,2,2,0,0,1,canonical_resolved,True
6080,id:6080,VIJ,Virgin Gorda Airport,Spanish Town,British Virgin Islands,2,2,4,4,2,2,1,canonical_resolved,True
6159,id:6159,VKT,Vorkuta Airport,Vorkuta,Russia,2,2,2,2,0,0,1,canonical_resolved,True
1247,id:1247,VLL,Valladolid Airport,Valladolid,Spain,2,1,3,2,0,0,0.5,canonical_resolved,True
6788,id:6788,VQS,Vieques Airport,Vieques Island,Puerto Rico,2,2,5,5,1,1,1,canonical_resolved,True
977,id:977,VXC,Lichinga Airport,Lichinga,Mozambique,2,2,1,1,0,0,1,canonical_resolved,True
7187,id:7187,WAA,Wales Airport,Wales,United States,2,2,1,1,0,0,0,canonical_resolved,True
605,id:605,WAT,Waterford Airport,Waterford,Ireland,2,2,1,1,2,2,1,canonical_resolved,True
3363,id:3363,WGA,Wagga Wagga City Airport,Wagga Wagga,Australia,2,2,1,1,0,0,1,canonical_resolved,True
6337,id:6337,WIN,Winton Airport,Winton,Australia,2,2,1,1,0,0,1,canonical_resolved,True
2294,id:2294,WKJ,Wakkanai Airport,Wakkanai,Japan,2,2,1,1,0,0,1,canonical_resolved,True
7188,id:7188,WMO,White Mountain Airport,White Mountain,United States,2,2,1,1,0,0,1,canonical_resolved,True
6333,id:6333,WNR,Windorah Airport,Windorah,Australia,2,2,1,1,0,0,1,canonical_resolved,True
5969,id:5969,WRG,Wrangell Airport,Wrangell,United States,2,2,1,1,0,0,1,canonical_resolved,True
5571,id:5571,WRY,Westray Airport,Westray,United Kingdom,2,2,1,1,0,0,1,canonical_resolved,True
6725,id:6725,WTK,Noatak Airport,Noatak,United States,2,1,1,1,0,0,0.5,canonical_resolved,True
2142,id:2142,XBJ,Birjand Airport,Birjand,Iran,2,2,1,1,0,0,1,canonical_resolved,True
3353,id:3353,XCH,Christmas Island Airport,Christmas Island,Christmas Island,2,2,1,1,2,2,1,canonical_resolved,True
1374,id:1374,XCR,Châlons-Vatry Airport,Chalons,France,2,2,1,1,2,2,1,canonical_resolved,True
5480,id:5480,XKS,Kasabonika Airport,Kasabonika,Canada,2,2,1,1,0,0,1,canonical_resolved,True
1889,id:1889,XQP,Quepos Managua Airport,Quepos,Costa Rica,2,2,2,2,0,0,0.5,canonical_resolved,True
8961,id:8961,XSB,Sir Bani Yas Airport,Sir Bani Yas Island,United Arab Emirates,2,2,1,1,0,0,1,canonical_resolved,True
1755,id:1755,XSC,South Caicos Airport,South Caicos,Turks and Caicos Islands,2,2,1,1,0,0,1,canonical_resolved,True
8225,id:8225,YAB,Old Arctic Bay Airport,Arctic Bay,Canada,2,2,1,1,0,0,1,canonical_resolved,True
5478,id:5478,YAC,Cat Lake Airport,Cat Lake,Canada,2,2,1,1,0,0,1,canonical_resolved,True
5479,id:5479,YAG,Fort Frances Municipal Airport,Fort Frances,Canada,2,3,1,1,0,0,1,canonical_resolved,True
6803,id:6803,YAK,Yakutat Airport,Yakutat,United States,2,2,1,1,0,0,1,canonical_resolved,True
2258,id:2258,YAP,Yap International Airport,Yap,Micronesia,2,2,1,1,2,2,1,canonical_resolved,True
5482,id:5482,YAT,Attawapiskat Airport,Attawapiskat,Canada,2,2,1,1,0,0,1,canonical_resolved,True
5465,id:5465,YAX,Wapekeka Airport,Angling Lake,Canada,2,3,1,1,0,0,0.5,canonical_resolved,True
30,id:30,YBL,Campbell River Airport,Campbell River,Canada,2,2,2,3,0,0,1,canonical_resolved,True
36,id:36,YCL,Charlo Airport,Charlo,Canada,2,2,1,1,0,0,1,canonical_resolved,True
40,id:40,YCY,Clyde River Airport,Clyde River,Canada,2,2,2,2,0,0,1,canonical_resolved,True
48,id:48,YDQ,Dawson Creek Airport,Dawson Creek,Canada,2,2,1,1,0,0,1,canonical_resolved,True
5490,id:5490,YFA,Fort Albany Airport,Fort Albany,Canada,2,2,1,1,0,0,1,canonical_resolved,True
4239,id:4239,YGH,Fort Good Hope Airport,Fort Good Hope,Canada,2,2,1,1,0,0,1,canonical_resolved,True
65,id:65,YGR,Îles-de-la-Madeleine Airport,Iles De La Madeleine,Canada,2,2,1,1,0,0,1,canonical_resolved,True
7255,id:7255,YGV,Havre St Pierre Airport,Havre-Saint-Pierre,Canada,2,2,2,2,0,0,1,canonical_resolved,True
5497,id:5497,YGX,Gillam Airport,Gillam,Canada,2,2,1,1,0,0,1,canonical_resolved,True
5502,id:5502,YHO,Hopedale Airport,Hopedale,Canada,2,2,2,2,0,0,1,canonical_resolved,True
5471,id:5471,YHP,Poplar Hill Airport,Poplar Hill,Canada,2,2,1,1,0,0,0.5,canonical_resolved,True
5504,id:5504,YIK,Ivujivik Airport,Ivujivik,Canada,2,2,1,1,0,0,1,canonical_resolved,True
6409,id:6409,YIN,Yining Airport,Yining,China,2,2,3,3,0,0,1,canonical_resolved,True
75,id:75,YIO,Pond Inlet Airport,Pond Inlet,Canada,2,2,2,2,0,0,1,canonical_resolved,True
5510,id:5510,YLH,Lansdowne House Airport,Lansdowne House,Canada,2,2,1,1,0,0,1,canonical_resolved,True
5516,id:5516,YNC,Wemindji Airport,Wemindji,Canada,2,2,1,1,0,0,1,canonical_resolved,True
5467,id:5467,YNO,North Spirit Lake Airport,North Spirit Lake,Canada,2,2,1,1,0,0,0.5,canonical_resolved,True
5501,id:5501,YNS,Nemiscau Airport,Nemiscau,Canada,2,2,1,1,0,0,1,canonical_resolved,True
99,id:99,YOJ,High Level Airport,High Level,Canada,2,2,1,1,0,0,1,canonical_resolved,True
7266,id:7266,YOP,Rainbow Lake Airport,Rainbow Lake,Canada,2,2,1,1,0,0,1,canonical_resolved,True
106,id:106,YPN,Port Menier Airport,Port Menier,Canada,2,2,1,1,0,0,1,canonical_resolved,True
109,id:109,YPY,Fort Chipewyan Airport,Fort Chipewyan,Canada,2,2,1,1,0,0,1,canonical_resolved,True
5499,id:5499,YQC,Quaqtaq Airport,Quaqtaq,Canada,2,2,1,1,0,0,1,canonical_resolved,True
122,id:122,YQU,Grande Prairie Airport,Grande Prairie,Canada,2,2,1,1,0,0,1,canonical_resolved,True
127,id:127,YQZ,Quesnel Airport,Quesnel,Canada,2,2,2,2,0,0,1,canonical_resolved,True
128,id:128,YRB,Resolute Bay Airport,Resolute,Canada,2,2,2,2,0,0,1,canonical_resolved,True
5461,id:5461,YRG,Rigolet Airport,Rigolet,Canada,2,2,1,1,0,0,1,canonical_resolved,True
139,id:139,YSY,Sachs Harbour (David Nasogaluak Jr. Saaryuaq) Airport,Sachs Harbour,Canada,2,2,1,1,0,0,1,canonical_resolved,True
140,id:140,YTE,Cape Dorset Airport,Cape Dorset,Canada,2,2,2,2,0,0,1,canonical_resolved,True
6728,id:6728,YTQ,Tasiujaq Airport,Tasiujaq,Canada,2,2,1,1,0,0,1,canonical_resolved,True
148,id:148,YUX,Hall Beach Airport,Hall Beach,Canada,2,2,2,2,0,0,1,canonical_resolved,True
7253,id:7253,YWB,Kangiqsujuaq (Wakeham Bay) Airport,Kangiqsujuaq,Canada,2,2,1,1,0,0,1,canonical_resolved,True
4237,id:4237,YWJ,Déline Airport,Deline,Canada,2,2,1,1,0,0,1,canonical_resolved,True
162,id:162,YWL,Williams Lake Airport,Williams Lake,Canada,2,2,3,3,0,0,1,canonical_resolved,True
5533,id:5533,YWP,Webequie Airport,Webequie,Canada,2,2,1,1,0,0,0.5,canonical_resolved,True
164,id:164,YXC,Cranbrook/Canadian Rockies International Airport,Cranbrook,Canada,2,2,1,1,0,0,1,canonical_resolved,True
5534,id:5534,YXN,Whale Cove Airport,Whale Cove,Canada,2,2,2,2,0,0,1,canonical_resolved,True
170,id:170,YXP,Pangnirtung Airport,Pangnirtung,Canada,2,2,2,2,0,0,1,canonical_resolved,True
174,id:174,YXU,London Airport,London,Canada,2,2,1,1,0,0,1,canonical_resolved,True
175,id:175,YXX,Abbotsford Airport,Abbotsford,Canada,2,2,1,1,0,0,1,canonical_resolved,True
182,id:182,YYG,Charlottetown Airport,Charlottetown,Canada,2,2,2,2,0,0,1,canonical_resolved,True
190,id:190,YYU,Kapuskasing Airport,Kapuskasing,Canada,2,1,1,1,0,0,0.5,canonical_resolved,True
5535,id:5535,YZG,Salluit Airport,Salluit,Canada,2,2,1,1,0,0,1,canonical_resolved,True
9770,id:9770,YZY,Zhangye Ganzhou Airport,Zhangye,China,2,2,2,2,0,0,1,canonical_resolved,True
2667,id:2667,ZAL,Pichoy Airport,Valdivia,Chile,2,2,2,2,0,0,0.5,canonical_resolved,True
6378,id:6378,ZAT,Zhaotong Airport,Zhaotong,China,2,2,2,2,0,0,1,canonical_resolved,True
13754,id:13754,ZCO,La Araucanía Airport,Temuco,Chile,2,2,2,2,0,0,1,canonical_resolved,True
5539,id:5539,ZEM,Eastmain River Airport,Eastmain River,Canada,2,2,1,1,0,0,1,canonical_resolved,True
4238,id:4238,ZFN,Tulita Airport,Tulita,Canada,2,2,1,1,0,0,1,canonical_resolved,True
8043,id:8043,ZHY,Zhongwei Shapotou Airport,Zhongwei,China,2,2,1,1,0,0,1,canonical_resolved,True
1081,id:1081,ZIG,Ziguinchor Airport,Ziguinchor,Senegal,2,1,1,1,0,0,0.5,canonical_resolved,True
5543,id:5543,ZKE,Kashechewan Airport,Kashechewan,Canada,2,2,1,1,0,0,1,canonical_resolved,True
5474,id:5474,ZLT,La Tabatière Airport,La Tabatière,Canada,2,2,1,1,0,0,1,canonical_resolved,True
5546,id:5546,ZPB,Sachigo Lake Airport,Sachigo Lake,Canada,2,2,1,1,0,0,1,canonical_resolved,True
5547,id:5547,ZRJ,Round Lake (Weagamow Lake) Airport,Round Lake,Canada,2,3,1,1,0,0,1,canonical_resolved,True
5473,id:5473,ZTB,Tête-à-la-Baleine Airport,Tête-à-la-Baleine,Canada,2,2,1,1,0,0,1,canonical_resolved,True
5550,id:5550,ZUM,Churchill Falls Airport,Churchill Falls,Canada,2,2,1,1,0,0,1,canonical_resolved,True
6946,id:6946,AAT,Altay Air Base,Altay,China,1,1,2,2,0,0,1,canonical_resolved,True
7395,id:7395,AAX,Romeu Zema Airport,Araxa,Brazil,1,1,1,1,0,0,0,canonical_resolved,True
3979,id:3979,AAY,Al Ghaidah International Airport,Al Ghaidah Intl,Yemen,1,1,1,1,0,0,1,canonical_resolved,True
3718,id:3718,ABI,Abilene Regional Airport,Abilene,United States,1,1,1,1,0,0,1,canonical_resolved,True
3318,id:3318,ABM,Northern Peninsula Airport,Amberley,Australia,1,1,1,1,0,0,1,canonical_resolved,True
1127,id:1127,ABS,Abu Simbel Airport,Abu Simbel,Egypt,1,1,1,1,0,0,1,canonical_resolved,True
6740,id:6740,ACR,Araracuara Airport,Araracuara,Colombia,1,1,1,1,0,0,1,canonical_resolved,True
3700,id:3700,ACT,Waco Regional Airport,Waco,United States,1,1,1,1,0,0,1,canonical_resolved,True
2165,id:2165,ACZ,Zabol Airport,Zabol,Iran,1,1,1,1,0,0,1,canonical_resolved,True
5800,id:5800,ADF,Adıyaman Airport,Adiyaman,Turkey,1,1,1,1,0,0,1,canonical_resolved,True
5959,id:5959,ADK,Adak Airport,Adak Island,United States,1,1,1,1,0,0,1,canonical_resolved,True
11,id:11,AEY,Akureyri Airport,Akureyri,Iceland,1,1,1,1,0,0,1,canonical_resolved,True
2524,id:2524,AFL,Piloto Osvaldo Marques Dias Airport,Alta Floresta,Brazil,1,1,1,1,0,0,1,canonical_resolved,True
5931,id:5931,AFZ,Sabzevar National Airport,Sabzevar,Iran,1,1,1,1,0,0,1,canonical_resolved,True
374,id:374,AGB,Augsburg Airport,Augsburg,Germany,1,1,1,1,1,1,1,canonical_resolved,True
3130,id:3130,AGX,Agatti Airport,Agatti Island,India,1,1,1,1,0,0,1,canonical_resolved,True
5716,id:5716,AHN,Athens Ben Epps Airport,Athens,United States,1,1,1,1,0,0,1,canonical_resolved,True
1078,id:1078,AHU,Cherif Al Idrissi Airport,Al Hociema,Morocco,1,1,1,1,0,0,0,canonical_resolved,True
7067,id:7067,AIA,Alliance Municipal Airport,Alliance,United States,1,1,1,1,0,0,0,canonical_resolved,True
5861,id:5861,AIU,Enua Airport,Atiu Island,Cook Islands,1,2,1,1,0,0,1,canonical_resolved,True
5799,id:5799,AJI,Ağrı Airport,Agri,Turkey,1,1,1,1,0,0,1,canonical_resolved,True
730,id:730,AJR,Arvidsjaur Airport,Arvidsjaur,Sweden,1,1,1,1,0,0,1,canonical_resolved,True
7195,id:7195,AKB,Atka Airport,Atka,United States,1,1,1,1,0,0,1,canonical_resolved,True
7160,id:7160,AKK,Akhiok Airport,Akhiok,United States,1,1,1,1,0,0,1,canonical_resolved,True
5718,id:5718,ALO,Waterloo Regional Airport,Waterloo,United States,1,1,1,1,0,0,1,canonical_resolved,True
1109,id:1109,AMH,Arba Minch Airport,Arba Minch,Ethiopia,1,2,1,1,0,0,1,canonical_resolved,True
1277,id:1277,ANG,Angoulême-Brie-Champniers Airport,Angouleme,France,1,1,1,1,0,0,1,canonical_resolved,True
299,id:299,ANR,Antwerp International Airport (Deurne),Antwerp,Belgium,1,1,1,1,1,1,1,canonical_resolved,True
2787,id:2787,ANS,Andahuaylas Airport,Andahuaylas,Peru,1,1,1,1,0,0,1,canonical_resolved,True
6780,id:6780,AOE,Anadolu Airport,Eskissehir,Turkey,1,1,1,1,1,1,1,canonical_resolved,True
4012,id:4012,APF,Naples Municipal Airport,Naples,United States,1,1,1,1,0,0,1,canonical_resolved,True
2521,id:2521,AQA,Araraquara Airport,Araracuara,Brazil,1,1,1,1,0,0,1,canonical_resolved,True
6729,id:6729,ARC,Arctic Village Airport,Arctic Village,United States,1,1,1,1,0,0,1,canonical_resolved,True
1176,id:1176,ARK,Arusha Airport,Arusha,Tanzania,1,1,1,1,0,0,0,canonical_resolved,True
4062,id:4062,ARM,Armidale Airport,Armidale,Australia,1,1,1,1,0,0,1,canonical_resolved,True
3838,id:3838,ART,Watertown International Airport,Watertown,United States,1,1,1,1,0,0,1,canonical_resolved,True
1647,id:1647,ARW,Arad International Airport,Arad,Romania,1,1,1,1,1,1,1,canonical_resolved,True
2316,id:2316,ASJ,Amami Airport,Amami,Japan,1,1,1,1,0,0,1,canonical_resolved,True
1119,id:1119,ASO,Asosa Airport,Asosa,Ethiopia,1,2,1,1,0,0,1,canonical_resolved,True
5692,id:5692,ASV,Amboseli Airport,Amboseli National Park,Kenya,1,1,2,1,0,0,1,canonical_resolved,True
2788,id:2788,ATA,Comandante FAP German Arias Graziani Airport,Anta,Peru,1,1,1,1,0,0,1,canonical_resolved,True
5857,id:5857,ATC,Arthur's Town Airport,Arthur's Town,Bahamas,1,1,2,2,0,0,1,canonical_resolved,True
5404,id:5404,ATD,Uru Harbour Airport,Atoifi,Solomon Islands,1,1,1,1,0,0,1,canonical_resolved,True
2752,id:2752,AUC,Santiago Perez Airport,Arauca,Colombia,1,1,1,1,0,0,1,canonical_resolved,True
3701,id:3701,AUG,Augusta State Airport,Augusta,United States,1,1,1,1,0,0,1,canonical_resolved,True
1344,id:1344,AUR,Aurillac Airport,Aurillac,France,1,1,1,1,0,0,1,canonical_resolved,True
5914,id:5914,AUY,Aneityum Airport,Anelghowhat,Vanuatu,1,1,1,1,0,0,1,canonical_resolved,True
3332,id:3332,AVV,Avalon Airport,Avalon,Australia,1,1,1,1,0,0,1,canonical_resolved,True
3978,id:3978,AXK,Ataq Airport,Ataq,Yemen,1,1,1,1,0,0,1,canonical_resolved,True
1984,id:1984,AXR,Arutua Airport,Arutua,French Polynesia,1,1,1,1,0,0,0,canonical_resolved,True
2786,id:2786,AYP,Coronel FAP Alfredo Mendivil Duarte Airport,Ayacucho,Peru,1,1,2,2,0,0,1,canonical_resolved,True
4010,id:4010,AYQ,Ayers Rock Connellan Airport,Uluru,Australia,1,1,1,1,0,0,1,canonical_resolved,True
1649,id:1649,BAY,Tautii Magheraus Airport,Baia Mare,Romania,1,1,1,1,0,0,1,canonical_resolved,True
7399,id:7399,BAZ,Barcelos Airport,Barcelos,Brazil,1,1,1,1,0,0,1,canonical_resolved,True
4218,id:4218,BDB,Bundaberg Airport,Bundaberg,Australia,1,1,1,1,0,0,1,canonical_resolved,True
6180,id:6180,BDP,Bhadrapur Airport,Chandragarhi,Nepal,1,1,1,1,0,0,1,canonical_resolved,True
640,id:640,BDU,Bardufoss Airport,Bardufoss,Norway,1,1,1,1,0,0,1,canonical_resolved,True
6209,id:6209,BEJ,Kalimarau Airport,Tanjung Redep-Borneo Island,Indonesia,1,1,2,2,0,0,1,canonical_resolved,True
5723,id:5723,BFF,Western Neb. Rgnl/William B. Heilig Airport,Scottsbluff,United States,1,1,1,1,0,0,1,canonical_resolved,True
794,id:794,BFN,Bram Fischer International Airport,Bloemfontein,South Africa,1,1,2,2,0,0,1,canonical_resolved,True
4133,id:4133,BFV,Buri Ram Airport,Buri Ram,Thailand,1,1,1,1,0,0,1,canonical_resolved,True
9272,id:9272,BGG,Bingöl Çeltiksuyu Airport,Bingol,Turkey,1,1,1,1,0,0,1,canonical_resolved,True
4129,id:4129,BGM,Greater Binghamton/Edwin A Link field,Binghamton,United States,1,1,1,1,0,0,1,canonical_resolved,True
4025,id:4025,BHB,Hancock County-Bar Harbor Airport,Bar Harbor,United States,1,1,1,1,0,0,1,canonical_resolved,True
2999,id:2999,BHJ,Bhuj Airport,Bhuj,India,1,1,1,1,0,0,1,canonical_resolved,True
6179,id:6179,BHR,Bharatpur Airport,Bharatpur,Nepal,1,1,1,1,0,0,1,canonical_resolved,True
1937,id:1937,BIM,South Bimini Airport,Alice Town,Bahamas,1,1,1,1,1,1,1,canonical_resolved,True
3129,id:3129,BIR,Biratnagar Airport,Biratnagar,Nepal,1,1,1,1,0,0,1,canonical_resolved,True
5930,id:5930,BJB,Bojnord Airport,Bojnourd,Iran,1,1,1,1,0,0,1,canonical_resolved,True
3288,id:3288,BKS,Fatmawati Soekarno Airport,Bengkulu,Indonesia,1,1,4,4,0,0,1,canonical_resolved,True
5703,id:5703,BKZ,Bukoba Airport,Bukoba,Tanzania,1,1,1,1,0,0,1,canonical_resolved,True
3790,id:3790,BLV,Scott AFB/Midamerica Airport,Belleville,United States,1,1,1,1,0,0,1,canonical_resolved,True
5554,id:5554,BMW,Bordj Badji Mokhtar Airport,Bordj Badji Mokhtar,Algeria,1,1,1,1,0,0,1,canonical_resolved,True
11230,id:11230,BNB,Boende Airport,Boende,Congo (Kinshasa),1,1,1,1,0,0,0,canonical_resolved,True
2822,id:2822,BNS,Barinas Airport,Barinas,Venezuela,1,1,2,2,0,0,1,canonical_resolved,True
11498,id:11498,BPL,Alashankou Bole (Bortala) airport,Bole,China,1,1,1,1,0,0,1,canonical_resolved,True
3612,id:3612,BPT,Southeast Texas Regional Airport,Beaumont,United States,1,1,1,1,0,0,1,canonical_resolved,True
1588,id:1588,BRQ,Brno-Tuřany Airport,Brno,Czech Republic,1,1,1,1,1,1,1,canonical_resolved,True
2711,id:2711,BSC,José Celestino Mutis Airport,Bahia Solano,Colombia,1,1,1,1,0,0,1,canonical_resolved,True
7505,id:7505,BSD,Baoshan Yunduan Airport,Baoshan,China,1,1,1,1,0,0,1,canonical_resolved,True
6019,id:6019,BSO,Basco Airport,Basco,Philippines,1,1,2,2,0,0,1,canonical_resolved,True
2712,id:2712,BUN,Gerardo Tobar López Airport,Buenaventura,Colombia,1,1,1,1,0,0,1,canonical_resolved,True
2533,id:2533,BVB,Atlas Brasil Cantanhede Airport,Boa Vista,Brazil,1,1,3,3,0,0,1,canonical_resolved,True
2637,id:2637,BVH,Brigadeiro Camarão Airport,Vilhena,Brazil,1,1,1,1,0,0,1,canonical_resolved,True
3122,id:3122,BWA,Gautam Buddha Airport,Bhairawa,Nepal,1,1,1,1,0,0,1,canonical_resolved,True
4160,id:4160,BWK,Bol Airport,Brac,Croatia,1,1,1,1,0,0,1,canonical_resolved,True
5928,id:5928,BXR,Bam Airport,Bam,Iran,1,1,1,1,0,0,1,canonical_resolved,True
8242,id:8242,BYO,Bonito Airport,Bointo,Brazil,1,1,1,1,0,0,1,canonical_resolved,True
6176,id:6176,BZL,Barisal Airport,Barisal,Bangladesh,1,1,1,1,0,0,1,canonical_resolved,True
1536,id:1536,BZO,Bolzano Airport,Bolzano,Italy,1,1,2,2,0,0,1,canonical_resolved,True
2830,id:2830,CAJ,Canaima Airport,Canaima,Venezuela,1,1,1,1,0,0,1,canonical_resolved,True
5553,id:5553,CBH,Béchar Boudghene Ben Ali Lotfi Airport,Béchar,Algeria,1,1,1,1,0,0,1,canonical_resolved,True
2399,id:2399,CBO,Awang Airport,Cotabato,Philippines,1,1,3,3,0,0,1,canonical_resolved,True
6315,id:6315,CCK,Cocos (Keeling) Islands Airport,Cocos Keeling Island,Cocos (Keeling) Islands,1,1,1,1,1,1,1,canonical_resolved,True
2518,id:2518,CDJ,Conceição do Araguaia Airport,Conceicao Do Araguaia,Brazil,1,1,1,1,0,0,0,canonical_resolved,True
7066,id:7066,CDR,Chadron Municipal Airport,Chadron,United States,1,1,1,1,0,0,0,canonical_resolved,True
6256,id:6256,CED,Ceduna Airport,Ceduna,Australia,1,1,1,1,0,0,1,canonical_resolved,True
7116,id:7116,CEM,Central Airport,Central,United States,1,1,1,1,0,0,0,canonical_resolved,True
4338,id:4338,CEZ,Cortez Municipal Airport,Cortez,United States,1,1,1,1,0,0,1,canonical_resolved,True
3356,id:3356,CFS,Coffs Harbour Airport,Coff's Harbour,Australia,1,1,1,1,0,0,1,canonical_resolved,True
5728,id:5728,CGI,Cape Girardeau Regional Airport,Cape Girardeau,United States,1,1,1,1,0,0,1,canonical_resolved,True
6012,id:6012,CGM,Camiguin Airport,Camiguin,Philippines,1,1,1,1,0,0,1,canonical_resolved,True
1866,id:1866,CHX,Cap Manuel Niño International Airport,Changuinola,Panama,1,1,1,1,0,0,0,canonical_resolved,True
7617,id:7617,CHY,Choiseul Bay Airport,Choiseul Bay,Solomon Islands,1,2,1,1,0,0,1,canonical_resolved,True
5612,id:5612,CIP,Chipata Airport,Chipata,Zambia,1,1,1,1,0,0,1,canonical_resolved,True
7398,id:7398,CIZ,Coari Airport,Coari,Brazil,1,1,1,1,0,0,1,canonical_resolved,True
6066,id:6066,CJA,Mayor General FAP Armando Revoredo Iglesias Airport,Cajamarca,Peru,1,1,1,1,0,0,1,canonical_resolved,True
4300,id:4300,CJM,Chumphon Airport,Chumphon,Thailand,1,1,1,1,0,0,1,canonical_resolved,True
5730,id:5730,CKB,North Central West Virginia Airport,Clarksburg,United States,1,1,1,1,0,0,1,canonical_resolved,True
6093,id:6093,CKH,Chokurdakh Airport,Chokurdah,Russia,1,1,2,2,0,0,1,canonical_resolved,True
3715,id:3715,CLL,Easterwood Field,College Station,United States,1,1,1,1,0,0,1,canonical_resolved,True
5731,id:5731,CLM,William R Fairchild International Airport,Port Angeles,United States,1,1,1,1,0,0,1,canonical_resolved,True
1789,id:1789,CME,Ciudad del Carmen International Airport,Ciudad Del Carmen,Mexico,1,1,2,2,0,0,1,canonical_resolved,True
2544,id:2544,CMG,Corumbá International Airport,Corumba,Brazil,1,1,1,1,0,0,1,canonical_resolved,True
4049,id:4049,CMI,University of Illinois Willard Airport,Champaign,United States,1,1,1,1,0,0,1,canonical_resolved,True
5420,id:5420,CMU,Chimbu Airport,Kundiawa,Papua New Guinea,1,1,1,1,0,0,1,canonical_resolved,True
1651,id:1651,CND,Mihail Kogălniceanu International Airport,Constanta,Romania,1,1,1,1,1,1,1,canonical_resolved,True
6255,id:6255,CNJ,Cloncurry Airport,Cloncurry,Australia,1,1,1,1,0,0,1,canonical_resolved,True
3597,id:3597,CNM,Cavern City Air Terminal,Carlsbad,United States,1,1,1,1,0,0,1,canonical_resolved,True
5439,id:5439,CNP,Neerlerit Inaat Airport,Neerlerit Inaat,Greenland,1,1,1,1,0,0,1,canonical_resolved,True
3719,id:3719,COU,Columbia Regional Airport,Columbia,United States,1,2,1,1,0,0,1,canonical_resolved,True
6253,id:6253,CPD,Coober Pedy Airport,Coober Pedy,Australia,1,1,1,1,0,0,1,canonical_resolved,True
1795,id:1795,CPE,Ingeniero Alberto Acuña Ongay International Airport,Campeche,Mexico,1,1,1,1,0,0,1,canonical_resolved,True
3872,id:3872,CPR,Casper-Natrona County International Airport,Casper,United States,1,1,1,1,0,0,1,canonical_resolved,True
6814,id:6814,CPX,Benjamin Rivera Noriega Airport,Culebra Island,Puerto Rico,1,1,1,1,0,0,1,canonical_resolved,True
6024,id:6024,CRM,Catarman National Airport,Catarman,Philippines,1,1,2,2,0,0,1,canonical_resolved,True
1082,id:1082,CSK,Cap Skirring Airport,Cap Skiring,Senegal,1,1,1,1,0,0,0,canonical_resolved,True
1793,id:1793,CTM,Chetumal International Airport,Chetumal,Mexico,1,1,1,1,0,0,1,canonical_resolved,True
2835,id:2835,CUM,Cumaná (Antonio José de Sucre) Airport,Cumana,Venezuela,1,1,1,1,0,0,1,canonical_resolved,True
6260,id:6260,CUQ,Coen Airport,Coen,Australia,1,2,1,1,0,0,0,canonical_resolved,True
1798,id:1798,CVM,General Pedro Jose Mendez International Airport,Ciudad Victoria,Mexico,1,1,2,2,0,0,1,canonical_resolved,True
4045,id:4045,CWA,Central Wisconsin Airport,Wassau,United States,1,1,1,1,0,0,1,canonical_resolved,True
3068,id:3068,CXB,Cox's Bazar Airport,Cox's Bazar,Bangladesh,1,1,3,3,0,0,1,canonical_resolved,True
5500,id:5500,CXH,Vancouver Harbour Water Aerodrome,Vancouver,Canada,1,1,1,1,0,0,1,canonical_resolved,True
6960,id:6960,CYF,Chefornak Airport,Chefornak,United States,1,1,1,1,0,0,0,canonical_resolved,True
6023,id:6023,CYP,Calbayog Airport,Calbayog City,Philippines,1,1,1,1,0,0,1,canonical_resolved,True
6094,id:6094,CYX,Cherskiy Airport,Cherskiy,Russia,1,1,2,2,0,0,1,canonical_resolved,True
6733,id:6733,CYZ,Cauayan Airport,Cauayan,Philippines,1,1,1,1,0,0,1,canonical_resolved,True
2833,id:2833,CZE,José Leonardo Chirinos Airport,Coro,Venezuela,1,1,1,1,0,0,1,canonical_resolved,True
2549,id:2549,CZS,Cruzeiro do Sul Airport,Cruzeiro do Sul,Brazil,1,1,1,1,0,0,1,canonical_resolved,True
2717,id:2717,CZU,Las Brujas Airport,Corozal,Colombia,1,1,1,1,0,0,1,canonical_resolved,True
5941,id:5941,DBA,Dalbandin Airport,Dalbandin,Pakistan,1,1,1,1,0,0,0,canonical_resolved,True
9905,id:9905,DCN,RAAF Base Curtin,Derby,Australia,1,1,1,1,0,0,1,canonical_resolved,True
9310,id:9310,DCY,Daocheng Yading Airport,Daocheng,China,1,1,3,3,0,0,1,canonical_resolved,True
13429,id:13429,DEE,Mendeleyevo Airport,Yuzhno-Kurilsk,Russia,1,1,1,1,0,0,1,canonical_resolved,True
1801,id:1801,DGO,General Guadalupe Victoria International Airport,Durango,Mexico,1,1,1,1,0,0,1,canonical_resolved,True
4188,id:4188,DHI,Dhangarhi Airport,Dhangarhi,Nepal,1,1,1,1,0,0,1,canonical_resolved,True
6760,id:6760,DHM,Kangra Airport,Kangra,India,1,1,2,2,0,0,1,canonical_resolved,True
6192,id:6192,DIN,Dien Bien Phu Airport,Dienbienphu,Vietnam,1,1,1,1,0,0,1,canonical_resolved,True
540,id:540,DND,Dundee Airport,Dundee,United Kingdom,1,1,1,1,0,0,1,canonical_resolved,True
1408,id:1408,DOL,Deauville-Saint-Gatien Airport,Deauville,France,1,1,1,1,1,1,1,canonical_resolved,True
6945,id:6945,DRK,Drake Bay Airport,Puntarenas,Costa Rica,1,1,2,2,0,0,1,canonical_resolved,True
3713,id:3713,DRO,Durango La Plata County Airport,Durango,United States,1,1,1,1,0,0,1,canonical_resolved,True
5896,id:5896,EAE,Siwo Airport,Sangafa,Vanuatu,1,1,1,1,0,0,1,canonical_resolved,True
1242,id:1242,EAS,San Sebastian Airport,San Sebastian,Spain,1,1,1,1,0,0,1,canonical_resolved,True
5802,id:5802,EDO,Balıkesir Körfez Airport,Balikesir Korfez,Turkey,1,1,1,1,0,0,1,canonical_resolved,True
6768,id:6768,EGN,Geneina Airport,Geneina,Sudan,1,1,2,2,0,0,1,canonical_resolved,True
12,id:12,EGS,Egilsstaðir Airport,Egilsstadir,Iceland,1,1,1,1,0,0,1,canonical_resolved,True
7154,id:7154,EGX,Egegik Airport,Egegik,United States,1,1,1,1,0,0,0,canonical_resolved,True
2718,id:2718,EJA,Yariguíes Airport,Barrancabermeja,Colombia,1,1,1,1,0,0,1,canonical_resolved,True
2095,id:2095,EJH,Al Wajh Domestic Airport,Wejh,Saudi Arabia,1,1,1,1,0,0,1,canonical_resolved,True
5736,id:5736,EKO,Elko Regional Airport,Elko,United States,1,1,1,1,0,0,1,canonical_resolved,True
6265,id:6265,ELC,Elcho Island Airport,Elcho Island,Australia,1,1,1,1,0,0,1,canonical_resolved,True
1169,id:1169,ELF,El Fasher Airport,El Fasher,Sudan,1,1,2,2,0,0,1,canonical_resolved,True
800,id:800,ELS,Ben Schoeman Airport,East London,South Africa,1,1,2,2,0,0,1,canonical_resolved,True
5555,id:5555,ELU,Guemar Airport,Guemar,Algeria,1,1,1,1,0,0,1,canonical_resolved,True
7136,id:7136,ELV,Elfin Cove Seaplane Base,Elfin Cove,United States,1,0,1,0,0,0,0,canonical_resolved,True
3990,id:3990,EMD,Emerald Airport,Emerald,Australia,1,1,1,1,0,0,1,canonical_resolved,True
3628,id:3628,ENA,Kenai Municipal Airport,Kenai,United States,1,1,2,2,0,0,1,canonical_resolved,True
6358,id:6358,ENH,Enshi Airport,Enshi,China,1,1,3,3,0,0,1,canonical_resolved,True
5564,id:5564,EOI,Eday Airport,Eday,United Kingdom,1,2,1,1,0,0,1,canonical_resolved,True
8247,id:8247,ERN,Eirunepé Airport,Eirunepe,Brazil,1,1,1,1,0,0,1,canonical_resolved,True
7083,id:7083,ESD,Orcas Island Airport,Eastsound,United States,1,1,1,1,0,0,0,canonical_resolved,True
6125,id:6125,ESL,Elista Airport,Elista,Russia,1,1,1,1,0,0,1,canonical_resolved,True
2690,id:2690,ETR,Santa Rosa International Airport,Santa Rosa,Ecuador,1,1,1,1,0,0,1,canonical_resolved,True
2898,id:2898,EUX,F. D. Roosevelt Airport,Oranjestad,Netherlands Antilles,1,1,1,1,0,0,1,canonical_resolved,True
4018,id:4018,EVV,Evansville Regional Airport,Evansville,United States,1,1,1,1,0,0,1,canonical_resolved,True
3730,id:3730,EWN,Coastal Carolina Regional Airport,New Bern,United States,1,1,1,1,0,0,1,canonical_resolved,True
6055,id:6055,EYP,El Yopal Airport,Yopal,Colombia,1,1,1,1,0,0,1,canonical_resolved,True
4127,id:4127,FCA,Glacier Park International Airport,Kalispell,United States,1,1,1,1,0,0,1,canonical_resolved,True
2189,id:2189,FJR,Fujairah International Airport,Fujeirah,United Arab Emirates,1,1,1,1,0,0,1,canonical_resolved,True
2719,id:2719,FLA,Gustavo Artunduaga Paredes Airport,Florencia,Colombia,1,1,2,2,0,0,1,canonical_resolved,True
3879,id:3879,FLO,Florence Regional Airport,Florence,United States,1,1,1,1,0,0,1,canonical_resolved,True
6267,id:6267,FLS,Flinders Island Airport,Flinders Island,Australia,1,2,1,1,0,0,1,canonical_resolved,True
6731,id:6731,FON,Arenal Airport,La Fortuna/San Carlos,Costa Rica,1,1,1,2,0,0,0,canonical_resolved,True
7082,id:7082,FRD,Friday Harbor Airport,Friday Harbor,United States,1,1,1,1,0,0,0,canonical_resolved,True
3437,id:3437,FSM,Fort Smith Regional Airport,Fort Smith,United States,1,1,1,1,0,0,1,canonical_resolved,True
4077,id:4077,FUN,Funafuti International Airport,Funafuti,Tuvalu,1,1,1,1,1,1,1,canonical_resolved,True
7457,id:7457,FUO,Foshan Shadi Airport,Foshan,China,1,1,1,1,0,0,1,canonical_resolved,True
5885,id:5885,FUT,Pointe Vele Airport,Futuna Island,Wallis and Futuna,1,1,1,1,0,0,1,canonical_resolved,True
1908,id:1908,GAO,Mariana Grajales Airport,Guantanamo,Cuba,1,1,1,1,0,0,1,canonical_resolved,True
8775,id:8775,GBB,Gabala International Airport,Qabala,Azerbaijan,1,1,1,1,1,1,1,canonical_resolved,True
4219,id:4219,GCN,Grand Canyon National Park Airport,Grand Canyon,United States,1,1,1,1,0,0,1,canonical_resolved,True
5680,id:5680,GDE,Gode Airport,Gode,Ethiopia,1,1,1,1,0,0,1,canonical_resolved,True
7070,id:7070,GDV,Dawson Community Airport,Glendive,United States,1,1,1,1,0,0,1,canonical_resolved,True
6933,id:6933,GDZ,Gelendzhik Airport,Gelendzhik,Russia,1,1,1,1,0,0,1,canonical_resolved,True
6268,id:6268,GET,Geraldton Airport,Geraldton,Australia,1,1,1,2,0,0,1,canonical_resolved,True
6792,id:6792,GFN,Grafton Airport,Grafton,Australia,1,1,1,1,0,0,1,canonical_resolved,True
3465,id:3465,GGG,East Texas Regional Airport,Longview,United States,1,1,1,1,0,0,1,canonical_resolved,True
5739,id:5739,GGW,Wokal Field Glasgow International Airport,Glasgow,United States,1,1,1,1,0,0,1,canonical_resolved,True
1152,id:1152,GHT,Ghat Airport,Ghat,Libya,1,1,1,1,0,0,1,canonical_resolved,True
2204,id:2204,GIL,Gilgit Airport,Gilgit,Pakistan,1,1,1,1,0,0,1,canonical_resolved,True
1773,id:1773,GJA,La Laguna Airport,Guanaja,Honduras,1,1,1,1,0,0,1,canonical_resolved,True
6130,id:6130,GLH,Mid Delta Regional Airport,Greenville,United States,1,1,1,1,0,0,1,canonical_resolved,True
472,id:472,GLO,Gloucestershire Airport,Golouchestershire,United Kingdom,1,1,1,1,1,1,1,canonical_resolved,True
6269,id:6269,GLT,Gladstone Airport,Gladstone,Australia,1,1,1,1,0,0,1,canonical_resolved,True
1028,id:1028,GMA,Gemena Airport,Gemena,Congo (Kinshasa),1,1,1,1,0,0,1,canonical_resolved,True
1979,id:1979,GMR,Totegegie Airport,Totegegie,French Polynesia,1,1,1,1,0,0,0,canonical_resolved,True
7407,id:7407,GNM,Guanambi Airport,Guanambi,Brazil,1,1,1,1,0,0,0,canonical_resolved,True
7383,id:7383,GPB,Tancredo Thomas de Faria Airport,Guarapuava,Brazil,1,1,1,1,0,0,1,canonical_resolved,True
2722,id:2722,GPI,Juan Casiano Airport,Guapi,Colombia,1,1,1,1,0,0,1,canonical_resolved,True
2672,id:2672,GPS,Seymour Airport,Galapagos,Ecuador,1,1,2,2,0,0,1,canonical_resolved,True
3653,id:3653,GRB,Austin Straubel International Airport,Green Bay,United States,1,1,1,1,0,0,1,canonical_resolved,True
804,id:804,GRJ,George Airport,George,South Africa,1,1,3,3,0,0,1,canonical_resolved,True
3775,id:3775,GRK,Robert Gray  Army Air Field Airport,Killeen,United States,1,1,1,1,0,0,1,canonical_resolved,True
7368,id:7368,GRP,Gurupi Airport,Gurupi,Brazil,1,1,1,1,0,0,0,canonical_resolved,True
1627,id:1627,GRW,Graciosa Airport,Graciosa Island,Portugal,1,1,1,1,0,0,1,canonical_resolved,True
3247,id:3247,GTO,Jalaluddin Airport,Gorontalo,Indonesia,1,1,3,3,0,0,1,canonical_resolved,True
6735,id:6735,GVR,Coronel Altino Machado de Oliveira Airport,Governador Valadares,Brazil,1,1,1,1,0,0,1,canonical_resolved,True
3094,id:3094,GWL,Gwalior Airport,Gwalior,India,1,1,1,1,0,0,1,canonical_resolved,True
6056,id:6056,GYA,Capitán de Av. Emilio Beltrán Airport,Guayaramerín,Bolivia,1,1,1,1,0,0,1,canonical_resolved,True
2352,id:2352,HAC,Hachijojima Airport,Hachijojima,Japan,1,1,1,1,0,0,1,canonical_resolved,True
5962,id:5962,HCR,Holy Cross Airport,Holy Cross,United States,1,1,1,1,0,0,0,canonical_resolved,True
6790,id:6790,HDM,Hamadan Airport,Hamadan,Iran,1,1,1,1,0,0,1,canonical_resolved,True
4086,id:4086,HGN,Mae Hong Son Airport,Mae Hong Son,Thailand,1,1,1,1,0,0,1,canonical_resolved,True
6739,id:6739,HGR,Hagerstown Regional Richard A Henson Field,Hagerstown,United States,1,1,1,1,0,0,1,canonical_resolved,True
3012,id:3012,HJR,Khajuraho Airport,Khajuraho,India,1,1,1,1,0,0,0,canonical_resolved,True
5599,id:5599,HMV,Hemavan Airport,Hemavan,Sweden,1,1,1,1,0,0,1,canonical_resolved,True
2344,id:2344,HNA,Hanamaki Airport,Hanamaki,Japan,1,1,1,1,0,0,1,canonical_resolved,True
3445,id:3445,HNM,Hana Airport,Hana,United States,1,1,1,1,0,0,1,canonical_resolved,True
3664,id:3664,HOM,Homer Airport,Homer,United States,1,1,1,1,0,0,1,canonical_resolved,True
3491,id:3491,HON,Huron Regional Airport,Huron,United States,1,1,1,1,0,0,1,canonical_resolved,True
3398,id:3398,HTN,Hotan Airport,Hotan,China,1,1,4,4,0,0,1,canonical_resolved,True
7107,id:7107,HUS,Hughes Airport,Hughes,United States,1,2,1,1,0,0,0,canonical_resolved,True
6067,id:6067,HUU,Alferez Fap David Figueroa Fernandini Airport,Huánuco,Peru,1,1,2,2,0,0,1,canonical_resolved,True
1786,id:1786,HUX,Bahías de Huatulco International Airport,Huatulco,Mexico,1,1,1,1,0,0,1,canonical_resolved,True
6373,id:6373,HVD,Khovd Airport,Khovd,Mongolia,1,1,1,1,0,0,1,canonical_resolved,True
4006,id:4006,HVN,Tweed New Haven Airport,New Haven,United States,1,1,1,1,0,0,1,canonical_resolved,True
3604,id:3604,HVR,Havre City County Airport,Havre,United States,1,1,1,1,0,0,1,canonical_resolved,True
4278,id:4278,HYA,Barnstable Municipal Boardman Polando Field,Barnstable,United States,1,2,1,1,0,0,1,canonical_resolved,True
7148,id:7148,HYG,Hydaburg Seaplane Base,Hydaburg,United States,1,1,1,1,0,0,1,canonical_resolved,True
6121,id:6121,IAA,Igarka Airport,Igarka,Russia,1,1,1,1,0,0,1,canonical_resolved,True
6974,id:6974,IAO,Siargao Airport,Siargao,Philippines,1,1,1,1,0,0,1,canonical_resolved,True
6940,id:6940,IAR,Tunoshna Airport,Yaroslavl,Russia,1,1,1,1,0,0,1,canonical_resolved,True
266,id:266,IBA,Ibadan Airport,Ibadan,Nigeria,1,1,1,1,0,0,1,canonical_resolved,True
2724,id:2724,IBE,Perales Airport,Ibague,Colombia,1,1,1,1,0,0,1,canonical_resolved,True
15,id:15,IFJ,Ísafjörður Airport,Isafjordur,Iceland,1,1,1,1,0,0,1,canonical_resolved,True
6106,id:6106,IFO,Ivano-Frankivsk International Airport,Ivano-Frankivsk,Ukraine,1,1,1,1,0,0,1,canonical_resolved,True
9043,id:9043,IGD,Iğdır Airport,Igdir,Turkey,1,1,1,1,0,0,1,canonical_resolved,True
6763,id:6763,IGG,Igiugig Airport,Igiugig,United States,1,0,1,0,0,0,0,canonical_resolved,True
6748,id:6748,IIL,Ilam Airport,Ilam,Iran,1,1,1,1,0,0,1,canonical_resolved,True
2295,id:2295,IKI,Iki Airport,Iki,Japan,1,1,1,1,0,0,1,canonical_resolved,True
7196,id:7196,IKO,Nikolski Air Station,Nikolski,United States,1,1,1,1,0,0,1,canonical_resolved,True
6095,id:6095,IKS,Tiksi Airport,Tiksi,Russia,1,1,2,2,0,0,1,canonical_resolved,True
3429,id:3429,ILI,Iliamna Airport,Iliamna,United States,1,1,1,1,0,0,1,canonical_resolved,True
5921,id:5921,ILP,Île des Pins Airport,Île des Pins,New Caledonia,1,1,1,1,0,0,1,canonical_resolved,True
267,id:267,ILR,Ilorin International Airport,Ilorin,Nigeria,1,1,1,1,0,0,1,canonical_resolved,True
1451,id:1451,IOA,Ioannina Airport,Ioannina,Greece,1,1,1,1,0,0,1,canonical_resolved,True
3302,id:3302,IPH,Sultan Azlan Shah Airport,Ipoh,Malaysia,1,1,1,1,1,1,1,canonical_resolved,True
2725,id:2725,IPI,San Luis Airport,Ipiales,Colombia,1,1,1,1,0,0,1,canonical_resolved,True
3584,id:3584,IPT,Williamsport Regional Airport,Williamsport,United States,1,1,1,1,0,0,1,canonical_resolved,True
7236,id:7236,IRC,Circle City /New/ Airport,Circle,United States,1,1,1,1,0,0,0,canonical_resolved,True
5744,id:5744,IRK,Kirksville Regional Airport,Kirksville,United States,1,1,1,1,0,0,1,canonical_resolved,True
1032,id:1032,IRP,Matari Airport,Isiro,Congo (Kinshasa),1,1,1,1,0,0,0,canonical_resolved,True
8258,id:8258,IRZ,Tapuruquara Airport,Santa Isabel do Rio Negro,Brazil,1,1,1,1,0,0,1,canonical_resolved,True
5801,id:5801,ISE,Süleyman Demirel International Airport,Isparta,Turkey,1,1,1,1,0,0,1,canonical_resolved,True
2568,id:2568,ITB,Itaituba Airport,Itaituba,Brazil,1,1,2,2,0,0,1,canonical_resolved,True
3947,id:3947,ITH,Ithaca Tompkins Regional Airport,Ithaca,United States,1,1,1,1,0,0,1,canonical_resolved,True
5884,id:5884,IUE,Niue International Airport,Alofi,Niue,1,0,1,0,1,0,0,canonical_resolved,True
428,id:428,IVL,Ivalo Airport,Ivalo,Finland,1,1,1,1,0,0,0,canonical_resolved,True
5998,id:5998,IWJ,Iwami Airport,Iwami,Japan,1,1,1,1,0,0,1,canonical_resolved,True
11922,id:11922,IWK,Iwakuni Marine Corps Air Station,Iwakuni,Japan,1,1,1,1,0,0,1,canonical_resolved,True
3000,id:3000,IXG,Belgaum Airport,Belgaum,India,1,1,1,1,0,0,1,canonical_resolved,True
2328,id:2328,IZO,Izumo Airport,Izumo,Japan,1,1,1,1,0,0,1,canonical_resolved,True
4027,id:4027,JAC,Jackson Hole Airport,Jacksn Hole,United States,1,1,1,1,0,0,1,canonical_resolved,True
5837,id:5837,JAL,El Lencero Airport,Jalapa,Mexico,1,1,2,2,0,0,1,canonical_resolved,True
3591,id:3591,JBR,Jonesboro Municipal Airport,Jonesboro,United States,1,1,1,1,0,0,1,canonical_resolved,True
3010,id:3010,JGA,Jamnagar Airport,Jamnagar,India,1,1,1,1,0,0,1,canonical_resolved,True
4354,id:4354,JLN,Joplin Regional Airport,Joplin,United States,1,1,1,1,0,0,1,canonical_resolved,True
4194,id:4194,JNX,Naxos Airport,Cyclades Islands,Greece,1,1,2,2,0,0,1,canonical_resolved,True
6013,id:6013,JOL,Jolo Airport,Jolo,Philippines,1,1,1,1,0,0,1,canonical_resolved,True
268,id:268,JOS,Yakubu Gowon Airport,Jos,Nigeria,1,1,1,1,0,0,1,canonical_resolved,True
6073,id:6073,JPR,Ji-Paraná Airport,Ji-Paraná,Brazil,1,1,2,2,0,0,1,canonical_resolved,True
5840,id:5840,JQE,Jaqué Airport,Jaqué,Panama,1,0,1,0,0,0,0,canonical_resolved,True
1475,id:1475,JSI,Skiathos Island National Airport,Skiathos,Greece,1,1,2,2,0,0,1,canonical_resolved,True
3071,id:3071,JSR,Jessore Airport,Jessore,Bangladesh,1,1,3,3,0,0,1,canonical_resolved,True
5787,id:5787,JSY,Syros Airport,Syros Island,Greece,1,1,2,2,0,0,1,canonical_resolved,True
2477,id:2477,JUJ,Gobernador Horacio Guzman International Airport,Jujuy,Argentina,1,1,1,1,0,0,1,canonical_resolved,True
2792,id:2792,JUL,Inca Manco Capac International Airport,Juliaca,Peru,1,1,1,1,0,0,0,canonical_resolved,True
9828,id:9828,KAA,Kasama Airport,Kasama,Zambia,1,1,1,1,0,0,0,canonical_resolved,True
269,id:269,KAD,Kaduna Airport,Kaduna,Nigeria,1,1,1,1,0,0,1,canonical_resolved,True
433,id:433,KAJ,Kajaani Airport,Kajaani,Finland,1,1,1,1,0,0,1,canonical_resolved,True
6717,id:6717,KAL,Kaltag Airport,Kaltag,United States,1,1,1,1,0,0,0,canonical_resolved,True
6198,id:6198,KAW,Kawthoung Airport,Kawthoung,Burma,1,1,1,1,0,0,1,canonical_resolved,True
6406,id:6406,KCA,Kuqa Airport,Kuqa,China,1,1,2,2,0,0,1,canonical_resolved,True
6169,id:6169,KCT,Koggala Airport,Koggala,Sri Lanka,1,1,1,1,0,0,1,canonical_resolved,True
5949,id:5949,KDU,Skardu Airport,Skardu,Pakistan,1,1,1,1,0,0,1,canonical_resolved,True
432,id:432,KEM,Kemi-Tornio Airport,Kemi,Finland,1,2,1,2,0,0,1,canonical_resolved,True
6182,id:6182,KEP,Nepalgunj Airport,Nepalgunj,Nepal,1,1,1,1,0,0,1,canonical_resolved,True
3215,id:3215,KET,Kengtung Airport,Kengtung,Burma,1,1,1,1,0,0,0,canonical_resolved,True
8355,id:8355,KEW,Keewaywin Airport,Keewaywin,Canada,1,1,1,1,0,0,0,canonical_resolved,True
7202,id:7202,KFP,False Pass Airport,False Pass,United States,1,1,1,1,0,0,1,canonical_resolved,True
9273,id:9273,KFS,Kastamonu Airport,Kastamonu,Turkey,1,1,1,1,0,0,1,canonical_resolved,True
4051,id:4051,KGC,Kingscote Airport,Kingscote,Australia,1,1,1,1,0,0,1,canonical_resolved,True
3346,id:3346,KGI,Kalgoorlie Boulder Airport,Kalgoorlie,Australia,1,1,1,1,0,0,1,canonical_resolved,True
4373,id:4373,KGP,Kogalym International Airport,Kogalym,Russia,1,1,1,1,0,0,1,canonical_resolved,True
8921,id:8921,KGT,Kangding Airport,Kangding,China,1,1,1,1,0,0,1,canonical_resolved,True
5927,id:5927,KHD,Khoram Abad Airport,Khorram Abad,Iran,1,1,1,1,0,0,1,canonical_resolved,True
2192,id:2192,KHS,Khasab Air Base,Khasab,Oman,1,1,1,1,0,0,1,canonical_resolved,True
7213,id:7213,KKH,Kongiganak Airport,Kongiganak,United States,1,0,1,0,0,0,0,canonical_resolved,True
2311,id:2311,KKJ,Kitakyūshū Airport,Kitakyushu,Japan,1,1,2,2,0,0,1,canonical_resolved,True
1980,id:1980,KKR,Kaukura Airport,Kaukura Atoll,French Polynesia,1,1,1,1,0,0,0,canonical_resolved,True
5964,id:5964,KLG,Kalskag Airport,Kalskag,United States,1,1,1,1,0,0,0,canonical_resolved,True
7162,id:7162,KLN,Larsen Bay Airport,Larsen Bay,United States,1,1,1,1,0,0,0,canonical_resolved,True
707,id:707,KLR,Kalmar Airport,Kalkmar,Sweden,1,1,1,1,0,0,1,canonical_resolved,True
7205,id:7205,KLW,Klawock Airport,Klawock,United States,1,1,2,1,0,0,1,canonical_resolved,True
1166,id:1166,KME,Kamembe Airport,Kamembe,Rwanda,1,1,1,1,0,0,1,canonical_resolved,True
5556,id:5556,KMS,Kumasi Airport,Kumasi,Ghana,1,1,4,4,0,0,1,canonical_resolved,True
1998,id:1998,KNQ,Koné Airport,Kone,New Caledonia,1,1,1,1,0,0,1,canonical_resolved,True
3090,id:3090,KNU,Kanpur Airport,Kanpur,India,1,1,1,1,0,0,1,canonical_resolved,True
11290,id:11290,KOO,Kongolo Airport,Kongolo,Congo (Kinshasa),1,1,1,1,0,0,0,canonical_resolved,True
3936,id:3936,KOP,Nakhon Phanom Airport,Nakhon Phanom,Thailand,1,1,2,2,0,0,1,canonical_resolved,True
4093,id:4093,KOS,Sihanoukville International Airport,Sihanoukville,Cambodia,1,1,1,1,0,0,1,canonical_resolved,True
7201,id:7201,KPN,Kipnuk Airport,Kipnuk,United States,1,1,1,1,0,0,0,canonical_resolved,True
7157,id:7157,KPV,Perryville Airport,Perryville,United States,1,0,1,0,0,0,0,canonical_resolved,True
6134,id:6134,KQA,Akutan Seaplane Base,Akutan,United States,1,1,1,1,0,0,1,canonical_resolved,True
612,id:612,KRP,Karup Airport,Karup,Denmark,1,1,1,1,0,0,1,canonical_resolved,True
6408,id:6408,KRY,Karamay Airport,Karamay,China,1,1,2,2,0,0,1,canonical_resolved,True
6718,id:6718,KSM,St Mary's Airport,St Mary's,United States,1,1,1,1,0,0,1,canonical_resolved,True
1453,id:1453,KSO,Kastoria National Airport,Kastoria,Greece,1,1,1,1,0,0,1,canonical_resolved,True
5796,id:5796,KSY,Kars Airport,Kars,Turkey,1,1,1,1,0,0,1,canonical_resolved,True
3300,id:3300,KTE,Kerteh Airport,Kerteh,Malaysia,1,1,1,1,0,0,1,canonical_resolved,True
1141,id:1141,KTL,Kitale Airport,Kitale,Kenya,1,1,1,1,0,0,1,canonical_resolved,True
438,id:438,KTT,Kittilä Airport,Kittila,Finland,1,1,1,1,0,0,0,canonical_resolved,True
439,id:439,KUO,Kuopio Airport,Kuopio,Finland,1,1,1,1,0,0,1,canonical_resolved,True
3085,id:3085,KUU,Kullu Manali Airport,Kulu,India,1,1,1,1,0,0,1,canonical_resolved,True
6003,id:6003,KUV,Kunsan Air Base,Kunsan,South Korea,1,1,2,2,0,0,1,canonical_resolved,True
6765,id:6765,KVC,King Cove Airport,King Cove,United States,1,1,1,1,0,0,1,canonical_resolved,True
6734,id:6734,KVK,Kirovsk-Apatity Airport,Apatity,Russia,1,1,1,1,0,0,1,canonical_resolved,True
6719,id:6719,KVL,Kivalina Airport,Kivalina,United States,1,2,1,1,0,0,1,canonical_resolved,True
7096,id:7096,KWK,Kwigillingok Airport,Kwigillingok,United States,1,1,1,1,0,0,0,canonical_resolved,True
3217,id:3217,KYP,Kyaukpyu Airport,Kyaukpyu,Burma,1,1,1,1,0,0,1,canonical_resolved,True
7208,id:7208,KYU,Koyukuk Airport,Koyukuk,United States,1,1,1,1,0,0,0,canonical_resolved,True
6118,id:6118,KYZ,Kyzyl Airport,Kyzyl,Russia,1,1,1,1,0,0,1,canonical_resolved,True
9045,id:9045,KZR,Zafer Airport,Kutahya,Turkey,1,1,1,1,0,0,1,canonical_resolved,True
4196,id:4196,KZS,Kastelorizo Airport,Kastelorizo,Greece,1,1,2,2,0,0,1,canonical_resolved,True
1416,id:1416,LAI,Lannion-Côte de Granit Airport,Lannion,France,1,1,1,1,0,0,1,canonical_resolved,True
7584,id:7584,LAM,Los Alamos Airport,Los Alamos,United States,1,1,1,1,0,0,1,canonical_resolved,True
4202,id:4202,LAO,Laoag International Airport,Laoag,Philippines,1,1,2,2,0,0,1,canonical_resolved,True
4256,id:4256,LAW,Lawton Fort Sill Regional Airport,Lawton,United States,1,1,1,1,0,0,1,canonical_resolved,True
2582,id:2582,LAZ,Bom Jesus da Lapa Airport,Bom Jesus Da Lapa,Brazil,1,1,1,1,0,0,0,canonical_resolved,True
5748,id:5748,LBF,North Platte Regional Airport Lee Bird Field,North Platte,United States,1,1,1,1,0,0,1,canonical_resolved,True
3513,id:3513,LCH,Lake Charles Regional Airport,Lake Charles,United States,1,1,1,1,0,0,1,canonical_resolved,True
7504,id:7504,LCX,Longyan Guanzhishan Airport,Longyan,China,1,1,1,1,0,0,1,canonical_resolved,True
3348,id:3348,LEA,Learmonth Airport,Learmonth,Australia,1,1,1,1,0,0,1,canonical_resolved,True
6036,id:6036,LEC,Coronel Horácio de Mattos Airport,Lençóis,Brazil,1,1,1,1,0,0,1,canonical_resolved,True
1371,id:1371,LEH,Le Havre Octeville Airport,Le Havre,France,1,1,1,1,0,0,1,canonical_resolved,True
5572,id:5572,LEQ,Land's End Airport,Land's End,United Kingdom,1,1,1,1,0,0,1,canonical_resolved,True
2846,id:2846,LFR,La Fria Airport,La Fria,Venezuela,1,1,1,1,0,0,1,canonical_resolved,True
3493,id:3493,LFT,Lafayette Regional Airport,Lafayette,United States,1,1,1,1,0,0,1,canonical_resolved,True
1950,id:1950,LGI,Deadman's Cay Airport,Dead Man's Cay,Bahamas,1,1,2,2,0,0,1,canonical_resolved,True
5653,id:5653,LJA,Lodja Airport,Lodja,Congo (Kinshasa),1,0,1,0,0,0,0,canonical_resolved,True
5693,id:5693,LKG,Lokichoggio Airport,Lokichoggio,Kenya,1,1,1,1,0,0,1,canonical_resolved,True
653,id:653,LKL,Banak Airport,Lakselv,Norway,1,3,1,1,0,0,1,canonical_resolved,True
1510,id:1510,LMP,Lampedusa Airport,Lampedusa,Italy,1,1,1,1,0,0,1,canonical_resolved,True
7527,id:7527,LNJ,Lintsang Airfield,Lincang,China,1,1,2,2,0,0,1,canonical_resolved,True
3186,id:3186,LOE,Loei Airport,Loei,Thailand,1,1,1,1,0,0,1,canonical_resolved,True
1143,id:1143,LOK,Lodwar Airport,Lodwar,Kenya,1,2,1,1,0,0,1,canonical_resolved,True
6052,id:6052,LPD,La Pedrera Airport,La Pedrera,Colombia,1,1,1,1,0,0,1,canonical_resolved,True
742,id:742,LPI,Linköping City Airport,Linkoeping,Sweden,1,1,1,1,1,1,1,canonical_resolved,True
3163,id:3163,LPT,Lampang Airport,Lampang,Thailand,1,1,1,1,0,0,1,canonical_resolved,True
1313,id:1313,LPY,Le Puy-Loudes Airport,Le Puy,France,1,1,1,1,0,0,1,canonical_resolved,True
6051,id:6051,LQM,Caucaya Airport,Puerto Leguízamo,Colombia,1,1,1,1,0,0,1,canonical_resolved,True
6289,id:6289,LRE,Longreach Airport,Longreach,Australia,1,1,1,1,0,0,1,canonical_resolved,True
6287,id:6287,LSY,Lismore Airport,Lismore,Australia,1,1,1,1,0,0,1,canonical_resolved,True
1162,id:1162,LTD,Ghadames East Airport,Ghadames,Libya,1,1,1,1,0,0,1,canonical_resolved,True
6370,id:6370,LTI,Altai Airport,Altai,Mongolia,1,1,1,1,0,0,1,canonical_resolved,True
5641,id:5641,LUD,Luderitz Airport,Luderitz,Namibia,1,1,1,1,0,0,0,canonical_resolved,True
1675,id:1675,LUG,Lugano Airport,Lugano,Switzerland,1,1,1,1,0,0,1,canonical_resolved,True
3103,id:3103,LUH,Ludhiana Airport,Ludhiaha,India,1,1,1,1,0,0,1,canonical_resolved,True
960,id:960,LUO,Luena Airport,Luena,Angola,1,1,1,1,0,0,1,canonical_resolved,True
3413,id:3413,LUR,Cape Lisburne LRRS Airport,Cape Lisburne,United States,1,0,1,0,0,0,0,canonical_resolved,True
6212,id:6212,LUV,Dumatumbun Airport,Langgur-Kei Islands,Indonesia,1,1,1,1,0,0,0,canonical_resolved,True
3254,id:3254,LUW,Syukuran Aminuddin Amir Airport,Luwuk,Indonesia,1,1,2,2,0,0,1,canonical_resolved,True
6958,id:6958,LWB,Greenbrier Valley Airport,Lewisburg,United States,1,1,1,1,0,0,1,canonical_resolved,True
3965,id:3965,LWN,Gyumri Shirak Airport,Gyumri,Armenia,1,1,1,1,1,1,1,canonical_resolved,True
4142,id:4142,LXG,Luang Namtha Airport,Luang Namtha,Laos,1,1,1,1,0,0,1,canonical_resolved,True
5753,id:5753,LYH,Lynchburg Regional Preston Glenn Field,Lynchburg,United States,1,1,1,2,0,0,1,canonical_resolved,True
2202,id:2202,LYP,Faisalabad International Airport,Faisalabad,Pakistan,1,1,2,2,0,0,1,canonical_resolved,True
1813,id:1813,LZC,Lázaro Cárdenas Airport,Lazard Cardenas,Mexico,1,1,2,2,0,0,1,canonical_resolved,True
1818,id:1818,MAM,General Servando Canales International Airport,Matamoros,Mexico,1,1,1,1,0,0,1,canonical_resolved,True
6186,id:6186,MAQ,Mae Sot Airport,Tak,Thailand,1,1,1,1,0,0,1,canonical_resolved,True
2888,id:2888,MAZ,Eugenio Maria De Hostos Airport,Mayaguez,Puerto Rico,1,1,1,1,0,0,1,canonical_resolved,True
2298,id:2298,MBE,Monbetsu Airport,Monbetsu,Japan,1,1,1,1,0,0,1,canonical_resolved,True
14095,id:14095,MBI,Songwe Airport,Mbeya,Tanzania,1,1,1,1,0,0,1,canonical_resolved,True
4128,id:4128,MBS,MBS International Airport,Saginaw,United States,1,1,1,1,0,0,1,canonical_resolved,True
6025,id:6025,MBT,Moises R. Espinosa Airport,Masbate,Philippines,1,1,1,1,0,0,1,canonical_resolved,True
7122,id:7122,MCE,Merced Regional Macready Field,Merced,United States,1,1,1,1,0,0,1,canonical_resolved,True
7068,id:7068,MCK,Mc Cook Ben Nelson Regional Airport,McCook,United States,1,1,1,1,0,0,1,canonical_resolved,True
2591,id:2591,MCP,Alberto Alcolumbre Airport,Macapa,Brazil,1,1,3,3,0,0,1,canonical_resolved,True
6297,id:6297,MCV,McArthur River Mine Airport,McArthur River Mine,Australia,1,1,1,1,0,0,1,canonical_resolved,True
5429,id:5429,MDU,Mendi Airport,Mendi,Papua New Guinea,1,1,1,1,0,0,1,canonical_resolved,True
3334,id:3334,MEB,Melbourne Essendon Airport,Melbourne,Australia,1,1,1,1,0,0,0,canonical_resolved,True
2683,id:2683,MEC,Eloy Alfaro International Airport,Manta,Ecuador,1,1,1,1,0,0,1,canonical_resolved,True
2002,id:2002,MEE,Maré Airport,Mare,New Caledonia,1,1,1,1,0,0,1,canonical_resolved,True
4335,id:4335,MEI,Key Field,Meridian,United States,1,1,1,1,0,0,1,canonical_resolved,True
908,id:908,MFU,Mfuwe Airport,Mfuwe,Zambia,1,1,1,1,0,0,1,canonical_resolved,True
827,id:827,MGH,Margate Airport,Margate,South Africa,1,1,1,1,0,0,1,canonical_resolved,True
5862,id:5862,MGS,Mangaia Island Airport,Mangaia Island,Cook Islands,1,1,1,1,0,0,1,canonical_resolved,True
6295,id:6295,MGT,Milingimbi Airport,Milingimbi,Australia,1,1,1,1,0,0,1,canonical_resolved,True
9774,id:9774,MHC,Mocopulli Airport,Castro,Chile,1,1,1,1,0,0,1,canonical_resolved,True
356,id:356,MHG,Mannheim-City Airport,Mannheim,Germany,1,1,1,1,0,0,1,canonical_resolved,True
1981,id:1981,MKP,Makemo Airport,Makemo,French Polynesia,1,1,1,1,0,0,0,canonical_resolved,True
3246,id:3246,MKQ,Mopah Airport,Merauke,Indonesia,1,1,3,3,0,0,1,canonical_resolved,True
3894,id:3894,MLG,Abdul Rachman Saleh Airport,Malang,Indonesia,1,1,2,2,0,0,1,canonical_resolved,True
1058,id:1058,MLN,Melilla Airport,Melilla,Spain,1,1,1,1,0,0,1,canonical_resolved,True
4193,id:4193,MLO,Milos Airport,Milos,Greece,1,1,2,2,0,0,1,canonical_resolved,True
3732,id:3732,MLU,Monroe Regional Airport,Monroe,United States,1,1,1,1,0,0,1,canonical_resolved,True
522,id:522,MME,Durham Tees Valley Airport,Teesside,United Kingdom,1,1,1,1,0,0,1,canonical_resolved,True
1104,id:1104,MMO,Maio Airport,Maio,Cape Verde,1,1,1,1,0,0,1,canonical_resolved,True
7657,id:7657,MMU,Morristown Municipal Airport,Morristown,United States,1,1,1,1,0,0,1,canonical_resolved,True
3913,id:3913,MOF,Maumere(Wai Oti) Airport,Maumere,Indonesia,1,0,1,0,0,0,0,canonical_resolved,True
5865,id:5865,MOI,Mitiaro Island Airport,Mitiaro Island,Cook Islands,1,1,1,1,0,0,1,canonical_resolved,True
6301,id:6301,MOV,Moranbah Airport,Moranbah,Australia,1,1,1,1,0,0,1,canonical_resolved,True
579,id:579,MPN,Mount Pleasant Airport,Mount Pleasant,Falkland Islands,1,1,1,1,1,1,0,canonical_resolved,True
7375,id:7375,MQH,Minaçu Airport,Minacu,Brazil,1,1,1,1,0,0,0,canonical_resolved,True
1118,id:1118,MQX,Mekele Airport,Makale,Ethiopia,1,1,1,1,0,0,1,canonical_resolved,True
2849,id:2849,MRD,Alberto Carnevalli Airport,Merida,Venezuela,1,1,2,2,0,0,1,canonical_resolved,True
7424,id:7424,MRE,Mara Serena Lodge Airstrip,Masai Mara,Kenya,1,2,3,3,0,0,1,canonical_resolved,True
3948,id:3948,MRY,Monterey Peninsula Airport,Monterey,United States,1,1,1,1,0,0,1,canonical_resolved,True
2346,id:2346,MSJ,Misawa Air Base,Misawa,Japan,1,1,1,1,0,0,1,canonical_resolved,True
5756,id:5756,MSL,Northwest Alabama Regional Airport,Muscle Shoals,United States,1,1,1,1,0,0,1,canonical_resolved,True
3546,id:3546,MSS,Massena International Richards Field,Massena,United States,1,1,1,1,0,0,1,canonical_resolved,True
3968,id:3968,MSW,Massawa International Airport,Massawa,Eritrea,1,0,1,0,0,0,0,canonical_resolved,True
5633,id:5633,MSZ,Namibe Airport,Mocamedes,Angola,1,1,1,1,0,0,1,canonical_resolved,True
6880,id:6880,MTJ,Montrose Regional Airport,Montrose CO,United States,1,0,1,0,0,0,0,canonical_resolved,True
7146,id:7146,MTM,Metlakatla Seaplane Base,Metakatla,United States,1,1,3,3,0,0,1,canonical_resolved,True
2731,id:2731,MTR,Los Garzones Airport,Monteria,Colombia,1,1,1,1,0,0,1,canonical_resolved,True
1822,id:1822,MTT,Minatitlán/Coatzacoalcos National Airport,Minatitlan,Mexico,1,1,1,1,0,0,1,canonical_resolved,True
3545,id:3545,MUE,Waimea Kohala Airport,Kamuela,United States,1,1,1,1,0,0,1,canonical_resolved,True
5864,id:5864,MUK,Mauke Airport,Mauke Island,Cook Islands,1,1,1,1,0,0,1,canonical_resolved,True
898,id:898,MVR,Salak Airport,Maroua,Cameroon,1,1,1,1,0,0,0,canonical_resolved,True
6825,id:6825,MWA,Williamson County Regional Airport,Marion,United States,1,1,1,1,0,0,1,canonical_resolved,True
5903,id:5903,MWF,Maewo-Naone Airport,Maewo Island,Vanuatu,1,1,1,1,0,0,1,canonical_resolved,True
6374,id:6374,MXV,Mörön Airport,Muren,Mongolia,1,1,2,2,0,0,1,canonical_resolved,True
7774,id:7774,MYQ,Mysore Airport,Mysore,India,1,1,1,1,0,0,1,canonical_resolved,True
1182,id:1182,MYW,Mtwara Airport,Mtwara,Tanzania,1,1,1,1,0,0,1,canonical_resolved,True
2733,id:2733,MZL,La Nubia Airport,Manizales,Colombia,1,1,1,1,0,0,1,canonical_resolved,True
6090,id:6090,NAJ,Nakhchivan Airport,Nakhchivan,Azerbaijan,1,1,1,1,0,1,0,canonical_resolved,True
3173,id:3173,NAW,Narathiwat Airport,Narathiwat,Thailand,1,1,1,1,0,0,1,canonical_resolved,True
900,id:900,NGE,N'Gaoundéré Airport,N'gaoundere,Cameroon,1,1,1,1,0,1,0,canonical_resolved,True
7214,id:7214,NIB,Nikolai Airport,Nikolai,United States,1,1,1,1,0,0,1,canonical_resolved,True
7203,id:7203,NLG,Nelson Lagoon Airport,Nelson Lagoon,United States,1,1,1,1,0,0,1,canonical_resolved,True
9386,id:9386,NLT,Xinyuan Nalati Airport,Xinyuan,China,1,1,2,2,0,0,1,canonical_resolved,True
8199,id:8199,NME,Nightmute Airport,Nightmute,United States,1,1,1,1,0,0,0,canonical_resolved,True
1884,id:1884,NOB,Nosara Airport,Nosara Beach,Costa Rica,1,1,1,1,0,0,0,canonical_resolved,True
6053,id:6053,NQU,Reyes Murillo Airport,Nuquí,Colombia,1,1,1,1,0,0,1,canonical_resolved,True
743,id:743,NRK,Norrköping Airport,Norrkoeping,Sweden,1,1,1,1,1,1,1,canonical_resolved,True
3933,id:3933,NST,Nakhon Si Thammarat Airport,Nakhon Si Thammarat,Thailand,1,1,2,2,0,0,1,canonical_resolved,True
3409,id:3409,NTQ,Noto Airport,Wajima,Japan,1,1,1,1,0,0,1,canonical_resolved,True
7111,id:7111,NUL,Nulato Airport,Nulato,United States,1,1,1,1,0,0,0,canonical_resolved,True
2734,id:2734,NVA,Benito Salas Airport,Neiva,Colombia,1,1,1,1,0,0,1,canonical_resolved,True
4349,id:4349,NVK,Narvik Framnes Airport,Narvik,Norway,1,1,1,1,0,0,1,canonical_resolved,True
251,id:251,NYI,Sunyani Airport,Sunyani,Ghana,1,1,1,1,0,0,1,canonical_resolved,True
6793,id:6793,OAG,Orange Airport,Orange,Australia,1,1,1,1,0,0,1,canonical_resolved,True
9771,id:9771,OAL,Cacoal Airport,Cacoal,Brazil,1,1,1,1,0,0,1,canonical_resolved,True
2286,id:2286,OBO,Tokachi-Obihiro Airport,Obihiro,Japan,1,1,2,2,0,0,1,canonical_resolved,True
8208,id:8208,OBY,Ittoqqortoormiit Heliport,Ittoqqortoormiit,Greenland,1,1,1,1,0,0,1,canonical_resolved,True
8944,id:8944,ODO,Bodaybo Airport,Bodaibo,Russia,1,1,2,2,0,0,1,canonical_resolved,True
4143,id:4143,ODY,Oudomsay Airport,Muang Xay,Laos,1,1,1,1,0,0,1,canonical_resolved,True
722,id:722,OER,Örnsköldsvik Airport,Ornskoldsvik,Sweden,1,1,1,1,0,0,1,canonical_resolved,True
9543,id:9543,OGD,Ogden Hinckley Airport,Ogden,United States,1,1,1,1,0,0,1,canonical_resolved,True
4306,id:4306,OGL,Eugene F. Correira International Airport,Georgetown,Guyana,1,1,1,1,1,1,1,canonical_resolved,True
3724,id:3724,OGS,Ogdensburg International Airport,Ogdensburg,United States,1,1,1,1,0,0,1,canonical_resolved,True
6124,id:6124,OGZ,Beslan Airport,Beslan,Russia,1,1,1,1,0,0,1,canonical_resolved,True
8239,id:8239,OIA,Ourilândia do Norte Airport,Ourilandia do Norte,Brazil,1,2,1,1,0,0,0,canonical_resolved,True
9898,id:9898,OKL,Oksibil Airport,Oksibil,Indonesia,1,1,1,1,0,0,1,canonical_resolved,True
655,id:655,OLA,Ørland Airport,Orland,Norway,1,1,1,1,0,0,1,canonical_resolved,True
8256,id:8256,OLC,Senadora Eunice Micheles Airport,Sao Paulo de Olivenca,Brazil,1,1,1,1,0,0,1,canonical_resolved,True
7071,id:7071,OLF,L M Clayton Airport,Wolf Point,United States,1,1,1,1,0,0,1,canonical_resolved,True
5643,id:5643,OMD,Oranjemund Airport,Oranjemund,Namibia,1,1,1,1,0,0,0,canonical_resolved,True
1645,id:1645,OMO,Mostar International Airport,Mostar,Bosnia and Herzegovina,1,1,1,1,1,1,1,canonical_resolved,True
1656,id:1656,OMR,Oradea International Airport,Oradea,Romania,1,1,1,1,0,0,1,canonical_resolved,True
5642,id:5642,OND,Ondangwa Airport,Ondangwa,Namibia,1,1,1,1,0,0,1,canonical_resolved,True
6000,id:6000,ONJ,Odate Noshiro Airport,Odate Noshiro,Japan,1,1,1,1,0,0,1,canonical_resolved,True
310,id:310,OST,Ostend-Bruges International Airport,Ostend,Belgium,1,1,1,1,0,1,0,canonical_resolved,True
6164,id:6164,OSW,Orsk Airport,Orsk,Russia,1,1,1,1,0,0,1,canonical_resolved,True
5757,id:5757,OTH,Southwest Oregon Regional Airport,North Bend,United States,1,1,1,1,0,0,1,canonical_resolved,True
4195,id:4195,PAS,Paros National Airport,Paros,Greece,1,1,2,2,0,0,1,canonical_resolved,True
2631,id:2631,PAV,Paulo Afonso Airport,Paulo Alfonso,Brazil,1,1,1,1,0,0,1,canonical_resolved,True
6314,id:6314,PBO,Paraburdoo Airport,Paraburdoo,Australia,1,1,2,2,0,0,1,canonical_resolved,True
3232,id:3232,PBU,Putao Airport,Putao,Burma,1,1,1,1,0,0,1,canonical_resolved,True
1834,id:1834,PDS,Piedras Negras International Airport,Piedras Negras,Mexico,1,1,2,2,0,0,1,canonical_resolved,True
6883,id:6883,PDT,Eastern Oregon Regional At Pendleton Airport,Pendleton,United States,1,1,1,1,0,0,1,canonical_resolved,True
2739,id:2739,PEI,Matecaña International Airport,Pereira,Colombia,1,1,2,2,0,0,1,canonical_resolved,True
2808,id:2808,PEM,Padre Aldamiz International Airport,Puerto Maldonado,Peru,1,1,1,1,0,0,1,canonical_resolved,True
6114,id:6114,PES,Petrozavodsk Airport,Petrozavodsk,Russia,1,1,1,1,0,0,1,canonical_resolved,True
2603,id:2603,PET,João Simões Lopes Neto International Airport,Pelotas,Brazil,1,1,2,1,0,0,1,canonical_resolved,True
6165,id:6165,PEZ,Penza Airport,Penza,Russia,1,1,1,1,0,0,1,canonical_resolved,True
6749,id:6749,PFQ,Parsabade Moghan Airport,Parsabad,Iran,1,1,1,1,0,0,1,canonical_resolved,True
6959,id:6959,PGV,Pitt Greenville Airport,Greenville,United States,1,1,2,2,0,0,1,canonical_resolved,True
5759,id:5759,PIB,Hattiesburg Laurel Regional Airport,Hattiesburg/Laurel,United States,1,1,1,1,0,0,1,canonical_resolved,True
7372,id:7372,PIN,Parintins Airport,Parintins,Brazil,1,1,1,1,0,0,1,canonical_resolved,True
2809,id:2809,PIU,Capitán FAP Guillermo Concha Iberico International Airport,Piura,Peru,1,1,1,1,0,0,1,canonical_resolved,True
2217,id:2217,PJG,Panjgur Airport,Panjgur,Pakistan,1,1,1,1,0,0,1,canonical_resolved,True
9744,id:9744,PKA,Napaskiak Airport,Napaskiak,United States,1,1,1,1,0,0,0,canonical_resolved,True
3127,id:3127,PKR,Pokhara Airport,Pokhara,Nepal,1,1,1,1,0,0,1,canonical_resolved,True
6318,id:6318,PLO,Port Lincoln Airport,Port Lincoln,Australia,1,1,1,1,0,0,1,canonical_resolved,True
2492,id:2492,PMY,El Tehuelche Airport,Puerto Madryn,Argentina,1,1,1,1,0,0,1,canonical_resolved,True
1887,id:1887,PMZ,Palmar Sur Airport,Palmar Sur,Costa Rica,1,2,2,2,0,0,1,canonical_resolved,True
967,id:967,POG,Port Gentil Airport,Port Gentil,Gabon,1,1,1,1,1,1,1,canonical_resolved,True
2764,id:2764,POI,Capitan Nicolas Rojas Airport,Potosi,Bolivia,1,1,2,2,0,0,1,canonical_resolved,True
8237,id:8237,POJ,Patos de Minas Airport,Patos de Minas,Brazil,1,2,1,1,0,0,1,canonical_resolved,True
1970,id:1970,PPG,Pago Pago International Airport,Pago Pago,American Samoa,1,1,1,1,1,1,1,canonical_resolved,True
2741,id:2741,PPN,Guillermo León Valencia Airport,Popayan,Colombia,1,1,1,1,0,0,1,canonical_resolved,True
3528,id:3528,PQI,Northern Maine Regional Airport at Presque Isle,Presque Isle,United States,1,1,2,2,0,0,1,canonical_resolved,True
2439,id:2439,PRA,General Urquiza Airport,Parana,Argentina,1,1,1,1,0,0,1,canonical_resolved,True
3446,id:3446,PRC,Ernest A. Love Field,Prescott,United States,1,1,1,1,0,0,1,canonical_resolved,True
3164,id:3164,PRH,Phrae Airport,Phrae,Thailand,1,1,1,1,0,0,1,canonical_resolved,True
995,id:995,PRI,Praslin Airport,Praslin,Seychelles,1,1,1,1,0,0,1,canonical_resolved,True
5763,id:5763,PSM,Portsmouth International at Pease Airport,Portsmouth,United States,1,1,1,1,0,0,1,canonical_resolved,True
2474,id:2474,PSS,Libertador Gral D Jose De San Martin Airport,Posadas,Argentina,1,1,1,1,0,0,1,canonical_resolved,True
6766,id:6766,PTH,Port Heiden Airport,Port Heiden,United States,1,0,1,0,0,0,0,canonical_resolved,True
6321,id:6321,PTJ,Portland Airport,Portland,Australia,1,0,1,0,0,0,0,canonical_resolved,True
3430,id:3430,PTU,Platinum Airport,Port Moller,United States,1,0,1,0,0,0,0,canonical_resolved,True
7962,id:7962,PUE,Puerto Obaldia Airport,Puerto Obaldia,Panama,1,1,1,1,0,0,1,canonical_resolved,True
6312,id:6312,PUG,Port Augusta Airport,Argyle,Australia,1,1,1,1,0,0,1,canonical_resolved,True
2743,id:2743,PVA,El Embrujo Airport,Providencia,Colombia,1,1,1,1,0,0,1,canonical_resolved,True
6456,id:6456,PVC,Provincetown Municipal Airport,Provincetown,United States,1,1,1,1,0,0,1,canonical_resolved,True
2931,id:2931,PWE,Pevek Airport,Pevek,Russia,1,1,1,1,0,0,1,canonical_resolved,True
3862,id:3862,PWM,Portland International Jetport Airport,Portland,United States,1,7,1,6,0,0,1,canonical_resolved,True
1837,id:1837,PXM,Puerto Escondido International Airport,Puerto Escondido,Mexico,1,1,3,3,0,0,1,canonical_resolved,True
1637,id:1637,PXO,Porto Santo Airport,Porto Santo,Portugal,1,1,2,2,0,0,1,canonical_resolved,True
2853,id:2853,PYH,Cacique Aramare Airport,Puerto Ayacucho,Venezuela,1,1,1,1,0,0,1,canonical_resolved,True
4159,id:4159,PYY,Mae Hong Son Airport,Pai,Thailand,1,1,1,1,0,0,1,canonical_resolved,True
9826,id:9826,QUO,Akwa Ibom International Airport,Uyo,Nigeria,1,1,1,1,0,0,1,canonical_resolved,True
2081,id:2081,RAH,Rafha Domestic Airport,Rafha,Saudi Arabia,1,1,1,1,0,0,1,canonical_resolved,True
3019,id:3019,RAJ,Rajkot Airport,Rajkot,India,1,1,1,1,0,0,1,canonical_resolved,True
6722,id:6722,RBY,Ruby Airport,Ruby,United States,1,2,1,1,0,0,1,canonical_resolved,True
2746,id:2746,RCH,Almirante Padilla Airport,Rio Hacha,Colombia,1,1,1,1,0,0,1,canonical_resolved,True
9904,id:9904,RCM,Richmond Airport,Richmond,Australia,1,1,1,1,0,0,1,canonical_resolved,True
8240,id:8240,RDC,Redenção Airport,Redencao,Brazil,1,1,1,1,0,0,0,canonical_resolved,True
2469,id:2469,RES,Resistencia International Airport,Resistencia,Argentina,1,1,1,1,0,0,1,canonical_resolved,True
8740,id:8740,RGK,Gorno-Altaysk Airport,Gorno-Altaysk,Russia,1,1,1,1,0,0,1,canonical_resolved,True
6058,id:6058,RIB,Capitán Av. Selin Zeitun Lopez Airport,Riberalta,Bolivia,1,1,1,1,0,0,1,canonical_resolved,True
6881,id:6881,RIW,Riverton Regional Airport,Riverton WY,United States,1,1,1,1,0,0,1,canonical_resolved,True
3072,id:3072,RJH,Shah Mokhdum Airport,Rajshahi,Bangladesh,1,1,1,1,0,0,0,canonical_resolved,True
4026,id:4026,RKD,Knox County Regional Airport,Rockland,United States,1,1,1,1,0,0,1,canonical_resolved,True
6324,id:6324,RMA,Roma Airport,Roma,Australia,1,1,1,1,0,0,1,canonical_resolved,True
5414,id:5414,RNL,Rennell/Tingoa Airport,Rennell Island,Solomon Islands,1,1,1,1,0,0,1,canonical_resolved,True
618,id:618,RNN,Bornholm Airport,Ronne,Denmark,1,1,1,1,0,0,1,canonical_resolved,True
4132,id:4132,ROI,Roi Et Airport,Roi Et,Thailand,1,1,1,1,0,0,1,canonical_resolved,True
3329,id:3329,ROK,Rockhampton Airport,Rockhampton,Australia,1,1,2,1,0,0,1,canonical_resolved,True
7382,id:7382,ROO,Maestro Marinho Franco Airport,Rondonopolis,Brazil,1,1,1,1,0,0,1,canonical_resolved,True
3736,id:3736,ROW,Roswell International Air Center Airport,Roswell,United States,1,1,1,1,0,0,1,canonical_resolved,True
894,id:894,RRG,Sir Charles Gaetan Duval Airport,Rodriguez Island,Mauritius,1,1,1,1,0,0,1,canonical_resolved,True
656,id:656,RRS,Røros Airport,Roros,Norway,1,1,1,1,0,0,1,canonical_resolved,True
1946,id:1946,RSD,Rock Sound Airport,Rock Sound,Bahamas,1,1,2,2,0,0,1,canonical_resolved,True
7098,id:7098,RSH,Russian Mission Airport,Russian Mission,United States,1,1,1,1,0,0,0,canonical_resolved,True
4048,id:4048,RST,Rochester International Airport,Rochester,United States,1,1,1,1,0,0,1,canonical_resolved,True
5709,id:5709,RUA,Arua Airport,Arua,Uganda,1,1,1,1,0,0,1,canonical_resolved,True
5415,id:5415,RUS,Marau Airport,Marau,Solomon Islands,1,1,1,1,0,0,1,canonical_resolved,True
5767,id:5767,RUT,Rutland - Southern Vermont Regional Airport,Rutland,United States,1,1,1,1,0,0,1,canonical_resolved,True
7394,id:7394,RVD,General Leite de Castro Airport,Rio Verde,Brazil,1,1,1,1,0,0,1,canonical_resolved,True
453,id:453,RVN,Rovaniemi Airport,Rovaniemi,Finland,1,1,2,2,0,0,1,canonical_resolved,True
7577,id:7577,RVT,Ravensthorpe Airport,Ravensthorpe,Australia,1,2,1,1,0,0,1,canonical_resolved,True
6026,id:6026,RXS,Roxas Airport,Roxas City,Philippines,1,1,3,3,0,0,1,canonical_resolved,True
4249,id:4249,SAB,Juancho E. Yrausquin Airport,Saba,Netherlands Antilles,1,2,1,1,0,1,1,canonical_resolved,True
3784,id:3784,SAF,Santa Fe Municipal Airport,Santa Fe,United States,1,1,1,1,0,0,1,canonical_resolved,True
3949,id:3949,SBA,Santa Barbara Municipal Airport,Santa Barbara,United States,1,1,1,1,0,0,1,canonical_resolved,True
4318,id:4318,SCE,University Park Airport,State College Pennsylvania,United States,1,1,1,1,0,0,1,canonical_resolved,True
3805,id:3805,SCK,Stockton Metropolitan Airport,Stockton,United States,1,1,1,1,0,0,1,canonical_resolved,True
3984,id:3984,SCT,Socotra International Airport,Socotra,Yemen,1,1,2,2,0,0,1,canonical_resolved,True
6045,id:6045,SCY,San Cristóbal Airport,San Cristóbal,Ecuador,1,1,3,3,0,0,1,canonical_resolved,True
5410,id:5410,SCZ,Santa Cruz/Graciosa Bay/Luova Airport,Santa Cruz/Graciosa Bay/Luova,Solomon Islands,1,1,1,1,0,0,1,canonical_resolved,True
2456,id:2456,SDE,Vicecomodoro Angel D. La Paz Aragonés Airport,Santiago Del Estero,Argentina,1,1,1,1,0,0,1,canonical_resolved,True
2117,id:2117,SDG,Sanandaj Airport,Sanandaj,Iran,1,1,1,1,0,0,1,canonical_resolved,True
6742,id:6742,SDP,Sand Point Airport,Sand Point,United States,1,1,1,1,0,0,1,canonical_resolved,True
7065,id:7065,SDY,Sidney - Richland Regional Airport,Sidney,United States,1,1,1,1,0,0,1,canonical_resolved,True
5675,id:5675,SFL,São Filipe Airport,"Sao Filipe, Fogo Island",Cape Verde,1,1,1,1,0,0,1,canonical_resolved,True
2441,id:2441,SFN,Sauce Viejo Airport,Santa Fe,Argentina,1,1,1,1,0,0,1,canonical_resolved,True
619,id:619,SGD,Sønderborg Airport,Soenderborg,Denmark,1,1,1,1,0,0,1,canonical_resolved,True
7117,id:7117,SHG,Shungnak Airport,Shungnak,United States,1,2,1,1,0,0,0,canonical_resolved,True
6723,id:6723,SHH,Shishmaref Airport,Shishmaref,United States,1,2,1,1,0,0,1,canonical_resolved,True
6172,id:6172,SHL,Shillong Airport,Shillong,India,1,1,1,1,0,0,1,canonical_resolved,True
2284,id:2284,SHM,Nanki Shirahama Airport,Nanki-shirahama,Japan,1,1,1,1,0,0,1,canonical_resolved,True
5769,id:5769,SHR,Sheridan County Airport,Sheridan,United States,1,1,1,1,0,0,1,canonical_resolved,True
3609,id:3609,SHV,Shreveport Regional Airport,Shreveport,United States,1,1,1,1,0,0,1,canonical_resolved,True
7090,id:7090,SHX,Shageluk Airport,Shageluk,United States,1,0,1,0,0,0,0,canonical_resolved,True
2747,id:2747,SJE,Jorge E. Gonzalez Torres Airport,San Jose Del Guaviare,Colombia,1,1,1,1,0,0,1,canonical_resolved,True
2409,id:2409,SJI,San Jose Airport,San Jose,Philippines,1,1,1,1,0,0,1,canonical_resolved,True
2630,id:2630,SJL,São Gabriel da Cachoeira Airport,Sao Gabriel,Brazil,1,1,1,1,0,0,1,canonical_resolved,True
3708,id:3708,SJT,San Angelo Regional Mathis Field,San Angelo,United States,1,1,1,1,0,0,1,canonical_resolved,True
659,id:659,SKE,Skien Airport,Skien,Norway,1,1,1,1,0,0,1,canonical_resolved,True
276,id:276,SKO,Sadiq Abubakar III International Airport,Sokoto,Nigeria,1,1,1,1,0,0,1,canonical_resolved,True
2476,id:2476,SLA,Martin Miguel De Guemes International Airport,Salta,Argentina,1,1,2,3,0,0,1,canonical_resolved,True
5770,id:5770,SLK,Adirondack Regional Airport,Saranac Lake,United States,1,1,1,1,0,0,1,canonical_resolved,True
5771,id:5771,SLN,Salina Municipal Airport,Salina,United States,1,1,1,1,0,0,1,canonical_resolved,True
5809,id:5809,SLX,Salt Cay Airport,Salt Cay,Turks and Caicos Islands,1,1,1,1,0,0,1,canonical_resolved,True
1617,id:1617,SMA,Santa Maria Airport,Santa Maria (island),Portugal,1,2,2,2,0,0,1,canonical_resolved,True
7191,id:7191,SMK,St Michael Airport,St. Michael,United States,1,1,1,1,0,0,1,canonical_resolved,True
1951,id:1951,SML,Stella Maris Airport,Stella Maris,Bahamas,1,1,2,2,0,0,1,canonical_resolved,True
5772,id:5772,SMX,Santa Maria Pub/Capt G Allan Hancock Field,Santa Maria,United States,1,1,1,1,0,0,1,canonical_resolved,True
3184,id:3184,SNO,Sakon Nakhon Airport,Sakon Nakhon,Thailand,1,1,1,1,0,0,1,canonical_resolved,True
2860,id:2860,SNV,Santa Elena de Uairen Airport,Santa Ana De Uairen,Venezuela,1,1,1,1,0,0,1,canonical_resolved,True
2864,id:2864,SOM,San Tomé Airport,San Tome,Venezuela,1,1,1,1,0,0,1,canonical_resolved,True
4279,id:4279,SPR,San Pedro Airport,San Pedro,Belize,1,1,2,2,0,0,1,canonical_resolved,True
3680,id:3680,SPS,Sheppard Air Force Base-Wichita Falls Municipal Airport,Wichita Falls,United States,1,1,1,1,0,0,1,canonical_resolved,True
6069,id:6069,SRA,Santa Rosa Airport,Santa Rosa,Brazil,1,1,1,1,0,0,0,canonical_resolved,True
5899,id:5899,SSR,Sara Airport,Pentecost Island,Vanuatu,1,1,1,1,0,0,1,canonical_resolved,True
944,id:944,SSY,Mbanza Congo Airport,M'banza-congo,Angola,1,1,1,1,0,0,1,canonical_resolved,True
4271,id:4271,STC,St Cloud Regional Airport,Saint Cloud,United States,1,1,1,1,0,0,1,canonical_resolved,True
7374,id:7374,STZ,Santa Terezinha Airport,Santa Terezinha,Brazil,1,0,1,0,0,0,0,canonical_resolved,True
1659,id:1659,SUJ,Satu Mare Airport,Satu Mare,Romania,1,1,1,1,0,0,1,canonical_resolved,True
5464,id:5464,SUR,Summer Beaver Airport,Summer Beaver,Canada,1,1,1,1,0,0,0,canonical_resolved,True
3753,id:3753,SUX,Sioux Gateway Col. Bud Day Field,Sioux City,United States,1,1,1,1,0,0,1,canonical_resolved,True
455,id:455,SVL,Savonlinna Airport,Savonlinna,Finland,1,1,1,1,0,0,1,canonical_resolved,True
2858,id:2858,SVZ,San Antonio Del Tachira Airport,San Antonio,Venezuela,1,1,1,1,0,0,1,canonical_resolved,True
11258,id:11258,SXK,Saumlaki/Olilit Airport,Saumlaki,Indonesia,1,1,1,1,0,0,0,canonical_resolved,True
8243,id:8243,SXO,São Félix do Araguaia Airport,Sao Felix do Araguaia,Brazil,1,1,1,1,0,0,0,canonical_resolved,True
8241,id:8241,SXX,São Félix do Xingu Airport,Sao Felix do Xingu,Brazil,1,0,1,0,0,0,0,canonical_resolved,True
6377,id:6377,SYM,Pu'er Simao Airport,Simao,China,1,1,3,3,0,0,1,canonical_resolved,True
6001,id:6001,SYO,Shonai Airport,Shonai,Japan,1,1,1,1,0,0,1,canonical_resolved,True
5848,id:5848,SYQ,Tobias Bolanos International Airport,San Jose,Costa Rica,1,1,1,1,0,0,1,canonical_resolved,True
541,id:541,SYY,Stornoway Airport,Stornoway,United Kingdom,1,1,1,1,0,0,1,canonical_resolved,True
3994,id:3994,TAG,Tagbilaran Airport,Tagbilaran,Philippines,1,1,3,3,0,0,1,canonical_resolved,True
1851,id:1851,TAP,Tapachula International Airport,Tapachula,Mexico,1,1,1,1,0,0,1,canonical_resolved,True
416,id:416,TAY,Tartu Airport,Tartu,Estonia,1,1,1,1,1,1,1,canonical_resolved,True
4158,id:4158,TBB,Dong Tac Airport,Tuy Hoa,Vietnam,1,1,1,1,0,0,1,canonical_resolved,True
3665,id:3665,TBN,Waynesville-St. Robert Regional Forney field,Fort Leonardwood,United States,1,1,1,1,0,0,1,canonical_resolved,True
2796,id:2796,TBP,Capitan FAP Pedro Canga Rodriguez Airport,Tumbes,Peru,1,1,1,1,0,0,1,canonical_resolved,True
2628,id:2628,TBT,Tabatinga Airport,Tabatinga,Brazil,1,1,1,1,0,0,1,canonical_resolved,True
6466,id:6466,TBW,Donskoye Airport,Tambow,Russia,1,1,1,1,0,0,1,canonical_resolved,True
1934,id:1934,TCB,Treasure Cay Airport,Treasure Cay,Bahamas,1,1,1,1,1,1,1,canonical_resolved,True
6752,id:6752,TCG,Tacheng Airport,Tacheng,China,1,1,2,2,0,0,1,canonical_resolved,True
2716,id:2716,TCO,La Florida Airport,Tumaco,Colombia,1,1,1,1,0,0,1,canonical_resolved,True
2807,id:2807,TCQ,Coronel FAP Carlos Ciriani Santa Rosa International Airport,Tacna,Peru,1,1,1,1,0,0,1,canonical_resolved,True
4135,id:4135,TDX,Trat Airport,Trat,Thailand,1,1,1,1,0,0,1,canonical_resolved,True
3624,id:3624,TEB,Teterboro Airport,Teterboro,United States,1,1,1,1,0,0,1,canonical_resolved,True
222,id:222,TEE,Cheikh Larbi Tébessi Airport,Tebessa,Algeria,1,1,1,1,0,0,1,canonical_resolved,True
5909,id:5909,TGH,Tongoa Airport,Tongoa Island,Vanuatu,1,1,1,1,0,0,1,canonical_resolved,True
9768,id:9768,TGI,Tingo Maria Airport,Tingo Maria,Peru,1,1,1,1,0,0,1,canonical_resolved,True
240,id:240,TGR,Touggourt Sidi Madhi Airport,Touggourt,Algeria,1,1,1,1,0,0,1,canonical_resolved,True
693,id:693,THN,Trollhättan-Vänersborg Airport,Trollhattan,Sweden,1,1,1,1,0,0,1,canonical_resolved,True
3939,id:3939,THS,Sukhothai Airport,Sukhothai,Thailand,1,1,1,1,0,0,1,canonical_resolved,True
10,id:10,THU,Thule Air Base,Thule,Greenland,1,1,1,1,0,0,1,canonical_resolved,True
225,id:225,TID,Bou Chekif Airport,Tiaret,Algeria,1,2,1,1,0,0,1,canonical_resolved,True
3904,id:3904,TJQ,Buluh Tumbang (H A S Hanandjoeddin) Airport,Tanjung Pandan,Indonesia,1,1,3,3,0,0,1,canonical_resolved,True
252,id:252,TKD,Takoradi Airport,Takoradi,Ghana,1,1,2,2,0,0,1,canonical_resolved,True
1983,id:1983,TKP,Takapoto Airport,Takapoto,French Polynesia,1,1,1,1,0,0,1,canonical_resolved,True
2336,id:2336,TKS,Tokushima Airport/JMSDF Air Base,Tokushima,Japan,1,1,2,2,0,0,1,canonical_resolved,True
7186,id:7186,TLA,Teller Airport,Teller,United States,1,1,1,1,0,0,0,canonical_resolved,True
3423,id:3423,TLJ,Tatalina LRRS Airport,Tatalina,United States,1,0,1,0,0,0,0,canonical_resolved,True
4183,id:4183,TMI,Tumling Tar Airport,Tumling Tar,Nepal,1,1,1,1,0,0,1,canonical_resolved,True
249,id:249,TML,Tamale Airport,Tamale,Ghana,1,1,3,3,0,0,1,canonical_resolved,True
2622,id:2622,TMT,Trombetas Airport,Oriximina,Brazil,1,1,1,1,0,0,1,canonical_resolved,True
6732,id:6732,TMU,Tambor Airport,Nicoya,Costa Rica,1,2,2,3,0,0,1,canonical_resolved,True
7194,id:7194,TNC,Tin City Long Range Radar Station Airport,Tin City,United States,1,1,1,1,0,0,0,canonical_resolved,True
3906,id:3906,TNJ,Raja Haji Fisabilillah International Airport,Tanjung Pinang,Indonesia,1,1,3,3,0,0,1,canonical_resolved,True
2270,id:2270,TNN,Tainan Airport,Tainan,Taiwan,1,1,1,1,1,1,1,canonical_resolved,True
10792,id:10792,TNW,Jumandy Airport,Tena,Ecuador,1,1,1,1,0,0,0,canonical_resolved,True
2003,id:2003,TOU,Touho Airport,Touho,New Caledonia,1,1,1,1,0,0,1,canonical_resolved,True
11436,id:11436,TQL,Tarko-Sale Airport,Tarko-Sale,Russia,1,1,1,1,0,0,1,canonical_resolved,True
3030,id:3030,TRR,China Bay Airport,Trinciomalee,Sri Lanka,1,1,1,1,0,0,1,canonical_resolved,True
2297,id:2297,TSJ,Tsushima Airport,Tsushima,Japan,1,1,1,1,0,0,1,canonical_resolved,True
3182,id:3182,TST,Trang Airport,Trang,Thailand,1,1,2,2,0,0,1,canonical_resolved,True
1065,id:1065,TTA,Tan Tan Airport,Tan Tan,Morocco,1,0,1,0,0,0,0,canonical_resolved,True
2335,id:2335,TTJ,Tottori Airport,Tottori,Japan,1,1,1,1,0,0,1,canonical_resolved,True
5842,id:5842,TTQ,Aerotortuguero Airport,Roxana,Costa Rica,1,1,1,1,0,0,1,canonical_resolved,True
2262,id:2262,TTT,Taitung Airport,Fengnin,Taiwan,1,1,1,1,0,0,1,canonical_resolved,True
1079,id:1079,TTU,Saniat R'mel Airport,Tetouan,Morocco,1,1,1,1,0,0,0,canonical_resolved,True
2460,id:2460,TUC,Teniente Benjamin Matienzo Airport,Tucuman,Argentina,1,1,1,2,0,0,1,canonical_resolved,True
6021,id:6021,TUG,Tuguegarao Airport,Tuguegarao,Philippines,1,1,3,3,0,0,1,canonical_resolved,True
2093,id:2093,TUI,Turaif Domestic Airport,Turaif,Saudi Arabia,1,1,1,1,0,0,1,canonical_resolved,True
2629,id:2629,TUR,Tucuruí Airport,Tucurui,Brazil,1,1,1,1,0,0,0,canonical_resolved,True
4023,id:4023,TVC,Cherry Capital Airport,Traverse City,United States,1,1,1,1,0,0,1,canonical_resolved,True
7018,id:7018,TVF,Thief River Falls Regional Airport,Thief River Falls,United States,1,1,1,1,0,0,1,canonical_resolved,True
3770,id:3770,TXK,Texarkana Regional Webb Field,Texarkana,United States,1,1,1,1,0,0,1,canonical_resolved,True
3848,id:3848,TYR,Tyler Pounds Regional Airport,Tyler,United States,1,1,1,1,0,0,1,canonical_resolved,True
6109,id:6109,UDJ,Uzhhorod International Airport,Uzhgorod,Ukraine,1,1,1,1,0,0,1,canonical_resolved,True
2388,id:2388,UEO,Kumejima Airport,Kumejima,Japan,1,1,1,1,0,0,1,canonical_resolved,True
5774,id:5774,UIN,Quincy Regional Baldwin Field,Quincy,United States,1,1,1,1,0,0,1,canonical_resolved,True
1417,id:1417,UIP,Quimper-Cornouaille Airport,Quimper,France,1,1,1,1,0,0,1,canonical_resolved,True
7976,id:7976,UKA,Ukunda Airstrip,Ukunda,Kenya,1,1,3,3,0,0,1,canonical_resolved,True
6924,id:6924,UKX,Ust-Kut Airport,Ust-Kut,Russia,1,1,2,2,0,0,1,canonical_resolved,True
7470,id:7470,ULG,Ulgii Mongolei Airport,Olgii,Mongolia,1,1,1,1,0,0,1,canonical_resolved,True
7558,id:7558,ULO,Ulaangom Airport,Ulaangom,Mongolia,1,1,1,1,0,0,1,canonical_resolved,True
8628,id:8628,UMD,Uummannaq Heliport,Uummannaq,Greenland,1,1,1,1,0,0,1,canonical_resolved,True
3180,id:3180,UNN,Ranong Airport,Ranong,Thailand,1,1,1,1,0,0,1,canonical_resolved,True
2632,id:2632,URG,Rubem Berta Airport,Uruguaiana,Brazil,1,1,1,1,0,0,1,canonical_resolved,True
6157,id:6157,URS,Kursk East Airport,Kursk,Russia,1,1,1,1,0,0,1,canonical_resolved,True
4369,id:4369,USK,Usinsk Airport,Usinsk,Russia,1,1,1,1,0,0,1,canonical_resolved,True
6989,id:6989,UST,Northeast Florida Regional Airport,St. Augustine Airport,United States,1,1,1,1,0,0,1,canonical_resolved,True
5701,id:5701,UYL,Nyala Airport,Nyala,Sudan,1,1,2,2,0,0,1,canonical_resolved,True
7313,id:7313,UYU,Uyuni Airport,Uyuni,Bolivia,1,1,1,1,0,0,1,canonical_resolved,True
5416,id:5416,VAO,Suavanao Airport,Suavanao,Solomon Islands,1,3,1,1,0,0,1,canonical_resolved,True
4157,id:4157,VCL,Chu Lai International Airport,Chu Lai,Vietnam,1,1,1,1,0,0,1,canonical_resolved,True
1602,id:1602,VDA,Ovda International Airport,Ovda,Israel,1,0,1,0,1,0,0,canonical_resolved,True
642,id:642,VDB,Leirin Airport,Fagernes,Norway,1,1,1,1,0,0,1,canonical_resolved,True
3865,id:3865,VDZ,Valdez Pioneer Field,Valdez,United States,1,1,1,1,0,0,1,canonical_resolved,True
3134,id:3134,VGA,Vijayawada Airport,Vijayawada,India,1,1,1,1,0,0,1,canonical_resolved,True
7359,id:7359,VGZ,Villa Garzón Airport,Villa Garzon,Colombia,1,1,1,1,0,0,1,canonical_resolved,True
8209,id:8209,VIN,Vinnytsia/Gavyryshivka Airport,Vinnitsa,Ukraine,1,1,1,1,1,1,1,canonical_resolved,True
7121,id:7121,VIS,Visalia Municipal Airport,Visalia,United States,1,1,1,1,0,0,1,canonical_resolved,True
4155,id:4155,VKG,Rach Gia Airport,Rach Gia,Vietnam,1,1,1,1,0,0,1,canonical_resolved,True
5911,id:5911,VLS,Valesdir Airport,Valesdir,Vanuatu,1,1,1,1,0,0,1,canonical_resolved,True
2870,id:2870,VLV,Dr. Antonio Nicolás Briceño Airport,Valera,Venezuela,1,1,2,2,0,0,1,canonical_resolved,True
5574,id:5574,VLY,Anglesey Airport,Angelsey,United Kingdom,1,1,1,1,0,0,1,canonical_resolved,True
5637,id:5637,VPY,Chimoio Airport,Chimoio,Mozambique,1,1,1,1,0,0,1,canonical_resolved,True
6022,id:6022,VRC,Virac Airport,Virac,Philippines,1,1,1,1,0,0,1,canonical_resolved,True
2755,id:2755,VUP,Alfonso López Pumarejo Airport,Valledupar,Colombia,1,1,1,1,0,0,1,canonical_resolved,True
8924,id:8924,VUS,Velikiy Ustyug Airport,Veliky Ustyug,Russia,1,1,1,1,0,0,1,canonical_resolved,True
5437,id:5437,WBM,Wapenamanda Airport,Wapenamanda,Papua New Guinea,1,1,1,1,0,0,1,canonical_resolved,True
7115,id:7115,WBQ,Beaver Airport,Beaver,United States,1,1,1,1,0,0,1,canonical_resolved,True
3331,id:3331,WEI,Weipa Airport,Weipa,Australia,1,1,1,1,0,0,1,canonical_resolved,True
531,id:531,WIC,Wick Airport,Wick,United Kingdom,1,1,1,1,0,0,1,canonical_resolved,True
6005,id:6005,WJU,Wonju/Hoengseong Air Base (K-38/K-46),Wonju,South Korea,1,1,1,1,0,0,1,canonical_resolved,True
6771,id:6771,WLH,Walaha Airport,Walaha,Vanuatu,1,1,1,1,0,0,1,canonical_resolved,True
7182,id:7182,WLK,Selawik Airport,Selawik,United States,1,1,1,1,0,0,1,canonical_resolved,True
924,id:924,WMR,Mananara Nord Airport,Mananara,Madagascar,1,1,1,1,0,0,1,canonical_resolved,True
3245,id:3245,WMX,Wamena Airport,Wamena,Indonesia,1,1,1,1,0,0,1,canonical_resolved,True
9739,id:9739,WNA,Napakiak Airport,Napakiak,United States,1,1,1,1,0,0,0,canonical_resolved,True
6018,id:6018,WNP,Naga Airport,Naga,Philippines,1,1,2,2,0,0,1,canonical_resolved,True
5777,id:5777,WRL,Worland Municipal Airport,Worland,United States,1,1,1,1,0,0,1,canonical_resolved,True
7159,id:7159,WSN,South Naknek Nr 2 Airport,South Naknek,United States,1,1,1,1,0,0,0,canonical_resolved,True
6778,id:6778,WVB,Walvis Bay Airport,Walvis Bay,Namibia,1,1,1,1,0,0,1,canonical_resolved,True
6334,id:6334,WYA,Whyalla Airport,Whyalla,Australia,1,1,1,1,0,0,1,canonical_resolved,True
362,id:362,XFW,Hamburg-Finkenwerder Airport,Hamburg,Germany,1,1,1,1,1,1,1,canonical_resolved,True
5512,id:5512,XGR,Kangiqsualujjuaq (Georges River) Airport,Kangiqsualujjuaq,Canada,1,1,1,1,0,0,1,canonical_resolved,True
4081,id:4081,XKH,Xieng Khouang Airport,Phon Savan,Laos,1,1,1,1,0,0,1,canonical_resolved,True
2680,id:2680,XMS,Coronel E Carvajal Airport,Macas,Ecuador,1,1,1,1,0,0,0,canonical_resolved,True
6329,id:6329,XTG,Thargomindah Airport,Thargomindah,Australia,1,1,1,1,0,0,1,canonical_resolved,True
5457,id:5457,YAA,Anahim Lake Airport,Anahim Lake,Canada,1,1,1,1,0,0,0,canonical_resolved,True
31,id:31,YBR,Brandon Municipal Airport,Brandon,Canada,1,1,1,1,0,0,1,canonical_resolved,True
33,id:33,YCD,Nanaimo Airport,Nanaimo,Canada,1,1,1,1,0,0,1,canonical_resolved,True
5488,id:5488,YDP,Nain Airport,Nain,Canada,1,1,2,2,0,0,1,canonical_resolved,True
7547,id:7547,YES,Yasouj Airport,Yasuj,Iran,1,1,1,1,0,0,1,canonical_resolved,True
56,id:56,YFC,Fredericton Airport,Fredericton,Canada,1,1,1,1,0,0,1,canonical_resolved,True
7277,id:7277,YFJ,Wekweètì Airport,Wekweeti,Canada,1,1,1,1,0,0,1,canonical_resolved,True
60,id:60,YFS,Fort Simpson Airport,Fort Simpson,Canada,1,1,2,2,0,0,1,canonical_resolved,True
5498,id:5498,YGZ,Grise Fiord Airport,Grise Fiord,Canada,1,1,1,1,0,0,1,canonical_resolved,True
10941,id:10941,YIE,Arxan Yi'ershi Airport,Arxan,China,1,1,1,1,0,0,1,canonical_resolved,True
77,id:77,YJT,Stephenville Airport,Stephenville,Canada,1,1,1,1,0,0,0,canonical_resolved,True
79,id:79,YKF,Waterloo Airport,Waterloo,Canada,1,2,1,2,0,1,1,canonical_resolved,True
5463,id:5463,YLE,Whatì Airport,Whatì,Canada,1,1,1,1,0,0,1,canonical_resolved,True
85,id:85,YLL,Lloydminster Airport,Lloydminster,Canada,1,1,1,1,0,0,1,canonical_resolved,True
6006,id:6006,YNY,Yangyang International Airport,Sokcho / Gangneung,South Korea,1,1,1,1,1,1,1,canonical_resolved,True
5470,id:5470,YOG,Ogoki Post Airport,Ogoki Post,Canada,1,1,1,1,0,0,1,canonical_resolved,True
277,id:277,YOL,Yola Airport,Yola,Nigeria,1,1,1,1,0,0,1,canonical_resolved,True
4244,id:4244,YPC,Paulatuk (Nora Aliqatchialuk Ruben) Airport,Paulatuk,Canada,1,1,1,1,0,0,1,canonical_resolved,True
105,id:105,YPL,Pickle Lake Airport,Pickle Lake,Canada,1,1,1,1,0,0,0,canonical_resolved,True
5522,id:5522,YPO,Peawanuck Airport,Peawanuck,Canada,1,1,1,1,0,0,1,canonical_resolved,True
108,id:108,YPR,Prince Rupert Airport,Prince Pupert,Canada,1,1,1,1,0,0,1,canonical_resolved,True
5523,id:5523,YPW,Powell River Airport,Powell River,Canada,1,1,1,1,0,0,1,canonical_resolved,True
5526,id:5526,YRA,Rae Lakes Airport,Gamètì,Canada,1,1,1,1,0,0,1,canonical_resolved,True
13711,id:13711,YSG,Lutselk'e Airport,Lutselk'e,Canada,1,1,1,1,0,0,1,canonical_resolved,True
135,id:135,YSJ,Saint John Airport,St. John,Canada,1,1,1,1,0,0,1,canonical_resolved,True
145,id:145,YUB,Tuktoyaktuk Airport,Tuktoyaktuk,Canada,1,1,1,1,0,0,1,canonical_resolved,True
7894,id:7894,YUS,Yushu Batang Airport,Yushu,China,1,1,2,2,0,0,1,canonical_resolved,True
152,id:152,YVM,Qikiqtarjuaq Airport,Broughton Island,Canada,1,1,2,2,0,0,1,canonical_resolved,True
5532,id:5532,YVZ,Deer Lake Airport,Deer Lake,Canada,1,2,1,1,0,0,0,canonical_resolved,True
4106,id:4106,YWH,Victoria Harbour Seaplane Base,Victoria,Canada,1,1,1,1,0,0,1,canonical_resolved,True
177,id:177,YYB,North Bay Jack Garland Airport,North Bay,Canada,1,1,1,1,0,0,1,canonical_resolved,True
200,id:200,YZT,Port Hardy Airport,Port Hardy,Canada,1,1,1,1,0,0,1,canonical_resolved,True
8223,id:8223,YZZ,Trail Airport,Trail,Canada,1,1,1,1,0,0,1,canonical_resolved,True
206,id:206,ZFM,Fort Mcpherson Airport,Fort Mcpherson,Canada,1,1,1,1,0,0,1,canonical_resolved,True
8217,id:8217,ZKG,Kegaska Airport,Kegaska,Canada,1,1,1,1,0,0,1,canonical_resolved,True
5545,id:5545,ZMT,Masset Airport,Masset,Canada,1,1,1,1,0,0,1,canonical_resolved,True
6310,id:6310,ZNE,Newman Airport,Newman,Australia,1,1,2,2,0,0,1,canonical_resolved,True
2658,id:2658,ZOS,Cañal Bajo Carlos - Hott Siebert Airport,Osorno,Chile,1,1,1,1,0,0,0,canonical_resolved,True
10940,id:10940,ZQZ,Zhangjiakou Ningyuan Airport,Zhangjiakou,China,1,1,2,2,0,0,1,canonical_resolved,True
917,id:917,ZSE,Pierrefonds Airport,St.-pierre,Reunion,1,1,2,2,1,1,1,canonical_resolved,True
3074,id:3074,ZYL,Osmany International Airport,Sylhet Osmani,Bangladesh,1,4,4,4,0,3,1,canonical_resolved,True
3852,id:3852,AEX,Alexandria International Airport,Alexandria,United States,0,1,0,1,0,0,,canonical_resolved,True
7135,id:7135,AGN,Angoon Seaplane Base,Angoon,United States,0,1,0,1,0,0,,canonical_resolved,True
6713,id:6713,ANV,Anvik Airport,Anvik,United States,0,1,0,1,0,0,,canonical_resolved,True
7370,id:7370,BVS,Breves Airport,Breves,Brazil,0,1,0,1,0,0,,canonical_resolved,True
7369,id:7369,CMP,Santana do Araguaia Airport,Santana do Araguaia,Brazil,0,1,0,1,0,0,,canonical_resolved,True
6372,id:6372,DLZ,Dalanzadgad Airport,Dalanzadgad,Mongolia,0,1,0,1,0,0,,canonical_resolved,True
1040,id:1040,FMI,Kalemie Airport,Kalemie,Congo (Kinshasa),0,1,0,1,0,0,,canonical_resolved,True
3497,id:3497,GCK,Garden City Regional Airport,Garden City,United States,0,1,0,1,0,0,,canonical_resolved,True
7207,id:7207,KOT,Kotlik Airport,Kotlik,United States,0,1,0,1,0,0,,canonical_resolved,True
7095,id:7095,KWT,Kwethluk Airport,Kwethluk,United States,0,1,0,1,0,0,,canonical_resolved,True
7161,id:7161,KYK,Karluk Airport,Karluk,United States,0,1,0,1,0,0,,canonical_resolved,True
1463,id:1463,KZI,Filippos Airport,Kozani,Greece,0,1,0,1,0,0,,canonical_resolved,True
4115,id:4115,MGM,Montgomery Regional (Dannelly Field) Airport,MONTGOMERY,United States,0,1,0,1,0,0,,canonical_resolved,True
7097,id:7097,MLL,Marshall Don Hunter Sr Airport,Marshall,United States,0,1,0,1,0,0,,canonical_resolved,True
7246,id:7246,MLY,Manley Hot Springs Airport,Manley Hot Springs,United States,0,1,0,1,0,0,,canonical_resolved,True
8200,id:8200,OOK,Toksook Bay Airport,Toksook Bay,United States,0,1,0,1,0,0,,canonical_resolved,True
8259,id:8259,ORX,Oriximiná Airport,Oriximina,Brazil,0,2,0,1,0,0,,canonical_resolved,True
7158,id:7158,PIP,Pilot Point Airport,Pilot Point,United States,0,1,0,1,0,0,,canonical_resolved,True
3251,id:3251,PSJ,Kasiguncu Airport,Poso,Indonesia,0,1,0,1,0,0,,canonical_resolved,True
4336,id:4336,SPI,Abraham Lincoln Capital Airport,Springfield,United States,0,3,0,2,0,0,,canonical_resolved,True
2697,id:2697,TUA,Teniente Coronel Luis a Mantilla Airport,Tulcan,Ecuador,0,1,0,1,0,0,,canonical_resolved,True
4125,id:4125,UII,Utila Airport,Utila,Honduras,0,1,0,1,0,0,,canonical_resolved,True
5538,id:5538,ZBF,Bathurst Airport,Bathurst,Canada,0,1,0,1,0,0,,canonical_resolved,True
