airline_key,airline_id,airline_code,airline_name,airline_country,airline_active,comparison_threshold_20,comparison_threshold_50,comparison_threshold_100,dashboard_default_eligible,non_codeshare_route_presence_count,all_listed_route_presence_count,route_presence_uplift,non_codeshare_airport_coverage,all_listed_airport_coverage,airport_coverage_uplift,non_codeshare_country_coverage,all_listed_country_coverage,country_coverage_uplift,non_codeshare_top1_origin_share,all_listed_top1_origin_share,top1_origin_share_difference,non_codeshare_origin_airport_hhi,all_listed_origin_airport_hhi,origin_hhi_difference,non_codeshare_effective_hubs,all_listed_effective_hubs,effective_hubs_difference
id:5209,5209,UA,United Airlines,United States,Y,True,True,True,True,905,2178,1273,184,431,247,61,97,36,0.102762430939227,0.0743801652892562,-0.0283822656499703,0.0377314489789689,0.0267307012861734,-0.0110007476927955,26.5030903148562,37.4101670320657,10.9070767172096
id:24,24,AA,American Airlines,United States,Y,True,True,True,True,1265,2352,1087,259,433,174,64,96,32,0.0885375494071146,0.0778061224489796,-0.010731426958135,0.034378290552891,0.0240090934332917,-0.0103691971195993,29.0881246250886,41.6508854354897,12.5627608104011
id:2009,2009,DL,Delta Air Lines,United States,Y,True,True,True,True,1146,1981,835,230,354,124,60,77,17,0.146596858638743,0.106007067137809,-0.0405897915009343,0.0403619540156367,0.0286846699373478,-0.011677284078289,24.7758074252943,34.8618269683483,10.086019543054
id:2822,2822,IB,Iberia Airlines,Spain,Y,True,True,True,True,177,831,654,77,198,121,34,71,37,0.265536723163842,0.123947051744886,-0.141589671418956,0.0836605062402247,0.0390827168056117,-0.044577789434613,11.9530713468142,25.586757567898,13.6336862210838
id:3090,3090,KL,KLM Royal Dutch Airlines,Netherlands,Y,True,True,True,True,210,830,620,108,368,260,64,97,33,0.452380952380952,0.191566265060241,-0.260814687320711,0.207664399092971,0.0665873131078531,-0.141077085985118,4.81546189124263,15.017875828392,10.2024139371494
id:137,137,AF,Air France,France,Y,True,True,True,True,450,1069,619,171,386,215,91,126,35,0.32,0.153414405986904,-0.166585594013096,0.110311111111111,0.0499728289642366,-0.0603382821468745,9.06526994359387,20.0108743236381,10.9456043800442
id:1316,1316,FL,AirTran Airways,United States,Y,True,True,True,True,169,726,557,50,94,44,6,7,1,0.236686390532544,0.0840220385674931,-0.152664351965051,0.0771331536010644,0.0293088662735545,-0.0478242873275099,12.9645937358148,34.1193682030036,21.1547744671888
id:596,596,AZ,Alitalia,Italy,Y,True,True,True,True,327,877,550,121,276,155,60,88,28,0.256880733944954,0.112884834663626,-0.143995899281328,0.0793704233650367,0.0341776216993508,-0.0451928016656859,12.5991516436903,29.2589112489063,16.659759605216
id:5265,5265,US,US Airways,United States,Y,True,True,True,True,1446,1960,514,280,352,72,59,65,6,0.107192254495159,0.0918367346938776,-0.0153555198012815,0.0349129281138028,0.0297943565181174,-0.00511857159568531,28.6426849315068,33.5634031697216,4.9207182382148
id:751,751,CA,Air China,China,Y,True,True,True,True,778,1244,466,165,185,20,38,43,5,0.16452442159383,0.114147909967846,-0.0503765116259847,0.0432028601449898,0.0281880356902844,-0.0150148244547054,23.1466156787763,35.4760441978818,12.3294285191055
id:3320,3320,LH,Lufthansa,Germany,Y,True,True,True,True,507,923,416,170,248,78,73,96,23,0.282051282051282,0.185265438786566,-0.0967858432647165,0.107835471058047,0.0593770138121839,-0.0484584572458635,9.27338648580396,16.8415340515963,7.56814756579237
id:4611,4611,ZH,Shenzhen Airlines,China,Y,True,True,True,True,397,797,400,66,112,46,8,9,1,0.123425692695214,0.101631116687578,-0.0217945760076357,0.0376310997468419,0.0324255481266796,-0.00520555162016231,26.5737649637498,30.8398795941157,4.26611463036587
id:330,330,AC,Air Canada,Canada,Y,True,True,True,True,321,705,384,104,197,93,43,68,25,0.236760124610592,0.164539007092199,-0.0722211175183933,0.0809095408623752,0.0453317237563503,-0.0355778171060249,12.3594818279957,22.059606764014,9.70012493601835
id:439,439,AS,Alaska Airlines,ALASKA,Y,True,True,True,True,238,530,292,68,137,69,3,3,0,0.172268907563025,0.130188679245283,-0.0420802283177422,0.0524680460419462,0.0418440726237095,-0.0106239734182367,19.0592193808883,23.8982474051387,4.83902802425039
id:321,321,AM,AeroMéxico,Mexico,Y,True,True,True,True,161,431,270,67,133,66,21,27,6,0.322981366459627,0.180974477958237,-0.142006888501391,0.115620539331044,0.0530520399868648,-0.0625684993441795,8.64898231564898,18.8494165398275,10.2004342241785
id:4089,4089,QF,Qantas,Australia,Y,True,True,True,True,175,430,255,48,123,75,17,37,20,0.177142857142857,0.106976744186047,-0.0701661129568106,0.0714775510204081,0.0380638182801514,-0.0334137327402567,13.9904065783463,26.2716680875249,12.2812615091786
id:324,324,NH,All Nippon Airways,Japan,Y,True,True,True,True,297,541,244,83,119,36,17,27,10,0.178451178451178,0.11090573012939,-0.0675454483217884,0.0606400707410809,0.0389263395984023,-0.0217137311426785,16.4907459338194,25.6895462125867,9.19880027876728
id:491,491,OS,Austrian Airlines,Austria,Y,False,False,False,False,6,240,234,4,109,105,4,53,49,0.5,0.45,-0.05,0.333333333333333,0.206284722222222,-0.127048611111111,3,4.84766874263592,1.84766874263592
id:5360,5360,VA,Virgin Australia,Australia,Y,True,True,False,True,73,290,217,32,86,54,8,24,16,0.178082191780822,0.117241379310345,-0.0608408124704771,0.0673672358791518,0.0487039239001189,-0.0186633119790329,14.8440111420613,20.5322265625,5.68821542043871
id:1767,1767,CZ,China Southern Airlines,China,Y,True,True,True,True,1232,1446,214,183,188,5,39,39,0,0.0909090909090909,0.0781466113416321,-0.0127624795674588,0.0239329461123292,0.0215274071268286,-0.00240553898550061,41.7834058250289,46.4524126899493,4.66900686492044
id:1758,1758,MU,China Eastern Airlines,China,Y,True,True,True,True,1042,1251,209,188,217,29,33,34,1,0.0921305182341651,0.0863309352517986,-0.00579958298236651,0.0260277555711923,0.0230485475728131,-0.00297920799837922,38.4205237084218,43.3866818219622,4.96615811354045
id:2987,2987,JL,Japan Airlines,Japan,Y,True,True,True,True,186,386,200,72,103,31,23,27,4,0.231182795698925,0.126943005181347,-0.104239790517578,0.0968898138513123,0.0459743885741899,-0.0509154252771224,10.3210023866348,21.7512408759124,11.4302384892776
id:1355,1355,BA,British Airways,United Kingdom,Y,True,True,True,True,370,547,177,174,202,28,82,92,10,0.345945945945946,0.235831809872029,-0.110114136073917,0.133937180423667,0.0671537286645789,-0.066783451759088,7.46618673647469,14.8912058925994,7.42501915612472
id:241,241,S2,Air Sahara,India,Y,False,False,False,False,1,168,167,2,49,47,1,1,0,1,0.166666666666667,-0.833333333333333,1,0.0708616780045352,-0.929138321995465,1,14.112,13.112
id:3200,3200,LA,LAN Airlines,Chile,Y,True,True,True,True,125,285,160,52,91,39,17,21,4,0.232,0.12280701754386,-0.10919298245614,0.07712,0.0445798707294552,-0.0325401292705448,12.9668049792531,22.4316487158244,9.46484373657125
id:16726,16726,7H,Era Alaska,United States,Y,True,False,False,False,24,178,154,13,76,63,1,1,0,0.416666666666667,0.0786516853932584,-0.338014981273408,0.208333333333333,0.0256280772629718,-0.182705256070361,4.8,39.0197044334975,34.2197044334975
id:2350,2350,AY,Finnair,Finland,Y,True,True,True,True,174,328,154,79,122,43,32,41,9,0.281609195402299,0.222560975609756,-0.0590482197925427,0.0999471528603514,0.0643776026174896,-0.0355695502428619,10.0052875082617,15.5333525844643,5.52806507620261
id:345,345,NZ,Air New Zealand,New Zealand,Y,True,True,False,True,80,233,153,31,71,40,17,21,4,0.275,0.167381974248927,-0.107618025751073,0.105,0.0552413932840907,-0.0497586067159093,9.52380952380952,18.1023674558186,8.57855793200908
id:3378,3378,MH,Malaysia Airlines,Malaysia,Y,True,True,True,True,188,330,142,79,109,30,35,41,6,0.345744680851064,0.206060606060606,-0.139684074790458,0.130885015844273,0.0567309458218549,-0.0741540700224185,7.64029399048854,17.6270637746844,9.98676978419582
id:5347,5347,VS,Virgin Atlantic Airways,United Kingdom,Y,True,True,False,True,71,195,124,35,80,45,17,21,4,0.28169014084507,0.271794871794872,-0.00989526905019866,0.108510216226939,0.10043392504931,-0.00807629117762942,9.21572212065814,9.95679497250589,0.741072851847756
id:3000,3000,9W,Jet Airways,India,Y,True,True,True,True,157,276,119,49,73,24,18,21,3,0.229299363057325,0.177536231884058,-0.0517631311732669,0.0858046979593493,0.0633270321361059,-0.0224776658232434,11.6543735224586,15.7910447761194,4.13667125366077
id:214,214,AB,Air Berlin,Germany,Y,True,True,True,True,682,798,116,117,133,16,35,42,7,0.0997067448680352,0.0889724310776942,-0.010734313790341,0.0342704311108436,0.0310864881502001,-0.00318394296064351,29.1796737766625,32.1683168316832,2.98864305502069
id:4951,4951,TK,Turkish Airlines,Turkey,Y,True,True,True,True,534,650,116,239,255,16,104,110,6,0.402621722846442,0.330769230769231,-0.0718524920772112,0.16550239167333,0.116856804733728,-0.0486455869396019,6.04220875535026,8.55748197358827,2.51527321823801
id:2220,2220,ET,Ethiopian Airlines,Ethiopia,Y,True,True,True,True,216,331,115,94,120,26,61,76,15,0.287037037037037,0.187311178247734,-0.0997258587893029,0.0901920438957476,0.0494245214994387,-0.040767522396309,11.0874524714829,20.2328716528163,9.14541918133337
id:4559,4559,LX,Swiss International Air Lines,Switzerland,Y,True,True,True,True,178,290,112,74,103,29,39,50,11,0.365168539325843,0.324137931034483,-0.04103060829136,0.15402095694988,0.124114149821641,-0.0299068071282391,6.49262295081967,8.05709906112282,1.56447611030315
id:4305,4305,SA,South African Airways,South Africa,Y,True,True,False,True,91,202,111,45,78,33,31,42,11,0.406593406593407,0.336633663366337,-0.0699597432270699,0.175703417461659,0.126752279188315,-0.0489511382733443,5.6914089347079,7.88940448569219,2.19799555098428
id:4319,4319,SK,Scandinavian Airlines System,Sweden,Y,True,True,True,True,405,504,99,104,128,24,31,42,11,0.17037037037037,0.160714285714286,-0.00965608465608464,0.0692882182594117,0.062389770723104,-0.00689844753630765,14.4324681038275,16.0282685512368,1.59580044740922
id:4435,4435,SQ,Singapore Airlines,Singapore,Y,True,True,True,True,132,210,78,65,102,37,36,38,2,0.401515151515151,0.414285714285714,0.0127705627705628,0.167584940312213,0.175691609977324,0.00810666966511137,5.96712328767123,5.69179143004646,-0.275331857624773
id:3290,3290,JT,Lion Mentari Airlines,Indonesia,Y,True,True,True,True,168,243,75,39,60,21,5,5,0,0.178571428571429,0.123456790123457,-0.0551146384479718,0.066609977324263,0.0440142932141103,-0.0225956841101527,15.0127659574468,22.7198922662563,7.70712630880945
id:3463,3463,IG,Meridiana,Italy,Y,True,True,True,True,100,173,73,33,44,11,17,19,2,0.1,0.0982658959537572,-0.00173410404624277,0.0576,0.0469444351632196,-0.0106555648367804,17.3611111111111,21.3017793594306,3.9406682483195
id:4869,4869,TP,TAP Portugal,Portugal,Y,True,True,True,True,156,229,73,68,85,17,34,37,3,0.397435897435897,0.358078602620087,-0.0393572948158101,0.1689677843524,0.141663965218054,-0.0273038191343452,5.91828793774319,7.05895813703056,1.14067019928737
id:218,218,AI,Air India Limited,India,Y,True,True,True,True,306,367,61,89,100,11,23,31,8,0.189542483660131,0.17983651226158,-0.00970597139855034,0.0595283865180059,0.0560179376192562,-0.00351044889874969,16.7987082884822,17.8514247846256,1.05271649614334
id:3776,3776,OA,Olympic Airlines,Greece,Y,True,True,False,True,54,110,56,26,47,21,6,10,4,0.314814814814815,0.390909090909091,0.0760942760942761,0.122770919067215,0.164462809917355,0.0416918908501401,8.14525139664804,6.08040201005025,-2.0648493865978
id:2421,2421,BE,Flybe,United Kingdom,Y,True,True,True,True,213,268,55,60,70,10,15,15,0,0.103286384976526,0.082089552238806,-0.0211968327377199,0.0473671449668276,0.0382044998886166,-0.00916264507821096,21.1116798510935,26.1749271137026,5.0632472626091
id:837,837,EI,Aer Lingus,Ireland,Y,True,True,True,True,172,226,54,67,83,16,22,25,3,0.36046511627907,0.336283185840708,-0.0241819304383618,0.142644672796106,0.127339650716579,-0.0153050220795267,7.01042654028436,7.8530135301353,0.842586989850939
id:2222,2222,EY,Etihad Airways,United Arab Emirates,Y,True,True,True,True,174,226,52,84,105,21,55,61,6,0.436781609195402,0.353982300884956,-0.0827993083104466,0.195468357775135,0.131881901480147,-0.063586456294988,5.11591753970936,7.58254156769596,2.46662402798659
id:1531,1531,SN,Brussels Airlines,Belgium,Y,True,True,True,True,138,190,52,68,93,25,36,50,14,0.442028985507246,0.442105263157895,7.62776506483265e-05,0.200798151648813,0.199390581717452,-0.00140756993136162,4.98012552301255,5.01528202278411,0.0351564997715519
id:412,412,AR,Aerolineas Argentinas,Argentina,Y,True,True,True,True,104,154,50,40,56,16,13,13,0,0.259615384615385,0.272727272727273,0.0131118881118881,0.112056213017752,0.107775341541575,-0.00428087147617619,8.92409240924092,9.27856025039124,0.354467841150313
id:4547,4547,WN,Southwest Airlines,United States,Y,True,True,True,True,1098,1146,48,89,95,6,2,7,5,0.0564663023679417,0.0541012216404887,-0.00236508072745306,0.0249219478369349,0.0242333147544079,-0.000688633082526927,40.1252745789789,41.2655061899076,1.14023161092873
id:4304,4304,S4,SATA International,Portugal,Y,True,False,False,False,35,81,46,15,28,13,9,11,2,0.257142857142857,0.308641975308642,0.0514991181657848,0.139591836734694,0.131229995427526,-0.00836184130716763,7.16374269005848,7.62020905923345,0.456466369174973
id:18553,18553,W2,Maastricht Airlines,Netherlands,Y,False,False,False,False,18,62,44,14,36,22,9,16,7,0.166666666666667,0.112903225806452,-0.053763440860215,0.0864197530864197,0.0431841831425598,-0.0432355699438599,11.5714285714286,23.1566265060241,11.5851979345955
id:515,515,AV,Avianca - Aerovias Nacionales de Colombia,AVIANCA,Y,True,True,True,True,243,286,43,69,83,14,25,26,1,0.205761316872428,0.216783216783217,0.0110218999107888,0.0712120442344494,0.0709570150129591,-0.000255029221490302,14.0425683709869,14.0930392832529,0.050470912266011
id:4329,4329,S7,S7 Airlines,Russia,Y,True,True,True,True,242,281,39,91,99,8,26,31,5,0.28099173553719,0.281138790035587,0.000147054498397081,0.0964073492247797,0.0958067906941401,-0.000600558530639589,10.3726532058094,10.4376734963648,0.0650202905554167
id:3342,3342,MJ,L,Argentina,Y,False,False,False,False,14,52,38,9,26,17,7,14,7,0.5,0.480769230769231,-0.0192307692307692,0.285714285714286,0.242603550295858,-0.0431107354184278,3.5,4.1219512195122,0.621951219512197
id:5416,5416,WS,WestJet,Canada,Y,True,True,True,True,305,341,36,76,82,6,18,18,0,0.157377049180328,0.161290322580645,0.00391327340031727,0.0599946251007794,0.0566128602265202,-0.00338176487425913,16.6681598279878,17.6638310800547,0.995671252066874
id:1889,1889,CM,Copa Airlines,Panama,Y,True,True,True,True,149,184,35,64,70,6,28,28,0,0.409395973154362,0.353260869565217,-0.056135103589145,0.177784784469168,0.139354914933837,-0.0384298695353306,5.62477831264251,7.17592200084782,1.5511436882053
id:28,28,OZ,Asiana Airlines,Republic of Korea,Y,True,True,True,True,227,260,33,97,105,8,31,35,4,0.33920704845815,0.307692307692308,-0.0315147407658421,0.125152826563683,0.10585798816568,-0.0192948383980021,7.99023104357265,9.44661822247065,1.45638717889801
id:1317,1317,TS,Air Transat,Canada,Y,True,True,True,True,107,138,31,38,42,4,16,16,0,0.196261682242991,0.195652173913043,-0.000609508329947162,0.0802690191283081,0.0789750052509977,-0.00129401387731044,12.4581066376496,12.6622340425532,0.20412740490357
id:2660,2660,HU,Hainan Airlines,China,Y,True,True,True,True,523,553,30,101,106,5,22,24,2,0.108986615678776,0.106690777576854,-0.00229583810192277,0.0307572506023127,0.0294595646302104,-0.00129768597210238,32.5126589801498,33.9448329448329,1.43217396468318
id:4940,4940,TG,Thai Airways International,Thailand,Y,True,True,True,True,162,191,29,77,89,12,40,46,6,0.444444444444444,0.403141361256544,-0.0413030831878999,0.202789208962049,0.16849867054083,-0.034290538421219,4.93122886133033,5.93476492598015,1.00353606464983
id:2468,2468,F9,Frontier Airlines,United States,Y,True,True,True,True,192,220,28,70,83,13,5,5,0,0.3125,0.295454545454545,-0.0170454545454545,0.111545138888889,0.0988429752066116,-0.0127021636822773,8.96498054474709,10.1170568561873,1.1520763114402
id:879,879,FJ,Air Pacific,Fiji,Y,True,False,False,False,38,66,28,17,25,8,11,11,0,0.342105263157895,0.287878787878788,-0.0542264752791068,0.153739612188366,0.131313131313131,-0.0224264808752343,6.50450450450451,7.61538461538461,1.11088011088011
id:4867,4867,JJ,TAM Brazilian Airlines,Brazil,Y,True,True,True,True,305,332,27,64,74,10,17,18,1,0.154098360655738,0.150602409638554,-0.00349595101718347,0.0542542327331362,0.0500616925533459,-0.00419254017979033,18.4317416286903,19.975353388909,1.54361176021871
id:3386,3386,TF,Malmö Aviation,Sweden,Y,False,False,False,False,10,36,26,6,17,11,2,5,3,0.4,0.361111111111111,-0.0388888888888889,0.24,0.162037037037037,-0.077962962962963,4.16666666666667,6.17142857142857,2.00476190476191
id:4091,4091,QR,Qatar Airways,Qatar,Y,True,True,True,True,251,276,25,127,133,6,71,71,0,0.442231075697211,0.402173913043478,-0.0400571626537329,0.198266694179457,0.165695232094098,-0.0325714620853596,5.04371147226003,6.0351766756457,0.99146520338567
id:130,130,SU,Aeroflot Russian Airlines,Russia,Y,True,True,True,True,448,473,25,148,155,7,56,57,1,0.28125,0.276955602536998,-0.00429439746300209,0.101911272321429,0.0985612057444498,-0.00335006657697878,9.81245722108145,10.1459797741599,0.333522553078447
id:3737,3737,DY,Norwegian Air Shuttle,Norway,Y,True,True,True,True,552,576,24,97,102,5,34,36,2,0.128623188405797,0.128472222222222,-0.00015096618357488,0.041896397815585,0.0421489197530864,0.00025252193750145,23.8684004386652,23.7254004576659,-0.142999980999296
id:2520,2520,GA,Garuda Indonesia,Indonesia,Y,True,True,True,True,224,248,24,66,69,3,14,17,3,0.200892857142857,0.189516129032258,-0.0113767281105991,0.0674027423469388,0.0636056191467222,-0.00379712320021662,14.836191602602,15.721881390593,0.885689787991039
id:3210,3210,LO,LOT Polish Airlines,Poland,Y,True,True,False,True,96,120,24,49,51,2,33,34,1,0.5,0.416666666666667,-0.0833333333333333,0.255208333333333,0.184305555555556,-0.0709027777777775,3.91836734693878,5.4257724189902,1.50740507205142
id:1868,1868,DE,Condor Flugdienst,Germany,Y,True,True,True,True,311,334,23,60,65,5,29,30,1,0.135048231511254,0.125748502994012,-0.00929972851724206,0.0444681093040808,0.0405715515077629,-0.0038965577963179,22.4880260404557,24.647812638091,2.15978659763532
id:3197,3197,LR,LACSA,Costa Rica,Y,False,False,False,False,2,24,22,4,11,7,1,3,2,0.5,0.416666666666667,-0.0833333333333333,0.5,0.208333333333333,-0.291666666666667,2,4.8,2.8
id:1623,1623,5T,Canadian North,Canada,Y,True,False,False,False,44,65,21,19,27,8,1,1,0,0.159090909090909,0.123076923076923,-0.036013986013986,0.0836776859504132,0.0603550295857988,-0.0233226563646144,11.9506172839506,16.5686274509804,4.61801016702977
id:3392,3392,AE,Mandarin Airlines,Taiwan,Y,True,False,False,False,36,56,20,20,25,5,6,6,0,0.277777777777778,0.178571428571429,-0.0992063492063492,0.114197530864198,0.0816326530612245,-0.0325648778029731,8.75675675675675,12.25,3.49324324324325
id:16120,16120,Z6,ZABAIKAL AIRLINES,Russia,Y,False,False,False,False,0,20,20,0,10,10,0,6,6,,0.35,,,0.18,,,5.55555555555556,
id:2183,2183,EK,Emirates,United Arab Emirates,Y,True,True,True,True,269,287,18,126,135,9,74,74,0,0.442379182156134,0.414634146341463,-0.0277450358146704,0.198739652575282,0.175854993990458,-0.0228846585848248,5.03170850427647,5.6865032792544,0.654794774977929
id:5067,5067,UN,Transaero Airlines,Russia,Y,True,True,True,True,282,300,18,101,107,6,36,38,2,0.223404255319149,0.223333333333333,-7.09219858155974e-05,0.0877219455761783,0.0841333333333333,-0.00358861224284494,11.3996559633028,11.8858954041204,0.486239440817695
id:3126,3126,KQ,Kenya Airways,Kenya,Y,True,True,True,True,125,142,17,53,60,7,40,44,4,0.36,0.352112676056338,-0.00788732394366198,0.139328,0.132612576869669,-0.00671542313033127,7.1773082223243,7.54076290201945,0.363454679695146
id:90,90,UX,Air Europa,Spain,Y,True,True,True,True,141,158,17,53,55,2,23,25,2,0.283687943262411,0.272151898734177,-0.0115360445282341,0.0969267139479905,0.0913315173850345,-0.00559519656295605,10.3170731707317,10.9491228070175,0.632049636285831
id:5309,5309,VN,Vietnam Airlines,Vietnam,Y,True,True,True,True,192,209,17,50,55,5,18,21,3,0.203125,0.205741626794258,0.00261662679425836,0.0921766493055556,0.0894439229871111,-0.00273272631844446,10.8487345497351,11.1801894036345,0.331454853899363
id:9082,9082,B7,Uni Air,Taiwan,Y,True,False,False,False,34,50,16,19,22,3,3,3,0,0.205882352941176,0.2,-0.00588235294117645,0.100346020761246,0.0912,-0.00914602076124567,9.96551724137931,10.9649122807018,0.999395039322442
id:2091,2091,BR,EVA Air,Taiwan,Y,True,True,True,True,102,118,16,51,54,3,21,21,0,0.401960784313726,0.364406779661017,-0.0375540046527086,0.170511341791619,0.146078713013502,-0.0244326287781168,5.86471251409244,6.84562438544739,0.98091187135495
id:1756,1756,CI,China Airlines,Taiwan,Y,True,True,True,True,154,170,16,68,73,5,26,27,1,0.331168831168831,0.305882352941176,-0.0252864782276547,0.121942992072862,0.106712802768166,-0.0152301893046961,8.20055325034578,9.37094682230869,1.1703935719629
id:1539,1539,NT,Binter Canarias,Spain,Y,True,False,False,False,30,46,16,10,18,8,3,7,4,0.266666666666667,0.326086956521739,0.0594202898550725,0.148888888888889,0.149338374291115,0.000449485402226418,6.71641791044776,6.69620253164557,-0.0202153788021917
id:3163,3163,KE,Korean Air,Republic of Korea,Y,True,True,True,True,278,292,14,112,118,6,43,46,3,0.330935251798561,0.318493150684932,-0.0124421011136296,0.120878836499146,0.112521110902608,-0.00835772559653761,8.27274673517448,8.88722117990411,0.614474444729623
id:240,240,AP,Air One,Italy,Y,True,True,False,True,76,88,12,24,27,3,11,11,0,0.197368421052632,0.181818181818182,-0.0155502392344498,0.0841412742382271,0.0751549586776859,-0.00898631556054121,11.8847736625514,13.3058419243986,1.42106826184719
id:1422,1422,PG,Bangkok Airways,Thailand,Y,True,True,False,True,63,75,12,28,30,2,12,14,2,0.365079365079365,0.333333333333333,-0.0317460317460317,0.160997732426304,0.138133333333333,-0.0228643990929705,6.2112676056338,7.23938223938224,1.02811463374844
id:1908,1908,SS,Corsairfly,France,Y,False,False,False,False,19,30,11,10,15,5,10,13,3,0.368421052631579,0.3,-0.0684210526315789,0.185595567867036,0.137777777777778,-0.0478177900892582,5.38805970149254,7.25806451612903,1.8700048146365
id:4609,4609,FM,Shanghai Airlines,China,Y,True,True,True,True,179,189,10,71,72,1,7,7,0,0.217877094972067,0.206349206349206,-0.0115278886228607,0.0925376860896976,0.0863637636124408,-0.00617392247725673,10.8064080944351,11.5789303079417,0.77252221350658
id:2143,2143,MS,Egyptair,Egypt,Y,True,True,True,True,195,205,10,80,84,4,52,55,3,0.358974358974359,0.346341463414634,-0.0126328955597249,0.138145956607495,0.129470553242118,-0.00867540336537728,7.23872073101085,7.72376401396802,0.485043282957169
id:1946,1946,OK,Czech Airlines,Czech Republic,Y,True,True,True,True,101,111,10,49,54,5,24,29,5,0.435643564356436,0.441441441441441,0.00579787708500579,0.197333594745613,0.201525850174499,0.00419225542888571,5.0675608544461,4.96214256947241,-0.105418284973689
id:1925,1925,OU,Croatia Airlines,Croatia,Y,True,True,True,True,102,112,10,30,32,2,16,17,1,0.196078431372549,0.196428571428571,0.000350140056022408,0.0903498654363706,0.087531887755102,-0.00281797768126861,11.068085106383,11.4244080145719,0.356322908188973
id:4349,4349,UL,SriLankan Airlines,Sri Lanka,Y,True,True,False,True,79,89,10,38,43,5,22,26,4,0.405063291139241,0.415730337078652,0.0106670459394112,0.176093574747637,0.182931448049489,0.00683787330185212,5.67879890809827,5.46652864044168,-0.212270267656588
id:96,96,A3,Aegean Airlines,Greece,Y,True,True,True,True,213,222,9,75,79,4,26,29,3,0.295774647887324,0.292792792792793,-0.00298185509453114,0.104763164275166,0.103116630143657,-0.00164653413150874,9.54533978539869,9.69775678866588,0.152417003267189
id:503,503,5N,Aeroflot-Nord,Russia,Y,False,False,False,False,14,22,8,6,9,3,1,2,1,0.214285714285714,0.272727272727273,0.0584415584415584,0.183673469387755,0.161157024793388,-0.0225164445943667,5.44444444444444,6.20512820512821,0.760683760683762
id:1680,1680,CX,Cathay Pacific,Hong Kong SAR of China,Y,True,True,True,True,203,211,8,94,99,5,35,36,1,0.413793103448276,0.402843601895735,-0.0109495015525413,0.176539105535199,0.167628759461827,-0.00891034607337152,5.66446735395189,5.96556344633525,0.301096092383361
id:319,319,HM,Air Seychelles,Seychelles,Y,False,False,False,False,2,10,8,2,6,4,1,5,4,0.5,0.4,-0.1,0.5,0.24,-0.26,2,4.16666666666667,2.16666666666667
code:P1,,P1,,,,False,False,False,False,2,10,8,2,6,4,1,1,0,0.5,0.3,-0.2,0.5,0.2,-0.3,2,5,3
id:3952,3952,PR,Philippine Airlines,Philippines,Y,True,True,True,True,136,144,8,64,67,3,19,20,1,0.441176470588235,0.4375,-0.00367647058823528,0.200692041522491,0.197434413580247,-0.00325762794224435,4.98275862068965,5.06497313141182,0.0822145107221646
id:5282,5282,PS,Ukraine International Airlines,Ukraine,Y,True,True,True,True,119,127,8,50,51,1,28,29,1,0.411764705882353,0.393700787401575,-0.0180639184807781,0.180142645293411,0.166594333188666,-0.0135483121047449,5.55115640925128,6.00260513583922,0.451448726587946
id:4533,4533,SV,Saudi Arabian Airlines,Saudi Arabia,Y,True,True,True,True,366,374,8,89,89,0,37,37,0,0.221311475409836,0.216577540106952,-0.00473393530288418,0.0901788647018424,0.0878778346535503,-0.00230103004829213,11.0890728476821,11.379433778067,0.290360930384919
id:2622,2622,TA,Grupo TACA,Costa Rica,Y,False,False,False,False,6,14,8,4,8,4,4,6,2,0.333333333333333,0.285714285714286,-0.0476190476190476,0.277777777777778,0.163265306122449,-0.114512471655329,3.6,6.125,2.525
id:3754,3754,XY,Nas Air,Saudi Arabia,Y,True,True,True,True,102,110,8,29,30,1,12,12,0,0.245098039215686,0.236363636363636,-0.00873440285204991,0.108227604767397,0.10396694214876,-0.00426066261863682,9.23978685612789,9.61844197138315,0.37865511525526
id:3865,3865,LW,Pacific Wings,United States,Y,False,False,False,False,4,10,6,3,8,5,1,1,0,0.5,0.2,-0.3,0.375,0.14,-0.235,2.66666666666667,7.14285714285714,4.47619047619048
id:1066,1066,MD,Air Madagascar,Madagascar,Y,True,True,False,True,69,75,6,22,25,3,9,12,3,0.27536231884058,0.253333333333333,-0.0220289855072464,0.109010712035287,0.0965333333333333,-0.0124773787019534,9.17341040462428,10.3591160220994,1.18570561747517
id:4259,4259,RJ,Royal Jordanian,Jordan,Y,True,True,True,True,112,118,6,55,57,2,36,38,2,0.446428571428571,0.432203389830508,-0.014225181598063,0.205994897959184,0.194340706693479,-0.0116541912657049,4.85448916408668,5.14560236511456,0.291113201027875
id:5179,5179,RO,Tarom,Romania,Y,True,True,False,True,86,92,6,40,41,1,25,25,0,0.395348837209302,0.380434782608696,-0.0149140546006066,0.169821525148729,0.160207939508507,-0.00961358564022238,5.88853503184713,6.24188790560472,0.353352873757585
id:225,225,TN,Air Tahiti Nui,France,Y,False,False,False,False,11,17,6,8,11,3,7,8,1,0.272727272727273,0.235294117647059,-0.0374331550802139,0.173553719008264,0.134948096885813,-0.0386056221224513,5.76190476190476,7.41025641025641,1.64835164835165
id:5496,5496,IY,Yemenia,Yemen,Y,True,True,False,True,91,96,5,27,30,3,19,20,1,0.186813186813187,0.197916666666667,0.0111034798534798,0.0737833594976452,0.0779079861111111,0.00412462661346588,13.5531914893617,12.8356545961003,-0.717536893261419
id:502,502,MO,Abu Dhabi Amiri Flight,United Arab Emirates,Y,True,False,False,False,47,52,5,14,18,4,1,1,0,0.191489361702128,0.192307692307692,0.00081833060556466,0.100950656405613,0.091715976331361,-0.00923468007425243,9.90582959641256,10.9032258064516,0.997396210039055
id:567,567,TX,Air Caraïbes,France,Y,True,False,False,False,23,28,5,10,13,3,8,11,3,0.217391304347826,0.25,0.0326086956521739,0.141776937618147,0.130102040816327,-0.0116748968018209,7.05333333333334,7.68627450980392,0.632941176470587
id:3201,3201,4M,LAN Argentina,Argentina,Y,False,False,False,False,6,10,4,3,5,2,3,3,0,0.333333333333333,0.4,0.0666666666666667,0.333333333333333,0.26,-0.0733333333333333,3,3.84615384615385,0.846153846153845
id:4248,4248,AT,Royal Air Maroc,Morocco,Y,True,True,True,True,234,238,4,82,84,2,47,49,2,0.311965811965812,0.310924369747899,-0.0010414422179128,0.108116005551903,0.107195819504272,-0.000920186047630681,9.24932432432432,9.32872200263505,0.0793976783107215
id:333,333,BT,Air Baltic,Latvia,Y,True,True,True,True,108,112,4,53,54,1,31,32,1,0.453703703703704,0.446428571428571,-0.00727513227513227,0.212620027434842,0.206313775510204,-0.0063062519246381,4.70322580645161,4.84698608964451,0.143760283192899
id:1936,1936,CU,Cubana de Aviación,Cuba,Y,True,True,False,True,55,59,4,24,25,1,13,14,1,0.309090909090909,0.305084745762712,-0.0040061633281972,0.123305785123967,0.120367710428038,-0.00293807469592899,8.10991957104558,8.30787589498807,0.197956323942488
id:2420,2420,F7,Flybaboo,Switzerland,Y,True,False,False,False,34,38,4,18,20,2,7,7,0,0.264705882352941,0.236842105263158,-0.0278637770897833,0.112456747404844,0.0955678670360111,-0.0168888803688333,8.89230769230769,10.463768115942,1.57146042363434
id:2688,2688,HA,Hawaiian Airlines,United States,Y,True,True,False,True,70,74,4,31,31,0,9,9,0,0.4,0.378378378378378,-0.0216216216216216,0.182448979591837,0.16581446311176,-0.0166345164800764,5.48098434004474,6.03083700440529,0.549852664360547
id:197,197,J2,Azerbaijan Airlines,Azerbaijan,Y,True,True,False,True,50,54,4,25,27,2,16,18,2,0.48,0.481481481481481,0.00148148148148147,0.2424,0.242798353909465,0.00039835390946491,4.12541254125412,4.11864406779661,-0.0067684734575133
id:2056,2056,KA,Dragonair,DRAGON,Y,True,True,False,True,92,96,4,47,49,2,16,17,1,0.489130434782609,0.489583333333333,0.000452898550724612,0.245037807183365,0.245225694444444,0.000187887261079739,4.08100289296047,4.07787610619469,-0.00312678676577516
id:242,242,KM,Air Malta,Malta,Y,True,True,False,True,80,84,4,40,41,1,17,18,1,0.475,0.464285714285714,-0.0107142857142857,0.233125,0.223639455782313,-0.0094855442176871,4.28954423592493,4.47148288973384,0.181938653808908
id:1057,1057,MK,Air Mauritius,Mauritius,Y,True,False,False,False,39,43,4,21,23,2,13,14,1,0.461538461538462,0.441860465116279,-0.0196779964221825,0.228139381985536,0.210383991346674,-0.0177553906388621,4.38328530259366,4.75321336760926,0.369928065015598
id:316,316,NX,Air Macau,Macao,Y,True,True,False,True,52,56,4,27,29,2,7,8,1,0.5,0.5,0,0.259615384615385,0.258928571428571,-0.000686813186813351,3.85185185185185,3.86206896551724,0.0102171136653921
id:3233,3233,QV,Lao Airlines,Lao Peoples Democratic Republic,Y,True,False,False,False,42,46,4,17,18,1,7,7,0,0.285714285714286,0.282608695652174,-0.00310559006211181,0.134920634920635,0.132325141776938,-0.00259549314369731,7.41176470588235,7.55714285714286,0.145378151260505
id:4599,4599,SC,Shandong Airlines,China,Y,True,True,True,True,310,314,4,58,59,1,5,5,0,0.109677419354839,0.10828025477707,-0.00139716457776864,0.0408740894901145,0.0412187106982028,0.000344621208088307,24.4653767820774,24.2608267716535,-0.204550010423851
id:20976,20976,W3,World Scale Airlines,United States,Y,True,True,False,True,66,70,4,25,27,2,10,12,2,0.242424242424242,0.257142857142857,0.0147186147186147,0.114325068870523,0.115918367346939,0.00159329847641533,8.74698795180723,8.62676056338028,-0.120227388426946
id:3778,3778,WY,Oman Air,Oman,Y,True,True,False,True,92,96,4,45,46,1,27,28,1,0.456521739130435,0.4375,-0.0190217391304348,0.215973534971645,0.199652777777778,-0.0163207571938667,4.63019693654267,5.00869565217391,0.37849871563124
id:3490,3490,ME,Middle East Airlines,Lebanon,Y,True,True,False,True,62,65,3,32,33,1,23,24,1,0.483870967741935,0.476923076923077,-0.00694789081885855,0.244016649323621,0.236923076923077,-0.00709357240054437,4.09808102345416,4.22077922077922,0.122698197325064
id:897,897,2P,Air Philippines,Philippines,Y,True,False,False,False,32,34,2,17,18,1,2,2,0,0.5,0.5,0,0.265625,0.264705882352941,-0.000919117647058765,3.76470588235294,3.77777777777778,0.0130718954248357
id:2354,2354,7F,First Air,Canada,Y,True,True,False,True,72,74,2,32,33,1,1,1,0,0.125,0.135135135135135,0.0101351351351351,0.0547839506172839,0.0555149744338934,0.000731023816609416,18.2535211267606,18.0131578947368,-0.240363232023725
id:1629,1629,9K,Cape Air,United States,Y,True,True,False,True,84,86,2,39,39,0,6,6,0,0.130952380952381,0.127906976744186,-0.00304540420819491,0.052437641723356,0.0513791238507301,-0.00105851787262591,19.0702702702703,19.4631578947368,0.392887624466582
id:13983,13983,AD,Azul,Brazil,Y,True,True,True,True,391,393,2,101,101,0,1,1,0,0.127877237851662,0.127226463104326,-0.000650774747336713,0.0348048482152786,0.034619842148541,-0.00018500606673761,28.7316293929712,28.8851692537872,0.153539860815929
id:1478,1478,B2,Belavia Belarusian Airlines,Belarus,Y,True,True,False,True,80,82,2,41,42,1,29,30,1,0.4875,0.48780487804878,0.000304878048780488,0.244375,0.244497323022011,0.000122323022010679,4.0920716112532,4.09002433090024,-0.00204728035295343
id:1942,1942,CY,Cyprus Airways,Cyprus,Y,True,False,False,False,29,31,2,15,16,1,12,13,1,0.482758620689655,0.483870967741935,0.0011123470522803,0.253269916765755,0.252861602497399,-0.00040831426835658,3.94835680751174,3.95473251028807,0.00637570277632982
id:2585,2585,DC,Golden Air,Sweden,Y,False,False,False,False,18,20,2,10,11,1,1,1,0,0.388888888888889,0.4,0.0111111111111111,0.203703703703704,0.205,0.00129629629629632,4.90909090909091,4.8780487804878,-0.0310421286031044
id:5038,5038,GE,TransAsia Airways,Taiwan,Y,True,True,False,True,90,92,2,34,35,1,8,8,0,0.2,0.206521739130435,0.00652173913043477,0.0802469135802469,0.0812854442344045,0.00103853065415761,12.4615384615385,12.3023255813953,-0.159212880143111
id:2638,2638,GF,Gulf Air Bahrain,Bahrain,Y,True,True,False,True,75,77,2,39,40,1,24,25,1,0.493333333333333,0.480519480519481,-0.0128138528138528,0.250133333333333,0.238320121437005,-0.0118132118963287,3.99786780383795,4.19603680113234,0.198168997294388
id:4234,4234,GZ,Air Rarotonga,Cook Islands,Y,False,False,False,False,11,13,2,6,7,1,1,2,1,0.454545454545455,0.461538461538462,0.00699300699300703,0.272727272727273,0.266272189349112,-0.00645508337816031,3.66666666666667,3.75555555555556,0.088888888888889
id:116,116,I9,Air Italy,Italy,Y,False,False,False,False,2,4,2,2,4,2,2,2,0,0.5,0.25,-0.25,0.5,0.25,-0.25,2,4,2
id:1006,1006,KC,Air Astana,Kazakhstan,Y,True,True,True,True,116,118,2,38,39,1,20,21,1,0.258620689655172,0.254237288135593,-0.00438340151957922,0.123365041617122,0.12295317437518,-0.00041186724194292,8.10602409638554,8.13317757009346,0.027153473707914
id:3329,3329,LG,Luxair,Luxembourg,Y,True,True,True,True,108,110,2,54,55,1,20,20,0,0.444444444444444,0.445454545454545,0.00101010101010102,0.204389574759945,0.205123966942149,0.000734392182203697,4.89261744966443,4.8751007252216,-0.0175167244428351
id:524,524,NF,Air Vanuatu,Vanuatu,Y,True,True,False,True,90,92,2,31,32,1,4,5,1,0.2,0.206521739130435,0.00652173913043477,0.0730864197530864,0.0744328922495274,0.00134647249644099,13.6824324324324,13.4349206349206,-0.247511797511796
id:2117,2117,T3,Eastern Airways,United Kingdom,Y,True,False,False,False,30,32,2,15,17,2,3,3,0,0.3,0.28125,-0.01875,0.135555555555556,0.12109375,-0.0144618055555555,7.37704918032787,8.25806451612903,0.881015335801163
id:1048,1048,TD,Atlantis European Airways,Armenia,Y,False,False,False,False,2,4,2,2,3,1,2,3,1,0.5,0.5,0,0.5,0.375,-0.125,2,2.66666666666667,0.666666666666667
id:1034,1034,XL,Aerolane,Ecuador,Y,False,False,False,False,12,14,2,7,7,0,2,2,0,0.333333333333333,0.357142857142857,0.0238095238095238,0.208333333333333,0.214285714285714,0.00595238095238096,4.8,4.66666666666667,-0.133333333333334
id:16150,16150,YO,TransHolding System,Brazil,Y,False,False,False,False,0,2,2,0,2,2,0,2,2,,0.5,,,0.5,,,2,
id:5281,5281,HY,Uzbekistan Airways,Uzbekistan,Y,True,True,True,True,150,151,1,51,52,1,22,23,1,0.326666666666667,0.33112582781457,0.0044591611479029,0.124266666666667,0.126968115433534,0.00270144876686698,8.04721030042919,7.87599309153713,-0.171217208892054
id:4292,4292,WB,Rwandair Express,Rwanda,Y,True,False,False,False,39,40,1,18,18,0,15,15,0,0.358974358974359,0.375,0.016025641025641,0.155818540433925,0.16625,0.0104314595660749,6.41772151898734,6.01503759398496,-0.402683925002379
id:410,410,2B,Aerocondor,Portugal,Y,True,False,False,False,40,40,0,16,16,0,2,2,0,0.175,0.175,0,0.08875,0.08875,0,11.2676056338028,11.2676056338028,0
id:1654,1654,2G,Cargoitalia,Italy,N,False,False,False,False,19,19,0,10,10,0,1,1,0,0.368421052631579,0.368421052631579,0,0.191135734072022,0.191135734072022,0,5.23188405797102,5.23188405797102,0
id:8359,8359,2I,Star Peru (2I),Peru,Y,False,False,False,False,18,18,0,8,8,0,1,1,0,0.277777777777778,0.277777777777778,0,0.166666666666667,0.166666666666667,0,6,6,0
id:470,470,2J,Air Burkina,Burkina Faso,Y,True,False,False,False,22,22,0,9,9,0,8,8,0,0.363636363636364,0.363636363636364,0,0.190082644628099,0.190082644628099,0,5.26086956521739,5.26086956521739,0
id:1338,1338,2K,Aerolineas Galapagos (Aerogal),Ecuador,Y,False,False,False,False,12,12,0,6,6,0,2,2,0,0.333333333333333,0.333333333333333,0,0.222222222222222,0.222222222222222,0,4.5,4.5,0
id:2750,2750,2L,Helvetic Airways,Switzerland,Y,False,False,False,False,14,14,0,9,9,0,7,7,0,0.428571428571429,0.428571428571429,0,0.224489795918367,0.224489795918367,0,4.45454545454545,4.45454545454545,0
id:3652,3652,2N,NextJet,Sweden,Y,True,False,False,False,41,41,0,19,19,0,3,3,0,0.317073170731707,0.317073170731707,0,0.130279595478882,0.130279595478882,0,7.67579908675799,7.67579908675799,0
id:146,146,2O,Air Salone,Sierra Leone,Y,False,False,False,False,2,2,0,3,3,0,1,1,0,0.5,0.5,0,0.5,0.5,0,2,2,0
id:1729,1729,2Z,Changan Airlines,China,N,True,False,False,False,46,46,0,19,19,0,1,1,0,0.152173913043478,0.152173913043478,0,0.0775047258979206,0.0775047258979206,0,12.9024390243902,12.9024390243902,0
id:10739,10739,3E,Air Choice One,United States,Y,False,False,False,False,10,10,0,5,5,0,1,1,0,0.3,0.3,0,0.22,0.22,0,4.54545454545454,4.54545454545454,0
id:16262,16262,3F,Fly Colombia ( Interliging Flights ),Colombia,Y,False,False,False,False,2,2,0,2,2,0,1,1,0,0.5,0.5,0,0.5,0.5,0,2,2,0
id:595,595,3G,Atlant-Soyuz Airlines,Russia,Y,True,False,False,False,30,30,0,11,11,0,11,11,0,0.2,0.2,0,0.117777777777778,0.117777777777778,0,8.49056603773585,8.49056603773585,0
code:3H,,3H,,,,True,True,False,True,64,64,0,22,22,0,1,1,0,0.125,0.125,0,0.05810546875,0.05810546875,0,17.2100840336134,17.2100840336134,0
id:5521,5521,3J,Zip,Canada,N,False,False,False,False,5,5,0,5,5,0,5,5,0,0.6,0.6,0,0.44,0.44,0,2.27272727272727,2.27272727272727,0
id:3021,3021,3K,Jetstar Asia Airways,Singapore,Y,True,False,False,False,36,36,0,18,18,0,12,12,0,0.444444444444444,0.444444444444444,0,0.217592592592593,0.217592592592593,0,4.59574468085106,4.59574468085106,0
id:2916,2916,3L,Intersky,Austria,Y,True,False,False,False,26,26,0,15,15,0,5,5,0,0.230769230769231,0.230769230769231,0,0.118343195266272,0.118343195266272,0,8.45,8.45,0
id:20710,20710,3M,Silver Airways (3M),United States,Y,True,True,False,True,67,67,0,25,25,0,2,2,0,0.149253731343284,0.149253731343284,0,0.0697259968812653,0.0697259968812653,0,14.3418530351438,14.3418530351438,0
id:9818,9818,3O,Air Arabia Maroc,Morocco,Y,True,False,False,False,44,44,0,18,18,0,9,9,0,0.25,0.25,0,0.112603305785124,0.112603305785124,0,8.88073394495413,8.88073394495413,0
id:5002,5002,3P,Tiara Air,Aruba,Y,False,False,False,False,6,6,0,5,5,0,3,3,0,0.333333333333333,0.333333333333333,0,0.222222222222222,0.222222222222222,0,4.5,4.5,0
id:3545,3545,3R,Moskovia Airlines,Russia,Y,True,False,False,False,20,20,0,11,11,0,3,3,0,0.45,0.45,0,0.235,0.235,0,4.25531914893617,4.25531914893617,0
id:11741,11741,3S,Air Antilles Express,Guadeloupe,Y,True,False,False,False,24,24,0,11,11,0,9,9,0,0.291666666666667,0.291666666666667,0,0.152777777777778,0.152777777777778,0,6.54545454545455,6.54545454545455,0
id:4608,4608,3U,Sichuan Airlines,China,Y,True,True,True,True,388,388,0,83,83,0,9,9,0,0.139175257731959,0.139175257731959,0,0.0411706876394941,0.0411706876394941,0,24.2891255243627,24.2891255243627,0
id:20565,20565,4B,Boutique Air (Priv),United States,Y,False,False,False,False,2,2,0,2,2,0,1,1,0,0.5,0.5,0,0.5,0.5,0,2,2,0
id:442,442,4D,Air Sinai,Egypt,Y,False,False,False,False,2,2,0,2,2,0,2,2,0,0.5,0.5,0,0.5,0.5,0,2,2,0
code:4E,,4E,,,,False,False,False,False,3,3,0,3,3,0,1,1,0,0.333333333333333,0.333333333333333,0,0.333333333333333,0.333333333333333,0,3,3,0
id:2524,2524,4G,Gazpromavia,Russia,Y,True,False,False,False,20,20,0,10,10,0,2,2,0,0.3,0.3,0,0.16,0.16,0,6.25,6.25,0
id:8463,8463,4H,United Airways,Bangladesh,Y,True,False,False,False,32,32,0,15,15,0,8,8,0,0.40625,0.40625,0,0.1953125,0.1953125,0,5.12,5.12,0
id:29,29,4K,Askari Aviation,Pakistan,Y,False,False,False,False,2,2,0,2,2,0,1,1,0,0.5,0.5,0,0.5,0.5,0,2,2,0
id:341,341,4N,Air North Charter - Canada,Canada,Y,False,False,False,False,13,13,0,7,7,0,1,1,0,0.307692307692308,0.307692307692308,0,0.183431952662722,0.183431952662722,0,5.45161290322581,5.45161290322581,0
id:17885,17885,4O,Interjet (ABC Aerolineas),Mexico,Y,True,True,True,True,112,112,0,43,43,0,6,6,0,0.357142857142857,0.357142857142857,0,0.145408163265306,0.145408163265306,0,6.87719298245614,6.87719298245614,0
id:10758,10758,4Q,Safi Airlines,Afghanistan,Y,False,False,False,False,14,14,0,6,6,0,4,4,0,0.357142857142857,0.357142857142857,0,0.224489795918367,0.224489795918367,0,4.45454545454545,4.45454545454545,0
id:1401,1401,4T,Belair Airlines,Switzerland,Y,False,False,False,False,12,12,0,7,7,0,6,6,0,0.416666666666667,0.416666666666667,0,0.236111111111111,0.236111111111111,0,4.23529411764706,4.23529411764706,0
id:2548,2548,4U,Germanwings,Germany,Y,True,True,True,True,470,470,0,104,104,0,26,26,0,0.140425531914894,0.140425531914894,0,0.0510819375282933,0.0510819375282933,0,19.5763913505849,19.5763913505849,0
code:4W,,4W,,,,False,False,False,False,15,15,0,9,9,0,1,1,0,0.4,0.4,0,0.217777777777778,0.217777777777778,0,4.59183673469388,4.59183673469388,0
id:1173,1173,4Y,Airbus France,France,N,False,False,False,False,19,19,0,14,14,0,1,1,0,0.368421052631579,0.368421052631579,0,0.18005540166205,0.18005540166205,0,5.55384615384615,5.55384615384615,0
id:1581,1581,5C,CAL Cargo Air Lines,Israel,Y,True,False,False,False,29,29,0,14,14,0,3,3,0,0.379310344827586,0.379310344827586,0,0.177170035671819,0.177170035671819,0,5.64429530201342,5.64429530201342,0
id:4496,4496,5G,Skyservice Airlines,Canada,Y,False,False,False,False,2,2,0,2,2,0,1,1,0,0.5,0.5,0,0.5,0.5,0,2,2,0
id:8576,8576,5H,Fly540,Kenya,Y,False,False,False,False,18,18,0,9,9,0,3,3,0,0.333333333333333,0.333333333333333,0,0.172839506172839,0.172839506172839,0,5.78571428571429,5.78571428571429,0
id:1683,1683,5J,Cebu Pacific,Philippines,Y,True,True,True,True,184,184,0,56,56,0,15,15,0,0.277173913043478,0.277173913043478,0,0.107100661625709,0.107100661625709,0,9.33701047986762,9.33701047986762,0
id:4436,4436,5M,Sibaviatrans,Russia,Y,False,False,False,False,2,2,0,2,2,0,2,2,0,0.5,0.5,0,0.5,0.5,0,2,2,0
id:10650,10650,5P,Pal airlines,Chile,Y,False,False,False,False,4,4,0,4,4,0,1,1,0,0.25,0.25,0,0.25,0.25,0,4,4,0
id:18232,18232,5Q,BQB Lineas Aereas,Uruguay,Y,False,False,False,False,18,18,0,10,10,0,5,5,0,0.444444444444444,0.444444444444444,0,0.234567901234568,0.234567901234568,0,4.26315789473684,4.26315789473684,0
code:5U,,5U,,,,False,False,False,False,9,9,0,6,6,0,3,3,0,0.333333333333333,0.333333333333333,0,0.209876543209877,0.209876543209877,0,4.76470588235294,4.76470588235294,0
id:18946,18946,5Z,VivaColombia,Colombia,Y,False,False,False,False,2,2,0,2,2,0,1,1,0,0.5,0.5,0,0.5,0.5,0,2,2,0
id:2850,2850,6E,IndiGo Airlines,India,Y,True,True,True,True,199,199,0,35,35,0,6,6,0,0.130653266331658,0.130653266331658,0,0.0588116461705512,0.0588116461705512,0,17.0034349506226,17.0034349506226,0
id:2954,2954,6H,Israir,Israel,Y,False,False,False,False,12,12,0,7,7,0,5,5,0,0.416666666666667,0.416666666666667,0,0.236111111111111,0.236111111111111,0,4.23529411764706,4.23529411764706,0
id:17095,17095,6I,Fly 6ix,Sierra Leone,Y,False,False,False,False,2,2,0,2,2,0,1,1,0,0.5,0.5,0,0.5,0.5,0,2,2,0
code:6L,,6L,,,,False,False,False,False,12,12,0,6,6,0,1,1,0,0.416666666666667,0.416666666666667,0,0.25,0.25,0,4,4,0
id:1340,1340,6R,Alrosa Mirny Air Enterprise,Russia,Y,True,False,False,False,30,30,0,10,10,0,1,1,0,0.2,0.2,0,0.122222222222222,0.122222222222222,0,8.18181818181818,8.18181818181818,0
id:5813,5813,6T,Air Mandalay,Burma,Y,True,False,False,False,22,22,0,10,10,0,1,1,0,0.227272727272727,0.227272727272727,0,0.12396694214876,0.12396694214876,0,8.06666666666667,8.06666666666667,0
id:4805,4805,6W,Saratov Aviation Division,Russia,Y,False,False,False,False,10,10,0,6,6,0,3,3,0,0.5,0.5,0,0.3,0.3,0,3.33333333333333,3.33333333333333,0
id:11814,11814,6Y,SmartLynx Airlines,Latvia,Y,False,False,False,False,2,2,0,2,2,0,2,2,0,0.5,0.5,0,0.5,0.5,0,2,2,0
id:2994,2994,7C,Jeju Air,Republic of Korea,Y,True,False,False,False,33,33,0,15,15,0,7,7,0,0.303030303030303,0.303030303030303,0,0.133149678604224,0.133149678604224,0,7.51034482758621,7.51034482758621,0
id:563,563,7E,Aeroline GmbH,Germany,Y,False,False,False,False,2,2,0,2,2,0,1,1,0,0.5,0.5,0,0.5,0.5,0,2,2,0
id:4388,4388,7G,Star Flyer,Japan,Y,False,False,False,False,6,6,0,4,4,0,1,1,0,0.5,0.5,0,0.333333333333333,0.333333333333333,0,3,3,0
id:18944,18944,7I,Insel Air (7I/INC) (Priv),Netherlands Antilles,Y,True,False,False,False,45,45,0,18,18,0,10,10,0,0.333333333333333,0.333333333333333,0,0.145679012345679,0.145679012345679,0,6.86440677966102,6.86440677966102,0
id:9531,9531,7J,Tajik Air,Tajikistan,Y,True,False,False,False,34,34,0,15,15,0,9,9,0,0.382352941176471,0.382352941176471,0,0.181660899653979,0.181660899653979,0,5.5047619047619,5.5047619047619,0
id:16615,16615,7M,Mongolian International Air Lines ,Mongolia,Y,False,False,False,False,8,8,0,5,5,0,1,1,0,0.25,0.25,0,0.21875,0.21875,0,4.57142857142857,4.57142857142857,0
id:1500,1500,7P,Metro Batavia,Indonesia,Y,False,False,False,False,12,12,0,7,7,0,2,2,0,0.333333333333333,0.333333333333333,0,0.180555555555556,0.180555555555556,0,5.53846153846154,5.53846153846154,0
id:1469,1469,7R,BRA-Transportes Aereos,Brazil,N,True,True,False,True,72,72,0,31,31,0,4,4,0,0.180555555555556,0.180555555555556,0,0.0733024691358025,0.0733024691358025,0,13.6421052631579,13.6421052631579,0
code:7S,,7S,,,,False,False,False,False,6,6,0,6,6,0,1,1,0,0.333333333333333,0.333333333333333,0,0.222222222222222,0.222222222222222,0,4.5,4.5,0
id:17408,17408,8B,BusinessAir,Thailand,Y,False,False,False,False,12,12,0,5,5,0,3,3,0,0.25,0.25,0,0.222222222222222,0.222222222222222,0,4.5,4.5,0
id:1109,1109,8D,Astair,Russian Federation,Y,False,False,False,False,2,2,0,2,2,0,1,1,0,0.5,0.5,0,0.5,0.5,0,2,2,0
id:1472,1472,8E,Bering Air,United States,Y,True,True,False,True,65,65,0,27,27,0,1,1,0,0.153846153846154,0.153846153846154,0,0.0688757396449704,0.0688757396449704,0,14.5189003436426,14.5189003436426,0
id:3534,3534,8I,Myway Airlines,Italy,Y,False,False,False,False,6,6,0,4,4,0,3,3,0,0.5,0.5,0,0.333333333333333,0.333333333333333,0,3,3,0
id:2942,2942,8L,Cargo Plus Aviation,United Arab Emirates,Y,True,True,True,True,130,130,0,45,45,0,2,2,0,0.223076923076923,0.223076923076923,0,0.0727810650887574,0.0727810650887574,0,13.739837398374,13.739837398374,0
id:3432,3432,8M,Maxair,Sweden,Y,False,False,False,False,12,12,0,7,7,0,7,7,0,0.5,0.5,0,0.291666666666667,0.291666666666667,0,3.42857142857143,3.42857142857143,0
id:3856,3856,8P,Pacific Coastal Airline,Canada,Y,True,False,False,False,30,30,0,13,13,0,1,1,0,0.333333333333333,0.333333333333333,0,0.151111111111111,0.151111111111111,0,6.61764705882353,6.61764705882353,0
id:3788,3788,8Q,Onur Air,Turkey,Y,True,False,False,False,36,36,0,19,19,0,5,5,0,0.444444444444444,0.444444444444444,0,0.217592592592593,0.217592592592593,0,4.59574468085106,4.59574468085106,0
id:5188,5188,8R,TRIP Linhas A,Brazil,Y,True,False,False,False,35,35,0,17,17,0,2,2,0,0.114285714285714,0.114285714285714,0,0.0742857142857143,0.0742857142857143,0,13.4615384615385,13.4615384615385,0
id:68,68,8T,Air Tindi,Canadian Territories,Y,False,False,False,False,10,10,0,6,6,0,1,1,0,0.5,0.5,0,0.3,0.3,0,3.33333333333333,3.33333333333333,0
id:32,32,8U,Afriqiyah Airways,Libya,Y,True,False,False,False,36,36,0,14,14,0,9,9,0,0.305555555555556,0.305555555555556,0,0.165123456790124,0.165123456790124,0,6.05607476635514,6.05607476635514,0
id:55,55,8V,Astral Aviation,Kenya,Y,True,False,False,False,28,28,0,14,14,0,1,1,0,0.214285714285714,0.214285714285714,0,0.102040816326531,0.102040816326531,0,9.8,9.8,0
id:15999,15999,9C,China SSS,China,Y,True,True,True,True,155,155,0,51,51,0,10,10,0,0.167741935483871,0.167741935483871,0,0.0648907388137357,0.0648907388137357,0,15.410519563823,15.410519563823,0
code:9D,,9D,,,,False,False,False,False,1,1,0,2,2,0,2,2,0,1,1,0,1,1,0,1,1,0
id:3976,3976,9E,Pinnacle Airlines,United States,Y,True,False,False,False,46,46,0,26,26,0,1,1,0,0.369565217391304,0.369565217391304,0,0.160680529300567,0.160680529300567,0,6.22352941176471,6.22352941176471,0
code:9M,,9M,,,,True,False,False,False,46,46,0,18,18,0,1,1,0,0.152173913043478,0.152173913043478,0,0.0775047258979206,0.0775047258979206,0,12.9024390243902,12.9024390243902,0
id:19810,19810,9N,Regional Air Iceland,Iceland,Y,False,False,False,False,16,16,0,7,7,0,4,4,0,0.4375,0.4375,0,0.2421875,0.2421875,0,4.12903225806452,4.12903225806452,0
id:3835,3835,9Q,PB Air,Thailand,Y,False,False,False,False,4,4,0,3,3,0,1,1,0,0.5,0.5,0,0.375,0.375,0,2.66666666666667,2.66666666666667,0
id:4691,4691,9R,SATENA,Colombia,Y,True,True,False,True,68,68,0,30,30,0,1,1,0,0.279411764705882,0.279411764705882,0,0.102508650519031,0.102508650519031,0,9.75527426160338,9.75527426160338,0
id:1073,1073,9U,Air Moldova,Moldova,Y,True,False,False,False,38,38,0,20,20,0,13,13,0,0.5,0.5,0,0.263157894736842,0.263157894736842,0,3.8,3.8,0
id:20004,20004,9V,Volotea Costa Rica,Costa Rica,Y,True,False,False,False,31,31,0,13,13,0,5,5,0,0.258064516129032,0.258064516129032,0,0.136316337148803,0.136316337148803,0,7.33587786259542,7.33587786259542,0
id:19804,19804,A2,All America,United States,Y,False,False,False,False,10,10,0,7,7,0,1,1,0,0.4,0.4,0,0.22,0.22,0,4.54545454545454,4.54545454545454,0
id:4550,4550,A4,Southern Winds Airlines,Argentina,Y,True,False,False,False,20,20,0,10,10,0,1,1,0,0.3,0.3,0,0.16,0.16,0,6.25,6.25,0
id:1203,1203,A5,Airlinair,France,Y,True,True,True,True,148,148,0,44,44,0,8,8,0,0.148648648648649,0.148648648648649,0,0.0536888239590942,0.0536888239590942,0,18.6258503401361,18.6258503401361,0
id:1392,1392,A8,Benin Golf Air,Benin,N,False,False,False,False,2,2,0,0,0,0,0,0,0,0.5,0.5,0,0.5,0.5,0,2,2,0
id:2538,2538,A9,Georgian Airways,Georgia,Y,False,False,False,False,18,18,0,10,10,0,7,7,0,0.388888888888889,0.388888888888889,0,0.197530864197531,0.197530864197531,0,5.0625,5.0625,0
id:43,43,ABJ,Abaet,Brazil,N,False,False,False,False,3,3,0,3,3,0,1,1,0,0.333333333333333,0.333333333333333,0,0.333333333333333,0.333333333333333,0,3,3,0
id:794,794,AH,Air Algerie,Algeria,Y,True,True,True,True,226,226,0,63,63,0,26,26,0,0.252212389380531,0.252212389380531,0,0.0836400657843214,0.0836400657843214,0,11.9559925093633,11.9559925093633,0
id:576,576,AK,AirAsia,Malaysia,Y,True,True,True,True,180,180,0,58,58,0,15,15,0,0.305555555555556,0.305555555555556,0,0.114444444444444,0.114444444444444,0,8.7378640776699,8.7378640776699,0
id:16960,16960,AW,Asian Wings Airways,Burma,Y,False,False,False,False,6,6,0,4,4,0,2,2,0,0.5,0.5,0,0.333333333333333,0.333333333333333,0,3,3,0
id:2395,2395,B5,Flightline,United Kingdom,Y,True,False,False,False,26,26,0,14,14,0,3,3,0,0.269230769230769,0.269230769230769,0,0.130177514792899,0.130177514792899,0,7.68181818181818,7.68181818181818,0
id:3029,3029,B6,JetBlue Airways,United States,Y,True,True,True,True,399,399,0,86,86,0,22,22,0,0.160401002506266,0.160401002506266,0,0.0549933731572038,0.0549933731572038,0,18.1840091376356,18.1840091376356,0
id:543,543,B9,Air Bangladesh,Bangladesh,Y,True,False,False,False,44,44,0,14,14,0,1,1,0,0.272727272727273,0.272727272727273,0,0.134297520661157,0.134297520661157,0,7.44615384615385,7.44615384615385,0
id:4335,4335,BB,Seaborne Airlines,United States,Y,True,False,False,False,32,32,0,16,16,0,9,9,0,0.4375,0.4375,0,0.21484375,0.21484375,0,4.65454545454545,4.65454545454545,0
id:4740,4740,BC,Skymark Airlines,Japan,Y,True,True,False,True,58,58,0,14,14,0,1,1,0,0.137931034482759,0.137931034482759,0,0.0975029726516052,0.0975029726516052,0,10.2560975609756,10.2560975609756,0
id:1230,1230,BF,Aero-Service,Republic of the Congo,Y,False,False,False,False,4,4,0,3,3,0,1,1,0,0.5,0.5,0,0.375,0.375,0,2.66666666666667,2.66666666666667,0
id:1359,1359,BG,Biman Bangladesh Airlines,Bangladesh,Y,True,False,False,False,46,46,0,22,22,0,16,16,0,0.347826086956522,0.347826086956522,0,0.149338374291115,0.149338374291115,0,6.69620253164557,6.69620253164557,0
id:2692,2692,BH,Hawkair,Canada,Y,False,False,False,False,8,8,0,4,4,0,1,1,0,0.375,0.375,0,0.28125,0.28125,0,3.55555555555556,3.55555555555556,0
id:4255,4255,BI,Royal Brunei Airlines,Brunei,Y,True,False,False,False,30,30,0,17,17,0,12,12,0,0.433333333333333,0.433333333333333,0,0.208888888888889,0.208888888888889,0,4.78723404255319,4.78723404255319,0
id:3740,3740,BJ,Nouvel Air Tunisie,Tunisia,Y,True,False,False,False,35,35,0,16,16,0,5,5,0,0.171428571428571,0.171428571428571,0,0.0971428571428571,0.0971428571428571,0,10.2941176470588,10.2941176470588,0
id:4026,4026,BK,Potomac Air,United States,Y,True,True,True,True,106,106,0,38,38,0,2,2,0,0.169811320754717,0.169811320754717,0,0.0656817372730509,0.0656817372730509,0,15.2249322493225,15.2249322493225,0
id:3850,3850,BL,Jetstar Pacific,Vietnam,Y,False,False,False,False,18,18,0,8,8,0,1,1,0,0.388888888888889,0.388888888888889,0,0.209876543209877,0.209876543209877,0,4.76470588235294,4.76470588235294,0
id:312,312,BM,Air Sicilia,Italy,Y,True,False,False,False,34,34,0,20,20,0,8,8,0,0.176470588235294,0.176470588235294,0,0.0830449826989619,0.0830449826989619,0,12.0416666666667,12.0416666666667,0
id:683,683,BP,Air Botswana,Botswana,Y,True,False,False,False,24,24,0,8,8,0,4,4,0,0.291666666666667,0.291666666666667,0,0.173611111111111,0.173611111111111,0,5.76,5.76,0
id:16508,16508,BU,Baikotovitchestrian Airlines ,American Samoa,Y,True,False,False,False,41,41,0,19,19,0,2,2,0,0.195121951219512,0.195121951219512,0,0.0838786436644854,0.0838786436644854,0,11.9219858156028,11.9219858156028,0
id:1463,1463,BV,Blue Panorama Airlines,Italy,Y,True,False,False,False,49,49,0,21,21,0,6,6,0,0.183673469387755,0.183673469387755,0,0.0895460224906289,0.0895460224906289,0,11.1674418604651,11.1674418604651,0
id:1663,1663,BW,Caribbean Airlines,Trinidad and Tobago,Y,True,True,False,True,64,64,0,19,19,0,14,14,0,0.21875,0.21875,0,0.10302734375,0.10302734375,0,9.70616113744076,9.70616113744076,0
id:5982,5982,BX,Air Busan,Republic of Korea,Y,True,False,False,False,28,28,0,15,15,0,8,8,0,0.5,0.5,0,0.267857142857143,0.267857142857143,0,3.73333333333334,3.73333333333334,0
id:1750,1750,C8,Chicago Express,United States,N,False,False,False,False,8,8,0,4,4,0,3,3,0,0.375,0.375,0,0.28125,0.28125,0,3.55555555555556,3.55555555555556,0
id:221,221,CC,Air Atlanta Icelandic,Iceland,Y,False,False,False,False,13,13,0,5,5,0,2,2,0,0.307692307692308,0.307692307692308,0,0.230769230769231,0.230769230769231,0,4.33333333333333,4.33333333333333,0
id:3613,3613,CE,Nationwide Airlines,South Africa,Y,False,False,False,False,10,10,0,7,7,0,1,1,0,0.2,0.2,0,0.16,0.16,0,6.25,6.25,0
id:1308,1308,CG,Airlines PNG,Papua New Guinea,Y,True,True,False,True,73,73,0,20,20,0,2,2,0,0.178082191780822,0.178082191780822,0,0.0842559579658473,0.0842559579658473,0,11.8685968819599,11.8685968819599,0
id:9829,9829,CN,Canadian National Airways,Canada,Y,False,False,False,False,10,10,0,5,5,0,1,1,0,0.5,0.5,0,0.3,0.3,0,3.33333333333333,3.33333333333333,0
id:20270,20270,D2,Severstal Air Company,Russia,Y,False,False,False,False,18,18,0,10,10,0,2,2,0,0.388888888888889,0.388888888888889,0,0.197530864197531,0.197530864197531,0,5.0625,5.0625,0
id:1966,1966,D3,Daallo Airlines,Djibouti,Y,False,False,False,False,6,6,0,4,4,0,3,3,0,0.333333333333333,0.333333333333333,0,0.277777777777778,0.277777777777778,0,3.6,3.6,0
id:2881,2881,D6,Interair South Africa,South Africa,Y,False,False,False,False,2,2,0,2,2,0,2,2,0,0.5,0.5,0,0.5,0.5,0,2,2,0
id:2417,2417,D7,AirAsia X,Malaysia,Y,True,False,False,False,36,36,0,19,19,0,9,9,0,0.5,0.5,0,0.263888888888889,0.263888888888889,0,3.78947368421053,3.78947368421053,0
id:3674,3674,DD,Nok Air,Thailand,Y,True,False,False,False,46,46,0,23,23,0,2,2,0,0.478260869565217,0.478260869565217,0,0.241965973534972,0.241965973534972,0,4.1328125,4.1328125,0
id:4475,4475,DG,South East Asian Airlines,Philippines,Y,True,False,False,False,22,22,0,11,11,0,4,4,0,0.272727272727273,0.272727272727273,0,0.148760330578512,0.148760330578512,0,6.72222222222222,6.72222222222222,0
id:10128,10128,DH,Dennis Sky,Israel,Y,False,False,False,False,13,13,0,7,7,0,7,7,0,0.230769230769231,0.230769230769231,0,0.159763313609467,0.159763313609467,0,6.25925925925926,6.25925925925926,0
id:17094,17094,DN,Senegal Airlines,Senegal,Y,True,False,False,False,32,32,0,15,15,0,13,13,0,0.28125,0.28125,0,0.1328125,0.1328125,0,7.52941176470588,7.52941176470588,0
id:5133,5133,DT,TAAG Angola Airlines,Angola,Y,True,True,False,True,71,71,0,28,28,0,13,13,0,0.352112676056338,0.352112676056338,0,0.145804403888117,0.145804403888117,0,6.85850340136054,6.85850340136054,0
id:4840,4840,DV,Scat Air,Kazakhstan,Y,True,True,False,True,78,78,0,26,26,0,6,6,0,0.192307692307692,0.192307692307692,0,0.0910585141354372,0.0910585141354372,0,10.9819494584838,10.9819494584838,0
id:1954,1954,DX,DAT Danish Air Transport,Denmark,Y,False,False,False,False,16,16,0,9,9,0,2,2,0,0.1875,0.1875,0,0.140625,0.140625,0,7.11111111111111,7.11111111111111,0
id:11963,11963,DZ,Starline.kz,Kazakhstan,Y,False,False,False,False,4,4,0,3,3,0,1,1,0,0.5,0.5,0,0.375,0.375,0,2.66666666666667,2.66666666666667,0
id:20047,20047,E2,Eagle Atlantic Airlines,Ghana,Y,False,False,False,False,12,12,0,5,5,0,5,5,0,0.333333333333333,0.333333333333333,0,0.236111111111111,0.236111111111111,0,4.23529411764706,4.23529411764706,0
id:16963,16963,E5,Air Arabia Egypt,Egypt,Y,False,False,False,False,10,10,0,6,6,0,4,4,0,0.5,0.5,0,0.3,0.3,0,3.33333333333333,3.33333333333333,0
id:2217,2217,E7,Estafeta Carga Aerea,Mexico,N,False,False,False,False,4,4,0,3,3,0,2,2,0,0.5,0.5,0,0.375,0.375,0,2.66666666666667,2.66666666666667,0
id:20160,20160,E8,City Airways,Thailand,Y,False,False,False,False,6,6,0,4,4,0,2,2,0,0.5,0.5,0,0.333333333333333,0.333333333333333,0,3,3,0
id:11806,11806,E9,Compagnie Africaine d\\'Aviation,Congo (Kinshasa),Y,False,False,False,False,4,4,0,3,3,0,3,3,0,0.5,0.5,0,0.375,0.375,0,2.66666666666667,2.66666666666667,0
code:EB,,EB,,,,False,False,False,False,5,5,0,4,4,0,3,3,0,0.6,0.6,0,0.44,0.44,0,2.27272727272727,2.27272727272727,0
id:2324,2324,EF,Far Eastern Air Transport,Taiwan,Y,False,False,False,False,8,8,0,5,5,0,1,1,0,0.5,0.5,0,0.3125,0.3125,0,3.2,3.2,0
id:2989,2989,EG,Japan Asia Airways,Japan,Y,False,False,False,False,9,9,0,6,6,0,3,3,0,0.333333333333333,0.333333333333333,0,0.209876543209877,0.209876543209877,0,4.76470588235294,4.76470588235294,0
id:336,336,EL,Air Nippon,Japan,Y,False,False,False,False,6,6,0,4,4,0,3,3,0,0.5,0.5,0,0.333333333333333,0.333333333333333,0,3,3,0
id:807,807,EN,Air Dolomiti,Italy,Y,False,False,False,False,12,12,0,7,7,0,2,2,0,0.333333333333333,0.333333333333333,0,0.194444444444444,0.194444444444444,0,5.14285714285714,5.14285714285714,0
id:2293,2293,EO,Express One International,United States,Y,False,False,False,False,12,12,0,8,8,0,3,3,0,0.333333333333333,0.333333333333333,0,0.180555555555556,0.180555555555556,0,5.53846153846154,5.53846153846154,0
id:2923,2923,EP,Iran Aseman Airlines,Iran,Y,True,True,True,True,169,169,0,47,47,0,10,10,0,0.153846153846154,0.153846153846154,0,0.0645985784811457,0.0645985784811457,0,15.480216802168,15.480216802168,0
id:4863,4863,EQ,TAME,Ecuador,Y,True,False,False,False,46,46,0,21,21,0,7,7,0,0.282608695652174,0.282608695652174,0,0.129489603024575,0.129489603024575,0,7.72262773722628,7.72262773722628,0
id:2193,2193,EU,Empresa Ecuatoriana De Aviacion,Ecuador,Y,True,True,False,True,76,76,0,31,31,0,1,1,0,0.289473684210526,0.289473684210526,0,0.105609418282548,0.105609418282548,0,9.46885245901639,9.46885245901639,0
id:2260,2260,EW,Eurowings,Germany,Y,False,False,False,False,1,1,0,2,2,0,2,2,0,1,1,0,1,1,0,1,1,0
id:2409,2409,F2,Fly Air,Turkey,N,False,False,False,False,14,14,0,8,8,0,2,2,0,0.428571428571429,0.428571428571429,0,0.23469387755102,0.23469387755102,0,4.26086956521739,4.26086956521739,0
id:21012,21012,F5,Fly One,Moldova,Y,False,False,False,False,5,5,0,4,4,0,1,1,0,0.4,0.4,0,0.28,0.28,0,3.57142857142857,3.57142857142857,0
id:1548,1548,FB,Bulgaria Air,Bulgaria,Y,True,True,False,True,56,56,0,26,26,0,17,17,0,0.428571428571429,0.428571428571429,0,0.201530612244898,0.201530612244898,0,4.9620253164557,4.9620253164557,0
id:4947,4947,FD,Thai AirAsia,Thailand,Y,True,True,False,True,92,92,0,37,37,0,11,11,0,0.391304347826087,0.391304347826087,0,0.170132325141777,0.170132325141777,0,5.87777777777778,5.87777777777778,0
id:4044,4044,FE,Primaris Airlines,United States,N,False,False,False,False,18,18,0,10,10,0,2,2,0,0.222222222222222,0.222222222222222,0,0.123456790123457,0.123456790123457,0,8.1,8.1,0
id:125,125,FG,Ariana Afghan Airlines,Afghanistan,Y,True,False,False,False,22,22,0,11,11,0,8,8,0,0.318181818181818,0.318181818181818,0,0.161157024793388,0.161157024793388,0,6.20512820512821,6.20512820512821,0
id:2835,2835,FI,Icelandair,Iceland,Y,True,True,False,True,53,53,0,28,28,0,13,13,0,0.471698113207547,0.471698113207547,0,0.233179067283731,0.233179067283731,0,4.28854961832061,4.28854961832061,0
id:476,476,FO,Airlines Of Tasmania,Australia,Y,True,False,False,False,34,34,0,14,14,0,5,5,0,0.205882352941176,0.205882352941176,0,0.124567474048443,0.124567474048443,0,8.02777777777778,8.02777777777778,0
id:4296,4296,FR,Ryanair,Ireland,Y,True,True,True,True,2484,2484,0,176,176,0,29,29,0,0.0499194847020934,0.0499194847020934,0,0.0136918144077004,0.0136918144077004,0,73.0363391018205,73.0363391018205,0
id:4513,4513,FS,Servicios de Transportes A,Argentina,Y,False,False,False,False,17,17,0,7,7,0,4,4,0,0.235294117647059,0.235294117647059,0,0.169550173010381,0.169550173010381,0,5.89795918367347,5.89795918367347,0
id:641,641,FV,Rossiya-Russian Airlines,Russia,Y,False,False,False,False,5,5,0,4,4,0,2,2,0,0.6,0.6,0,0.44,0.44,0,2.27272727272727,2.27272727272727,0
id:2826,2826,FW,Ibex Airlines,Japan,Y,True,False,False,False,32,32,0,11,11,0,1,1,0,0.1875,0.1875,0,0.119140625,0.119140625,0,8.39344262295082,8.39344262295082,0
id:2353,2353,FY,Firefly,Malaysia,Y,True,False,False,False,40,40,0,16,16,0,4,4,0,0.275,0.275,0,0.1325,0.1325,0,7.54716981132075,7.54716981132075,0
id:14485,14485,FZ,Fly Dubai,United Arab Emirates,Y,True,True,True,True,146,146,0,65,65,0,35,35,0,0.335616438356164,0.335616438356164,0,0.144023268905986,0.144023268905986,0,6.94332247557003,6.94332247557003,0
id:1790,1790,G3,City Connexion Airlines,Burundi,Y,True,True,True,True,332,332,0,68,68,0,10,10,0,0.120481927710843,0.120481927710843,0,0.0432573668166642,0.0432573668166642,0,23.1174496644295,23.1174496644295,0
id:35,35,G4,Allegiant Air,United States,Y,True,True,True,True,378,378,0,95,95,0,1,1,0,0.124338624338624,0.124338624338624,0,0.0497186528932561,0.0497186528932561,0,20.1131756756757,20.1131756756757,0
id:15837,15837,G5,Huaxia,China,Y,True,True,False,True,90,90,0,36,36,0,1,1,0,0.188888888888889,0.188888888888889,0,0.0644444444444444,0.0644444444444444,0,15.5172413793103,15.5172413793103,0
id:2575,2575,G8,Go Air,India,Y,True,True,False,True,77,77,0,21,21,0,1,1,0,0.194805194805195,0.194805194805195,0,0.0909090909090909,0.0909090909090909,0,11,11,0
id:329,329,G9,Air Arabia,United Arab Emirates,Y,True,True,True,True,128,128,0,65,65,0,23,23,0,0.5,0.5,0,0.25390625,0.25390625,0,3.93846153846154,3.93846153846154,0
id:14118,14118,GK,Genesis,Pakistan,Y,True,False,False,False,28,28,0,10,10,0,1,1,0,0.285714285714286,0.285714285714286,0,0.150510204081633,0.150510204081633,0,6.64406779661017,6.64406779661017,0
id:921,921,GL,Air Greenland,Denmark,Y,True,True,False,True,56,56,0,21,21,0,3,3,0,0.125,0.125,0,0.0701530612244898,0.0701530612244898,0,14.2545454545455,14.2545454545455,0
id:1492,1492,GQ,Big Sky Airlines,United States,N,True,False,False,False,36,36,0,20,20,0,1,1,0,0.138888888888889,0.138888888888889,0,0.0725308641975309,0.0725308641975309,0,13.7872340425532,13.7872340425532,0
id:508,508,GR,Aurigny Air Services,United Kingdom,Y,True,False,False,False,20,20,0,10,10,0,4,4,0,0.4,0.4,0,0.205,0.205,0,4.8780487804878,4.8780487804878,0
id:690,690,GS,Air Foyle,United Kingdom,Y,True,True,True,True,358,358,0,91,91,0,2,2,0,0.0754189944134078,0.0754189944134078,0,0.0267625854374083,0.0267625854374083,0,37.3655976676385,37.3655976676385,0
id:386,386,GV,Aero Flight,Germany,Y,True,False,False,False,26,26,0,21,21,0,1,1,0,0.115384615384615,0.115384615384615,0,0.0680473372781065,0.0680473372781065,0,14.695652173913,14.695652173913,0
id:9620,9620,GY,Gabon Airlines,Gabon,Y,False,False,False,False,2,2,0,2,2,0,2,2,0,0.5,0.5,0,0.5,0.5,0,2,2,0
id:4737,4737,H2,Sky Airline,Chile,Y,True,False,False,False,49,49,0,16,16,0,4,4,0,0.204081632653061,0.204081632653061,0,0.092877967513536,0.092877967513536,0,10.7668161434978,10.7668161434978,0
id:2094,2094,H7,Eagle Air,Uganda,Y,False,False,False,False,2,2,0,2,2,0,1,1,0,0.5,0.5,0,0.5,0.5,0,2,2,0
id:2765,2765,HD,Hokkaido International Airlines,Japan,Y,True,False,False,False,26,26,0,14,14,0,1,1,0,0.307692307692308,0.307692307692308,0,0.165680473372781,0.165680473372781,0,6.03571428571428,6.03571428571428,0
id:2682,2682,HF,Hapagfly,Germany,Y,True,False,False,False,25,25,0,12,12,0,11,11,0,0.32,0.32,0,0.1552,0.1552,0,6.44329896907217,6.44329896907217,0
id:3661,3661,HG,Niki,Austria,Y,True,True,True,True,111,111,0,46,46,0,16,16,0,0.351351351351351,0.351351351351351,0,0.140491843194546,0.140491843194546,0,7.11785095320624,7.11785095320624,0
id:9784,9784,HK,Yangon Airways,Burma,Y,False,False,False,False,6,6,0,4,4,0,3,3,0,0.5,0.5,0,0.333333333333333,0.333333333333333,0,3,3,0
id:16707,16707,HN,Hankook Airline,South Korea,Y,False,False,False,False,6,6,0,4,4,0,1,1,0,0.5,0.5,0,0.333333333333333,0.333333333333333,0,3,3,0
id:3081,3081,HO,Juneyao Airlines,China,Y,True,True,True,True,145,145,0,52,52,0,7,7,0,0.23448275862069,0.23448275862069,0,0.0916527942925089,0.0916527942925089,0,10.9107420861443,10.9107420861443,0
id:2684,2684,HQ,Harmony Airways,Canada,N,True,True,False,True,88,88,0,39,39,0,12,12,0,0.295454545454545,0.295454545454545,0,0.110537190082645,0.110537190082645,0,9.04672897196262,9.04672897196262,0
id:1769,1769,HR,China United Airlines,China,Y,False,False,False,False,2,2,0,2,2,0,2,2,0,0.5,0.5,0,0.5,0.5,0,2,2,0
code:HS,,HS,,,,False,False,False,False,18,18,0,10,10,0,1,1,0,0.166666666666667,0.166666666666667,0,0.111111111111111,0.111111111111111,0,9,9,0
id:5039,5039,HV,Transavia Holland,Netherlands,Y,True,True,True,True,233,233,0,80,80,0,20,20,0,0.231759656652361,0.231759656652361,0,0.0812135054983514,0.0812135054983514,0,12.3132229530506,12.3132229530506,0
id:2748,2748,HW,Hello,Switzerland,Y,False,False,False,False,10,10,0,6,6,0,1,1,0,0.2,0.2,0,0.18,0.18,0,5.55555555555555,5.55555555555555,0
id:2773,2773,HX,Hong Kong Airlines,Hong Kong SAR of China,Y,True,False,False,False,49,49,0,26,26,0,7,7,0,0.489795918367347,0.489795918367347,0,0.250312369845897,0.250312369845897,0,3.99500831946755,3.99500831946755,0
id:4808,4808,HZ,Sat Airlines,Kazakhstan,Y,False,False,False,False,11,11,0,7,7,0,4,4,0,0.363636363636364,0.363636363636364,0,0.206611570247934,0.206611570247934,0,4.84,4.84,0
id:19944,19944,I4,International AirLink,Jamaica,Y,False,False,False,False,2,2,0,2,2,0,1,1,0,0.5,0.5,0,0.5,0.5,0,2,2,0
id:10955,10955,I6,MexicanaLink,Mexico,Y,True,False,False,False,20,20,0,8,8,0,1,1,0,0.35,0.35,0,0.195,0.195,0,5.12820512820513,5.12820512820513,0
id:18828,18828,I8,IzAvia,Russia,Y,False,False,False,False,8,8,0,5,5,0,1,1,0,0.375,0.375,0,0.25,0.25,0,4,4,0
id:2896,2896,ID,Interlink Airlines,South Africa,Y,False,False,False,False,16,16,0,9,9,0,1,1,0,0.5,0.5,0,0.28125,0.28125,0,3.55555555555556,3.55555555555556,0
id:4797,4797,IE,Solomon Airlines,Solomon Islands,Y,True,True,False,True,54,54,0,19,19,0,4,4,0,0.333333333333333,0.333333333333333,0,0.142661179698217,0.142661179698217,0,7.00961538461539,7.00961538461539,0
id:10121,10121,IL,Illinois Airways,United States,N,True,False,False,False,22,22,0,14,14,0,1,1,0,0.272727272727273,0.272727272727273,0,0.119834710743802,0.119834710743802,0,8.3448275862069,8.3448275862069,0
id:2951,2951,IOS,Isles of Scilly Skybus,United Kingdom,N,True,True,False,True,72,72,0,32,32,0,7,7,0,0.138888888888889,0.138888888888889,0,0.058641975308642,0.058641975308642,0,17.0526315789474,17.0526315789474,0
id:2922,2922,IR,Iran Air,Iran,Y,True,True,True,True,182,182,0,52,52,0,23,23,0,0.120879120879121,0.120879120879121,0,0.0550658133075715,0.0550658133075715,0,18.1600877192982,18.1600877192982,0
id:569,569,IX,Air India Express,India,Y,True,True,False,True,76,76,0,21,21,0,9,9,0,0.157894736842105,0.157894736842105,0,0.0765235457063712,0.0765235457063712,0,13.0678733031674,13.0678733031674,0
id:231,231,IZ,Arkia Israel Airlines,Israel,Y,True,False,False,False,20,20,0,10,10,0,7,7,0,0.35,0.35,0,0.18,0.18,0,5.55555555555556,5.55555555555556,0
id:3734,3734,J3,Northwestern Air,Canada,Y,False,False,False,False,18,18,0,8,8,0,1,1,0,0.222222222222222,0.222222222222222,0,0.148148148148148,0.148148148148148,0,6.75,6.75,0
id:10737,10737,J4,ALAK,Russia,Y,False,False,False,False,8,8,0,5,5,0,1,1,0,0.5,0.5,0,0.3125,0.3125,0,3.2,3.2,0
id:10912,10912,J5,Alaska Seaplane Service,United States,Y,False,False,False,False,11,11,0,7,7,0,1,1,0,0.454545454545455,0.454545454545455,0,0.272727272727273,0.272727272727273,0,3.66666666666667,3.66666666666667,0
id:1508,1508,J8,Berjaya Air,Malaysia,Y,False,False,False,False,4,4,0,3,3,0,2,2,0,0.5,0.5,0,0.375,0.375,0,2.66666666666667,2.66666666666667,0
id:2993,2993,J9,Jazeera Airways,Kuwait,Y,True,False,False,False,30,30,0,16,16,0,10,10,0,0.5,0.5,0,0.266666666666667,0.266666666666667,0,3.75,3.75,0
id:132,132,JA,Air Bosna,Bosnia and Herzegovina,Y,False,False,False,False,10,10,0,6,6,0,5,5,0,0.4,0.4,0,0.24,0.24,0,4.16666666666667,4.16666666666667,0
id:2731,2731,JB,Helijet,Canada,Y,False,False,False,False,2,2,0,2,2,0,1,1,0,0.5,0.5,0,0.5,0.5,0,2,2,0
id:6557,6557,JD,Japan Air System,Japan,Y,True,True,True,True,214,214,0,49,49,0,1,1,0,0.0794392523364486,0.0794392523364486,0,0.0385186479168486,0.0385186479168486,0,25.9614512471655,25.9614512471655,0
id:3393,3393,JE,Mango,South Africa,Y,False,False,False,False,18,18,0,8,8,0,2,2,0,0.277777777777778,0.277777777777778,0,0.191358024691358,0.191358024691358,0,5.2258064516129,5.2258064516129,0
id:13200,13200,JH,Fuji Dream Airlines,Japan,Y,False,False,False,False,18,18,0,10,10,0,1,1,0,0.333333333333333,0.333333333333333,0,0.166666666666667,0.166666666666667,0,6,6,0
id:2264,2264,JN,Excel Airways,United Kingdom,Y,False,False,False,False,8,8,0,6,6,0,2,2,0,0.375,0.375,0,0.21875,0.21875,0,4.57142857142857,4.57142857142857,0
id:83,83,JP,Adria Airways,Slovenia,Y,True,False,False,False,40,40,0,18,18,0,17,17,0,0.425,0.425,0,0.205,0.205,0,4.87804878048781,4.87804878048781,0
id:3052,3052,JQ,Jetstar Airways,Australia,Y,True,True,True,True,163,163,0,33,33,0,8,8,0,0.141104294478528,0.141104294478528,0,0.067409386879446,0.067409386879446,0,14.8347292015634,14.8347292015634,0
id:998,998,JS,Air Koryo,Democratic People's Republic of Korea,Y,False,False,False,False,8,8,0,5,5,0,4,4,0,0.5,0.5,0,0.3125,0.3125,0,3.2,3.2,0
id:19582,19582,JU,Air Serbia,Serbia,Y,True,True,False,True,77,77,0,41,41,0,28,28,0,0.428571428571429,0.428571428571429,0,0.192781244729297,0.192781244729297,0,5.18722659667542,5.18722659667542,0
id:1434,1434,JV,Bearskin Lake Air Service,Canada,Y,True,False,False,False,39,39,0,14,14,0,1,1,0,0.128205128205128,0.128205128205128,0,0.0848126232741617,0.0848126232741617,0,11.7906976744186,11.7906976744186,0
id:397,397,JW,Arrow Air,United States,Y,False,False,False,False,8,8,0,5,5,0,3,3,0,0.5,0.5,0,0.3125,0.3125,0,3.2,3.2,0
id:14849,14849,JY,Aereonautica militare,Italy,Y,True,False,False,False,28,28,0,12,12,0,6,6,0,0.357142857142857,0.357142857142857,0,0.170918367346939,0.170918367346939,0,5.85074626865672,5.85074626865672,0
id:2245,2245,K2,Eurolot,Poland,Y,True,False,False,False,36,36,0,17,17,0,8,8,0,0.194444444444444,0.194444444444444,0,0.0895061728395062,0.0895061728395062,0,11.1724137931034,11.1724137931034,0
id:20963,20963,K3,Atlantic Air Cargo,United States,N,False,False,False,False,5,5,0,4,4,0,1,1,0,0.4,0.4,0,0.28,0.28,0,3.57142857142857,3.57142857142857,0
id:10765,10765,K5,SeaPort Airlines,United States,Y,True,False,False,False,39,39,0,21,21,0,1,1,0,0.102564102564103,0.102564102564103,0,0.0571992110453649,0.0571992110453649,0,17.4827586206897,17.4827586206897,0
id:13899,13899,K6,Cambodia Angkor Air (K6),Cambodia,Y,True,False,False,False,22,22,0,8,8,0,4,4,0,0.318181818181818,0.318181818181818,0,0.190082644628099,0.190082644628099,0,5.26086956521739,5.26086956521739,0
id:11808,11808,K8,Zambia Skyways,Zambia,Y,False,False,False,False,8,8,0,5,5,0,1,1,0,0.5,0.5,0,0.3125,0.3125,0,3.2,3.2,0
id:2058,2058,KB,Druk Air,Bhutan,Y,True,False,False,False,20,20,0,9,9,0,6,6,0,0.25,0.25,0,0.14,0.14,0,7.14285714285714,7.14285714285714,0
id:995,995,KK,Atlasjet,Turkey,Y,True,False,False,False,32,32,0,14,14,0,7,7,0,0.375,0.375,0,0.1796875,0.1796875,0,5.56521739130435,5.56521739130435,0
id:10741,10741,KN,China United,China,Y,True,True,False,True,98,98,0,48,48,0,1,1,0,0.408163265306122,0.408163265306122,0,0.176176593086214,0.176176593086214,0,5.67612293144208,5.67612293144208,0
id:109,109,KO,Alaska Central Express,United States,Y,False,False,False,False,2,2,0,2,2,0,1,1,0,0.5,0.5,0,0.5,0.5,0,2,2,0
id:1844,1844,KR,Comores Airlines,Comoros,Y,True,False,False,False,22,22,0,9,9,0,3,3,0,0.318181818181818,0.318181818181818,0,0.173553719008264,0.173553719008264,0,5.76190476190476,5.76190476190476,0
id:3935,3935,KS,Peninsula Airways,United States,Y,True,False,False,False,28,28,0,14,14,0,1,1,0,0.321428571428571,0.321428571428571,0,0.145408163265306,0.145408163265306,0,6.87719298245614,6.87719298245614,0
id:3179,3179,KU,Kuwait Airways,Kuwait,Y,True,True,False,True,79,79,0,39,39,0,28,28,0,0.417721518987342,0.417721518987342,0,0.184425572824868,0.184425572824868,0,5.42224152910513,5.42224152910513,0
id:1682,1682,KX,Cayman Airways,Cayman Islands,Y,True,False,False,False,23,23,0,11,11,0,5,5,0,0.391304347826087,0.391304347826087,0,0.194706994328922,0.194706994328922,0,5.13592233009709,5.13592233009709,0
id:13704,13704,KY,KSY,Greece,Y,True,True,False,True,50,50,0,21,21,0,1,1,0,0.34,0.34,0,0.1424,0.1424,0,7.02247191011236,7.02247191011236,0
id:16942,16942,L6,Mauritania Airlines International,Mauritania,Y,True,False,False,False,30,30,0,13,13,0,10,10,0,0.166666666666667,0.166666666666667,0,0.1,0.1,0,10,10,0
id:5354,5354,LC,Varig Log,Brazil,Y,False,False,False,False,14,14,0,5,5,0,4,4,0,0.285714285714286,0.285714285714286,0,0.214285714285714,0.214285714285714,0,4.66666666666667,4.66666666666667,0
id:2419,2419,LF,FlyNordic,Sweden,Y,False,False,False,False,4,4,0,3,3,0,2,2,0,0.5,0.5,0,0.375,0.375,0,2.66666666666667,2.66666666666667,0
id:3251,3251,LI,Leeward Islands Air Transport,Antigua and Barbuda,Y,True,True,False,True,62,62,0,19,19,0,17,17,0,0.145161290322581,0.145161290322581,0,0.0806451612903226,0.0806451612903226,0,12.4,12.4,0
id:9810,9810,LJ,Jin Air,South Korea,Y,True,False,False,False,26,26,0,15,15,0,9,9,0,0.423076923076923,0.423076923076923,0,0.20414201183432,0.20414201183432,0,4.89855072463768,4.89855072463768,0
id:3287,3287,LM,Linhas A,Mozambique,Y,True,False,False,False,20,20,0,7,7,0,1,1,0,0.3,0.3,0,0.185,0.185,0,5.4054054054054,5.4054054054054,0
id:3258,3258,LN,Libyan Arab Airlines,Libya,Y,True,True,False,True,62,62,0,20,20,0,10,10,0,0.306451612903226,0.306451612903226,0,0.136316337148803,0.136316337148803,0,7.33587786259542,7.33587786259542,0
id:3026,3026,LS,Jet2.com,United Kingdom,Y,True,True,True,True,302,302,0,46,46,0,16,16,0,0.115894039735099,0.115894039735099,0,0.0483531424060348,0.0483531424060348,0,20.681179138322,20.681179138322,0
id:19610,19610,LT,Air Lituanica,Lithuania,Y,False,False,False,False,12,12,0,7,7,0,6,6,0,0.5,0.5,0,0.291666666666667,0.291666666666667,0,3.42857142857143,3.42857142857143,0
id:1008,1008,LV,Albanian Airlines,Albania,Y,False,False,False,False,4,4,0,3,3,0,2,2,0,0.5,0.5,0,0.375,0.375,0,2.66666666666667,2.66666666666667,0
id:2150,2150,LY,El Al Israel Airlines,Israel,Y,True,True,False,True,73,73,0,37,37,0,26,26,0,0.493150684931507,0.493150684931507,0,0.250516044285982,0.250516044285982,0,3.99176029962547,3.99176029962547,0
id:42,42,M3,ABSA - Aerolinhas Brasileiras,Brazil,Y,False,False,False,False,6,6,0,4,4,0,2,2,0,0.5,0.5,0,0.333333333333333,0.333333333333333,0,3,3,0
id:15893,15893,M4,Marysya Airlines,Russia,Y,False,False,False,False,19,19,0,9,9,0,2,2,0,0.368421052631579,0.368421052631579,0,0.191135734072022,0.191135734072022,0,5.23188405797101,5.23188405797101,0
id:3123,3123,M5,Kenmore Air,United States,Y,False,False,False,False,5,5,0,4,4,0,1,1,0,0.4,0.4,0,0.28,0.28,0,3.57142857142857,3.57142857142857,0
id:246,246,M6,Amerijet International,United States,N,False,False,False,False,7,7,0,6,6,0,1,1,0,0.285714285714286,0.285714285714286,0,0.26530612244898,0.26530612244898,0,3.76923076923077,3.76923076923077,0
id:3547,3547,M9,Motor Sich,Ukraine,Y,False,False,False,False,6,6,0,4,4,0,2,2,0,0.333333333333333,0.333333333333333,0,0.277777777777778,0.277777777777778,0,3.6,3.6,0
id:5484,5484,MF,Xiamen Airlines,China,Y,True,True,True,True,386,386,0,62,62,0,9,9,0,0.119170984455959,0.119170984455959,0,0.0418937421138823,0.0418937421138823,0,23.8699134892663,23.8699134892663,0
id:4750,4750,MI,SilkAir,Singapore,Y,True,True,False,True,91,91,0,44,44,0,13,13,0,0.472527472527473,0.472527472527473,0,0.230527714044198,0.230527714044198,0,4.33787323205867,4.33787323205867,0
id:17675,17675,MM,Peach Aviation,Japan,Y,True,False,False,False,32,32,0,15,15,0,4,4,0,0.4375,0.4375,0,0.21875,0.21875,0,4.57142857142857,4.57142857142857,0
id:1829,1829,MN,Comair,South Africa,Y,False,False,False,False,14,14,0,6,6,0,1,1,0,0.285714285714286,0.285714285714286,0,0.204081632653061,0.204081632653061,0,4.9,4.9,0
id:13335,13335,MR,Homer Air,Germany,Y,False,False,False,False,19,19,0,11,11,0,4,4,0,0.368421052631579,0.368421052631579,0,0.191135734072022,0.191135734072022,0,5.23188405797101,5.23188405797101,0
id:3437,3437,MW,Maya Island Air,Belize,Y,False,False,False,False,19,19,0,8,8,0,1,1,0,0.315789473684211,0.315789473684211,0,0.174515235457064,0.174515235457064,0,5.73015873015873,5.73015873015873,0
id:3498,3498,MY,Midwest Airlines (Egypt),Egypt,Y,False,False,False,False,2,2,0,2,2,0,1,1,0,0.5,0.5,0,0.5,0.5,0,2,2,0
id:3783,3783,N3,Omskavia Airline,Russia,N,False,False,False,False,4,4,0,3,3,0,3,3,0,0.5,0.5,0,0.375,0.375,0,2.66666666666667,2.66666666666667,0
id:3574,3574,NHG,NHT Lineas Aereas,Brazil,N,True,False,False,False,31,31,0,15,15,0,1,1,0,0.129032258064516,0.129032258064516,0,0.0842872008324662,0.0842872008324662,0,11.8641975308642,11.8641975308642,0
id:4687,4687,NK,Spirit Airlines,United States,Y,True,True,True,True,242,242,0,54,54,0,18,18,0,0.173553719008264,0.173553719008264,0,0.0604125401270405,0.0604125401270405,0,16.5528547201809,16.5528547201809,0
id:4311,4311,NL,Shaheen Air International,Pakistan,Y,True,True,False,True,64,64,0,19,19,0,6,6,0,0.15625,0.15625,0,0.08349609375,0.08349609375,0,11.9766081871345,11.9766081871345,0
id:17083,17083,NP,Nile Air,Egypt,Y,False,False,False,False,16,16,0,8,8,0,3,3,0,0.3125,0.3125,0,0.1953125,0.1953125,0,5.12,5.12,0
id:16136,16136,NS,Caucasus Airlines,Georgia,Y,True,True,False,True,62,62,0,29,29,0,1,1,0,0.209677419354839,0.209677419354839,0,0.0790842872008325,0.0790842872008325,0,12.6447368421053,12.6447368421053,0
id:2990,2990,NU,Japan Transocean Air,Japan,Y,True,False,False,False,22,22,0,10,10,0,1,1,0,0.363636363636364,0.363636363636364,0,0.18595041322314,0.18595041322314,0,5.37777777777778,5.37777777777778,0
id:896,896,NY,Air Iceland,Iceland,Y,False,False,False,False,8,8,0,5,5,0,2,2,0,0.5,0.5,0,0.3125,0.3125,0,3.2,3.2,0
code:O4,,O4,,,,False,False,False,False,8,8,0,5,5,0,1,1,0,0.5,0.5,0,0.3125,0.3125,0,3.2,3.2,0
id:3764,3764,O6,Oceanair,Brazil,Y,True,True,True,True,104,104,0,24,24,0,1,1,0,0.182692307692308,0.182692307692308,0,0.0791420118343195,0.0791420118343195,0,12.6355140186916,12.6355140186916,0
id:462,462,OB,Astrakhan Airlines,Russia,Y,True,False,False,False,28,28,0,9,9,0,4,4,0,0.25,0.25,0,0.158163265306122,0.158163265306122,0,6.32258064516129,6.32258064516129,0
id:11794,11794,OC,Catovair,Mauritius,Y,False,False,False,False,8,8,0,5,5,0,1,1,0,0.375,0.375,0,0.25,0.25,0,4,4,0
id:18732,18732,OD,Malindo Air,Malaysia,Y,True,False,False,False,46,46,0,21,21,0,5,5,0,0.326086956521739,0.326086956521739,0,0.14461247637051,0.14461247637051,0,6.91503267973856,6.91503267973856,0
id:3826,3826,OJ,Overland Airways,Nigeria,Y,False,False,False,False,8,8,0,4,4,0,4,4,0,0.375,0.375,0,0.28125,0.28125,0,3.55555555555556,3.55555555555556,0
id:3354,3354,OM,MIAT Mongolian Airlines,Mongolia,Y,False,False,False,False,12,12,0,7,7,0,7,7,0,0.416666666666667,0.416666666666667,0,0.236111111111111,0.236111111111111,0,4.23529411764706,4.23529411764706,0
id:3618,3618,ON,Nauru Air Corporation,Nauru,Y,False,False,False,False,8,8,0,4,4,0,4,4,0,0.375,0.375,0,0.28125,0.28125,0,3.55555555555556,3.55555555555556,0
id:1299,1299,OR,Arkefly,Netherlands,Y,True,False,False,False,24,24,0,12,12,0,8,8,0,0.333333333333333,0.333333333333333,0,0.159722222222222,0.159722222222222,0,6.26086956521739,6.26086956521739,0
id:2218,2218,OV,Estonian Air,Estonia,Y,True,False,False,False,26,26,0,14,14,0,11,11,0,0.461538461538462,0.461538461538462,0,0.236686390532544,0.236686390532544,0,4.225,4.225,0
id:3811,3811,OX,Orient Thai Airlines,Thailand,Y,False,False,False,False,6,6,0,5,5,0,3,3,0,0.333333333333333,0.333333333333333,0,0.222222222222222,0.222222222222222,0,4.5,4.5,0
id:3781,3781,OY,Omni Air International,United States,Y,False,False,False,False,4,4,0,3,3,0,1,1,0,0.5,0.5,0,0.375,0.375,0,2.66666666666667,2.66666666666667,0
id:4066,4066,P0,Proflight Commuter Services,Zambia,Y,False,False,False,False,16,16,0,7,7,0,2,2,0,0.4375,0.4375,0,0.2421875,0.2421875,0,4.12903225806452,4.12903225806452,0
code:P2,,P2,,,,False,False,False,False,15,15,0,8,8,0,2,2,0,0.4,0.4,0,0.217777777777778,0.217777777777778,0,4.59183673469388,4.59183673469388,0
id:18169,18169,P4,Patriot Airways,United States,Y,True,False,False,False,21,21,0,9,9,0,3,3,0,0.333333333333333,0.333333333333333,0,0.188208616780045,0.188208616780045,0,5.31325301204819,5.31325301204819,0
code:P6,,P6,,,,True,False,False,False,38,38,0,13,13,0,1,1,0,0.184210526315789,0.184210526315789,0,0.109418282548476,0.109418282548476,0,9.13924050632912,9.13924050632912,0
id:11763,11763,P9,Peruvian Airlines,Peru,Y,False,False,False,False,16,16,0,8,8,0,1,1,0,0.375,0.375,0,0.203125,0.203125,0,4.92307692307692,4.92307692307692,0
code:PB,,PB,,,,True,False,False,False,46,46,0,18,18,0,1,1,0,0.173913043478261,0.173913043478261,0,0.0831758034026465,0.0831758034026465,0,12.0227272727273,12.0227272727273,0
id:3926,3926,PC,Pegasus Airlines,Turkey,Y,True,True,True,True,242,242,0,82,82,0,32,32,0,0.309917355371901,0.309917355371901,0,0.113107028208456,0.113107028208456,0,8.84118357487923,8.84118357487923,0
id:4021,4021,PD,Porter Airlines,Canada,Y,True,False,False,False,34,34,0,17,17,0,2,2,0,0.382352941176471,0.382352941176471,0,0.176470588235294,0.176470588235294,0,5.66666666666667,5.66666666666667,0
id:106,106,PE,Air Europe,Italy,Y,False,False,False,False,2,2,0,2,2,0,2,2,0,0.5,0.5,0,0.5,0.5,0,2,2,0
id:3969,3969,PI,Piedmont Airlines (1948-1989),United States,Y,False,False,False,False,8,8,0,5,5,0,1,1,0,0.5,0.5,0,0.3125,0.3125,0,3.2,3.2,0
id:477,477,PJ,Air Saint Pierre,France,Y,False,False,False,False,6,6,0,4,4,0,2,2,0,0.5,0.5,0,0.333333333333333,0.333333333333333,0,3,3,0
id:3871,3871,PK,Pakistan International Airlines,Pakistan,Y,True,True,True,True,242,242,0,53,53,0,23,23,0,0.12396694214876,0.12396694214876,0,0.0566559661225326,0.0566559661225326,0,17.6503918022905,17.6503918022905,0
id:179,179,PL,Aeroper,Peru,Y,False,False,False,False,14,14,0,8,8,0,1,1,0,0.5,0.5,0,0.285714285714286,0.285714285714286,0,3.5,3.5,0
id:5016,5016,PM,Tropic Air,Belize,Y,False,False,False,False,14,14,0,8,8,0,3,3,0,0.428571428571429,0.428571428571429,0,0.23469387755102,0.23469387755102,0,4.26086956521739,4.26086956521739,0
id:12978,12978,PN,West Air China,China,Y,True,True,False,True,90,90,0,35,35,0,1,1,0,0.311111111111111,0.311111111111111,0,0.12320987654321,0.12320987654321,0,8.11623246492986,8.11623246492986,0
id:14061,14061,PQ,LSM Airlines,Russia,Y,False,False,False,False,6,6,0,4,4,0,1,1,0,0.5,0.5,0,0.333333333333333,0.333333333333333,0,3,3,0
id:3834,3834,PV,PAN Air,Spain,Y,False,False,False,False,6,6,0,4,4,0,4,4,0,0.5,0.5,0,0.333333333333333,0.333333333333333,0,3,3,0
id:4031,4031,PW,Precision Air,Tanzania,Y,True,False,False,False,31,31,0,11,11,0,4,4,0,0.290322580645161,0.290322580645161,0,0.157127991675338,0.157127991675338,0,6.36423841059603,6.36423841059603,0
id:328,328,PX,Air Niugini,Papua New Guinea,Y,True,True,False,True,91,91,0,34,34,0,9,9,0,0.340659340659341,0.340659340659341,0,0.13512860765608,0.13512860765608,0,7.40035746201966,7.40035746201966,0
id:4752,4752,PY,Surinam Airways,Suriname,Y,True,False,False,False,20,20,0,9,9,0,9,9,0,0.3,0.3,0,0.155,0.155,0,6.45161290322581,6.45161290322581,0
id:5156,5156,PZ,TAM Mercosur,Paraguay,Y,False,False,False,False,18,18,0,8,8,0,6,6,0,0.277777777777778,0.277777777777778,0,0.179012345679012,0.179012345679012,0,5.58620689655172,5.58620689655172,0
id:13108,13108,Q2,Maldivian,Maldives,Y,True,False,False,False,28,28,0,11,11,0,4,4,0,0.285714285714286,0.285714285714286,0,0.135204081632653,0.135204081632653,0,7.39622641509434,7.39622641509434,0
id:18700,18700,Q3,SOCHI AIR CHATER,Russia,Y,False,False,False,False,2,2,0,2,2,0,2,2,0,0.5,0.5,0,0.5,0.5,0,2,2,0
id:10,10,Q5,40-Mile Air,United States,Y,False,False,False,False,2,2,0,0,0,0,0,0,0,0.5,0.5,0,0.5,0.5,0,2,2,0
id:753,753,Q6,Aero Condor Peru,Peru,Y,True,True,False,True,58,58,0,26,26,0,1,1,0,0.155172413793103,0.155172413793103,0,0.0564803804994055,0.0564803804994055,0,17.7052631578947,17.7052631578947,0
id:20686,20686,Q7,SkyBahamas Airlines,Bahamas,Y,False,False,False,False,10,10,0,6,6,0,2,2,0,0.4,0.4,0,0.24,0.24,0,4.16666666666667,4.16666666666667,0
id:3857,3857,Q8,Pacific East Asia Cargo Airlines,Philippines,Y,False,False,False,False,14,14,0,5,5,0,4,4,0,0.285714285714286,0.285714285714286,0,0.224489795918367,0.224489795918367,0,4.45454545454546,4.45454545454546,0
id:11838,11838,Q9,Arik Niger,Niger,Y,True,False,False,False,20,20,0,8,8,0,1,1,0,0.3,0.3,0,0.165,0.165,0,6.06060606060606,6.06060606060606,0
id:2541,2541,QB,Georgian National Airlines,Georgia,Y,False,False,False,False,4,4,0,3,3,0,1,1,0,0.5,0.5,0,0.375,0.375,0,2.66666666666667,2.66666666666667,0
id:16415,16415,QC,Camair-co,Cameroon,Y,True,False,False,False,25,25,0,13,13,0,9,9,0,0.32,0.32,0,0.1488,0.1488,0,6.72043010752688,6.72043010752688,0
id:19305,19305,QG,Citilink Indonesia,Indonesia,Y,True,True,False,True,58,58,0,21,21,0,2,2,0,0.224137931034483,0.224137931034483,0,0.108799048751486,0.108799048751486,0,9.19125683060109,9.19125683060109,0
id:882,882,QH,Air Florida,United States,Y,True,False,False,False,34,34,0,12,12,0,5,5,0,0.294117647058824,0.294117647058824,0,0.166089965397924,0.166089965397924,0,6.02083333333333,6.02083333333333,0
id:1206,1206,QL,Aero Lanka,Sri Lanka,Y,False,False,False,False,14,14,0,8,8,0,2,2,0,0.428571428571429,0.428571428571429,0,0.23469387755102,0.23469387755102,0,4.26086956521739,4.26086956521739,0
id:426,426,QN,Air Armenia,Armenia,N,False,False,False,False,16,16,0,9,9,0,4,4,0,0.5,0.5,0,0.28125,0.28125,0,3.55555555555556,3.55555555555556,0
id:5097,5097,QS,Travel Service,Czech Republic,Y,True,True,False,True,67,67,0,34,34,0,20,20,0,0.492537313432836,0.492537313432836,0,0.251058142125195,0.251058142125195,0,3.98314108251996,3.98314108251996,0
id:2104,2104,QU,East African,Uganda,Y,False,False,False,False,4,4,0,3,3,0,2,2,0,0.5,0.5,0,0.375,0.375,0,2.66666666666667,2.66666666666667,0
id:2857,2857,QZ,Indonesia AirAsia,Indonesia,Y,True,True,False,True,62,62,0,17,17,0,5,5,0,0.161290322580645,0.161290322580645,0,0.100416233090531,0.100416233090531,0,9.95854922279793,9.95854922279793,0
id:3805,3805,R2,Orenburg Airlines,Russia,Y,False,False,False,False,9,9,0,6,6,0,2,2,0,0.444444444444444,0.444444444444444,0,0.283950617283951,0.283950617283951,0,3.52173913043478,3.52173913043478,0
id:1287,1287,R3,Aircompany Yakutia,Russia,Y,True,True,False,True,73,73,0,35,35,0,9,9,0,0.219178082191781,0.219178082191781,0,0.0951398010883843,0.0951398010883843,0,10.5108481262327,10.5108481262327,0
id:622,622,R7,Aserca Airlines,Venezuela,Y,True,False,False,False,26,26,0,11,11,0,2,2,0,0.346153846153846,0.346153846153846,0,0.171597633136095,0.171597633136095,0,5.82758620689655,5.82758620689655,0
id:3637,3637,RA,Nepal Airlines,Nepal,Y,False,False,False,False,8,8,0,5,5,0,5,5,0,0.5,0.5,0,0.3125,0.3125,0,3.2,3.2,0
id:881,881,RC,Atlantic Airways,Faroe Islands,Y,False,False,False,False,9,9,0,5,5,0,3,3,0,0.444444444444444,0.444444444444444,0,0.283950617283951,0.283950617283951,0,3.52173913043478,3.52173913043478,0
id:5368,5368,RG,VRG Linhas Aereas,Brazil,Y,False,False,False,False,8,8,0,4,4,0,1,1,0,0.375,0.375,0,0.28125,0.28125,0,3.55555555555556,3.55555555555556,0
id:3391,3391,RI,Mandala Airlines,Indonesia,Y,False,False,False,False,16,16,0,8,8,0,4,4,0,0.25,0.25,0,0.15625,0.15625,0,6.4,6.4,0
id:11857,11857,RL,Royal Falcon,Jordan,Y,False,False,False,False,7,7,0,5,5,0,4,4,0,0.428571428571429,0.428571428571429,0,0.26530612244898,0.26530612244898,0,3.76923076923077,3.76923076923077,0
id:3097,3097,RQ,Kam Air,Afghanistan,Y,False,False,False,False,5,5,0,4,4,0,4,4,0,0.6,0.6,0,0.44,0.44,0,2.27272727272727,2.27272727272727,0
id:19676,19676,RX,Rainbow Air Polynesia,United States,Y,True,False,False,False,20,20,0,9,9,0,5,5,0,0.4,0.4,0,0.215,0.215,0,4.65116279069767,4.65116279069767,0
id:2226,2226,RZ,Euro Exec Express,Sweden,Y,False,False,False,False,17,17,0,9,9,0,1,1,0,0.529411764705882,0.529411764705882,0,0.307958477508651,0.307958477508651,0,3.24719101123596,3.24719101123596,0
id:4735,4735,S3,Santa Barbara Airlines,Venezuela,Y,False,False,False,False,6,6,0,4,4,0,4,4,0,0.5,0.5,0,0.333333333333333,0.333333333333333,0,3,3,0
id:4822,4822,S5,Shuttle America,United States,Y,False,False,False,False,14,14,0,15,15,0,1,1,0,0.214285714285714,0.214285714285714,0,0.102040816326531,0.102040816326531,0,9.8,9.8,0
id:10776,10776,S6,Salmon Air,United States,Y,False,False,False,False,6,6,0,4,4,0,3,3,0,0.333333333333333,0.333333333333333,0,0.277777777777778,0.277777777777778,0,3.6,3.6,0
id:17099,17099,S9,Starbow Airlines,Ghana,Y,False,False,False,False,8,8,0,5,5,0,2,2,0,0.5,0.5,0,0.3125,0.3125,0,3.2,3.2,0
id:139,139,SB,Air Caledonie International,France,Y,True,False,False,False,22,22,0,11,11,0,8,8,0,0.409090909090909,0.409090909090909,0,0.210743801652893,0.210743801652893,0,4.74509803921569,4.74509803921569,0
id:4521,4521,SD,Sudan Airways,Sudan,Y,True,False,False,False,34,34,0,17,17,0,10,10,0,0.441176470588235,0.441176470588235,0,0.219723183391003,0.219723183391003,0,4.5511811023622,4.5511811023622,0
id:5479,5479,SE,XL Airways France,France,Y,True,False,False,False,32,32,0,17,17,0,11,11,0,0.34375,0.34375,0,0.15625,0.15625,0,6.4,6.4,0
id:4375,4375,SG,Spicejet,India,Y,True,True,True,True,162,162,0,44,44,0,7,7,0,0.160493827160494,0.160493827160494,0,0.0622618503276939,0.0622618503276939,0,16.0611995104039,16.0611995104039,0
id:10675,10675,SH,Sharp Airlines,Australia,Y,False,False,False,False,10,10,0,8,8,0,1,1,0,0.2,0.2,0,0.14,0.14,0,7.14285714285714,7.14285714285714,0
id:4438,4438,SI,Skynet Airlines,Ireland,Y,True,False,False,False,20,20,0,9,9,0,6,6,0,0.4,0.4,0,0.215,0.215,0,4.65116279069767,4.65116279069767,0
id:4454,4454,SJ,Sriwijaya Air,Indonesia,Y,True,True,True,True,106,106,0,38,38,0,2,2,0,0.19811320754717,0.19811320754717,0,0.077251690993236,0.077251690993236,0,12.9447004608295,12.9447004608295,0
id:4429,4429,SP,SATA Air Acores,Portugal,Y,True,False,False,False,28,28,0,9,9,0,1,1,0,0.214285714285714,0.214285714285714,0,0.150510204081633,0.150510204081633,0,6.64406779661017,6.64406779661017,0
id:2547,2547,ST,Germania,Germany,Y,True,True,False,True,96,96,0,41,41,0,15,15,0,0.114583333333333,0.114583333333333,0,0.0457899305555556,0.0457899305555556,0,21.8388625592417,21.8388625592417,0
id:153,153,SW,Air Namibia,Namibia,Y,True,False,False,False,35,35,0,17,17,0,8,8,0,0.314285714285714,0.314285714285714,0,0.133061224489796,0.133061224489796,0,7.51533742331288,7.51533742331288,0
id:18543,18543,SX,SkyWork Airlines ,Switzerland,Y,True,False,False,False,24,24,0,13,13,0,7,7,0,0.5,0.5,0,0.270833333333333,0.270833333333333,0,3.69230769230769,3.69230769230769,0
id:4356,4356,SY,Sun Country Airlines,United States,Y,True,False,False,False,38,38,0,18,18,0,3,3,0,0.447368421052632,0.447368421052632,0,0.220221606648199,0.220221606648199,0,4.54088050314465,4.54088050314465,0
id:10122,10122,SZ,Salzburg arrows,Austria,Y,True,False,False,False,48,48,0,20,20,0,7,7,0,0.270833333333333,0.270833333333333,0,0.141493055555556,0.141493055555556,0,7.06748466257669,7.06748466257669,0
id:5083,5083,T5,Turkmenistan Airlines,Turkmenistan,Y,False,False,False,False,16,16,0,9,9,0,7,7,0,0.5,0.5,0,0.28125,0.28125,0,3.55555555555556,3.55555555555556,0
id:4965,4965,T7,Twin Jet,France,Y,True,False,False,False,22,22,0,13,13,0,3,3,0,0.181818181818182,0.181818181818182,0,0.0950413223140496,0.0950413223140496,0,10.5217391304348,10.5217391304348,0
id:4897,4897,TCX,Thomas Cook Airlines,United Kingdom,Y,True,True,True,True,125,125,0,28,28,0,12,12,0,0.128,0.128,0,0.059968,0.059968,0,16.675560298826,16.675560298826,0
id:2418,2418,TE,FlyLal,Lithuania,Y,False,False,False,False,11,11,0,6,6,0,1,1,0,0.272727272727273,0.272727272727273,0,0.206611570247934,0.206611570247934,0,4.84,4.84,0
id:18529,18529,TJ,T.J. Air,United States,Y,False,False,False,False,14,14,0,9,9,0,7,7,0,0.214285714285714,0.214285714285714,0,0.142857142857143,0.142857142857143,0,7,7,0
id:338,338,TL,Airnorth,Australia,Y,True,False,False,False,33,33,0,16,16,0,2,2,0,0.272727272727273,0.272727272727273,0,0.118457300275482,0.118457300275482,0,8.44186046511628,8.44186046511628,0
id:9541,9541,TM,Air Mozambique,Mozambique,Y,True,True,False,True,54,54,0,14,14,0,5,5,0,0.185185185185185,0.185185185185185,0,0.104252400548697,0.104252400548697,0,9.59210526315789,9.59210526315789,0
id:8745,8745,TO,Transavia France,France,Y,True,True,True,True,488,488,0,83,83,0,21,21,0,0.0881147540983607,0.0881147540983607,0,0.0314347621607095,0.0314347621607095,0,31.8119155757414,31.8119155757414,0
id:5013,5013,TOM,Thomsonfly,United Kingdom,Y,True,True,True,True,139,139,0,36,36,0,15,15,0,0.136690647482014,0.136690647482014,0,0.0634025153977538,0.0634025153977538,0,15.7722448979592,15.7722448979592,0
id:4936,4936,TR,Tiger Airways,Singapore,Y,True,True,False,True,74,74,0,38,38,0,16,16,0,0.5,0.5,0,0.256756756756757,0.256756756756757,0,3.89473684210526,3.89473684210526,0
id:4937,4937,TT,Tiger Airways Australia,Australia,Y,True,False,False,False,42,42,0,14,14,0,1,1,0,0.238095238095238,0.238095238095238,0,0.13718820861678,0.13718820861678,0,7.28925619834711,7.28925619834711,0
id:4870,4870,TU,Tunisair,Tunisia,Y,True,True,True,True,149,149,0,54,54,0,27,27,0,0.308724832214765,0.308724832214765,0,0.115535336246115,0.115535336246115,0,8.65536062378168,8.65536062378168,0
id:5333,5333,TV,Virgin Express,Belgium,Y,True,False,False,False,42,42,0,17,17,0,1,1,0,0.214285714285714,0.214285714285714,0,0.108843537414966,0.108843537414966,0,9.1875,9.1875,0
id:16624,16624,TW,Tway Airlines,South Korea,Y,False,False,False,False,16,16,0,10,10,0,5,5,0,0.3125,0.3125,0,0.15625,0.15625,0,6.4,6.4,0
id:2825,2825,TY,Iberworld,Spain,Y,True,False,False,False,23,23,0,10,10,0,1,1,0,0.347826086956522,0.347826086956522,0,0.175803402646503,0.175803402646503,0,5.68817204301075,5.68817204301075,0
id:17891,17891,TZ,Scoot,Singapore,Y,True,False,False,False,24,24,0,13,13,0,8,8,0,0.375,0.375,0,0.180555555555556,0.180555555555556,0,5.53846153846154,5.53846153846154,0
id:2297,2297,U2,easyJet,United Kingdom,Y,True,True,True,True,1130,1130,0,128,128,0,35,35,0,0.0893805309734513,0.0893805309734513,0,0.0244294776411622,0.0244294776411622,0,40.9341540039751,40.9341540039751,0
id:5234,5234,U6,Ural Airlines,Russia,Y,True,True,True,True,232,232,0,60,60,0,18,18,0,0.129310344827586,0.129310344827586,0,0.0481569560047563,0.0481569560047563,0,20.7654320987654,20.7654320987654,0
id:3721,3721,U7,Northern Dene Airways,Canada,Y,False,False,False,False,16,16,0,8,8,0,7,7,0,0.4375,0.4375,0,0.2421875,0.2421875,0,4.12903225806452,4.12903225806452,0
id:2757,2757,UD,Hex'Air,France,Y,False,False,False,False,2,2,0,2,2,0,1,1,0,0.5,0.5,0,0.5,0.5,0,2,2,0
id:3589,3589,UE,Nasair,Eritrea,Y,False,False,False,False,16,16,0,9,9,0,8,8,0,0.3125,0.3125,0,0.1640625,0.1640625,0,6.09523809523809,6.09523809523809,0
id:5085,5085,UG,Tuninter,Tunisia,Y,True,False,False,False,24,24,0,11,11,0,4,4,0,0.333333333333333,0.333333333333333,0,0.163194444444444,0.163194444444444,0,6.12765957446809,6.12765957446809,0
id:11811,11811,UJ,AlMasria Universal Airlines,Egypt,Y,True,False,False,False,32,32,0,17,17,0,6,6,0,0.25,0.25,0,0.1171875,0.1171875,0,8.53333333333333,8.53333333333333,0
id:608,608,UM,Air Zimbabwe,Zimbabwe,Y,False,False,False,False,12,12,0,4,4,0,2,2,0,0.25,0.25,0,0.25,0.25,0,4,4,0
id:2774,2774,UO,Hong Kong Express Airways,Hong Kong SAR of China,Y,True,False,False,False,20,20,0,11,11,0,7,7,0,0.5,0.5,0,0.275,0.275,0,3.63636363636364,3.63636363636364,0
id:1403,1403,UP,Bahamasair,Bahamas,Y,True,True,False,True,58,58,0,26,26,0,5,5,0,0.327586206896552,0.327586206896552,0,0.13614744351962,0.13614744351962,0,7.34497816593886,7.34497816593886,0
id:15814,15814,UR,UTair-Express,Russia,Y,True,True,False,True,74,74,0,28,28,0,2,2,0,0.0945945945945946,0.0945945945945946,0,0.0518626734842951,0.0518626734842951,0,19.2816901408451,19.2816901408451,0
id:1191,1191,UU,Air Austral,France,Y,True,False,False,False,24,24,0,12,12,0,9,9,0,0.375,0.375,0,0.180555555555556,0.180555555555556,0,5.53846153846154,5.53846153846154,0
id:1611,1611,UY,Cameroon Airlines,Cameroon,N,False,False,False,False,4,4,0,3,3,0,2,2,0,0.5,0.5,0,0.375,0.375,0,2.66666666666667,2.66666666666667,0
id:1886,1886,V0,Conviasa,Venezuela,Y,True,True,False,True,78,78,0,32,32,0,11,11,0,0.294871794871795,0.294871794871795,0,0.120973044049967,0.120973044049967,0,8.26630434782609,8.26630434782609,0
id:1669,1669,V3,Carpatair,Romania,Y,False,False,False,False,6,6,0,4,4,0,3,3,0,0.333333333333333,0.333333333333333,0,0.277777777777778,0.277777777777778,0,3.6,3.6,0
id:4165,4165,V4,Reem Air,Kyrgyzstan,N,False,False,False,False,2,2,0,2,2,0,1,1,0,0.5,0.5,0,0.5,0.5,0,2,2,0
id:20577,20577,V7,VOLOTEA Airways,Spain,Y,True,True,True,True,136,136,0,38,38,0,6,6,0,0.132352941176471,0.132352941176471,0,0.055795847750865,0.055795847750865,0,17.922480620155,17.922480620155,0
id:10800,10800,V9,Star1 Airlines,Lithuania,Y,False,False,False,False,10,10,0,7,7,0,2,2,0,0.4,0.4,0,0.22,0.22,0,4.54545454545454,4.54545454545454,0
id:10646,10646,VB,Birmingham European,United Kingdom,N,True,True,True,True,102,102,0,26,26,0,2,2,0,0.205882352941176,0.205882352941176,0,0.0878508266051519,0.0878508266051519,0,11.382932166302,11.382932166302,0
id:5297,5297,VF,Valuair,Singapore,Y,False,False,False,False,6,6,0,4,4,0,2,2,0,0.5,0.5,0,0.333333333333333,0.333333333333333,0,3,3,0
id:9666,9666,VH,Virgin Pacific,Fiji,Y,False,False,False,False,12,12,0,7,7,0,1,1,0,0.416666666666667,0.416666666666667,0,0.236111111111111,0.236111111111111,0,4.23529411764706,4.23529411764706,0
id:5651,5651,VJ,Royal Air Cambodge,Cambodia,Y,True,False,False,False,34,34,0,12,12,0,2,2,0,0.323529411764706,0.323529411764706,0,0.171280276816609,0.171280276816609,0,5.83838383838384,5.83838383838384,0
id:11948,11948,VQ,Viking Hellas,Greece,Y,False,False,False,False,8,8,0,5,5,0,1,1,0,0.5,0.5,0,0.3125,0.3125,0,3.2,3.2,0
id:5041,5041,VR,TACV,Portugal,Y,True,False,False,False,38,38,0,13,13,0,7,7,0,0.263157894736842,0.263157894736842,0,0.141274238227147,0.141274238227147,0,7.07843137254902,7.07843137254902,0
id:692,692,VT,Air Tahiti,French Polynesia,Y,True,True,False,True,93,93,0,28,28,0,2,2,0,0.225806451612903,0.225806451612903,0,0.079431148109608,0.079431148109608,0,12.589519650655,12.589519650655,0
id:1290,1290,VW,Aeromar,Mexico,Y,True,False,False,False,42,42,0,21,21,0,2,2,0,0.428571428571429,0.428571428571429,0,0.202947845804989,0.202947845804989,0,4.92737430167598,4.92737430167598,0
id:5331,5331,VX,Virgin America,United States,Y,True,True,False,True,66,66,0,21,21,0,2,2,0,0.287878787878788,0.287878787878788,0,0.142791551882461,0.142791551882461,0,7.0032154340836,7.0032154340836,0
id:2439,2439,VY,Formosa Airlines,Taiwan,Y,True,True,True,True,384,384,0,100,100,0,28,28,0,0.247395833333333,0.247395833333333,0,0.0758327907986111,0.0758327907986111,0,13.1869075299589,13.1869075299589,0
id:16660,16660,W4,AeroWorld ,Russia,Y,False,False,False,False,12,12,0,7,7,0,1,1,0,0.5,0.5,0,0.291666666666667,0.291666666666667,0,3.42857142857143,3.42857142857143,0
id:3370,3370,W5,Mahan Air,Iran,Y,True,False,False,False,24,24,0,13,13,0,10,10,0,0.5,0.5,0,0.270833333333333,0.270833333333333,0,3.69230769230769,3.69230769230769,0
id:5461,5461,W6,Wizz Air,Hungary,Y,True,True,True,True,453,453,0,80,80,0,33,33,0,0.0596026490066225,0.0596026490066225,0,0.0272746322042406,0.0272746322042406,0,36.6641057709487,36.6641057709487,0
id:970,970,W9,Air Bagan,Myanmar,Y,True,False,False,False,29,29,0,11,11,0,2,2,0,0.275862068965517,0.275862068965517,0,0.143876337693222,0.143876337693222,0,6.9504132231405,6.9504132231405,0
id:5439,5439,WF,Widerøe,Norway,Y,True,True,True,True,205,205,0,47,47,0,4,4,0,0.0731707317073171,0.0731707317073171,0,0.0333372992266508,0.0333372992266508,0,29.9964311206281,29.9964311206281,0
id:5399,5399,WJ,WebJet Linhas A,Brazil,Y,True,False,False,False,26,26,0,14,14,0,1,1,0,0.115384615384615,0.115384615384615,0,0.0828402366863905,0.0828402366863905,0,12.0714285714286,12.0714285714286,0
id:16149,16149,WM,Windward Islands Airways,Netherlands Antilles,Y,True,False,False,False,25,25,0,12,12,0,8,8,0,0.36,0.36,0,0.1712,0.1712,0,5.8411214953271,5.8411214953271,0
id:8809,8809,WP,Island Air (WP),United States,Y,False,False,False,False,6,6,0,4,4,0,1,1,0,0.5,0.5,0,0.333333333333333,0.333333333333333,0,3,3,0
code:WT,,WT,,,,True,True,False,True,75,75,0,26,26,0,1,1,0,0.186666666666667,0.186666666666667,0,0.0666666666666667,0.0666666666666667,0,15,15,0
id:13757,13757,WU,Wizz Air Ukraine,Ukraine,Y,True,False,False,False,42,42,0,18,18,0,9,9,0,0.261904761904762,0.261904761904762,0,0.126984126984127,0.126984126984127,0,7.875,7.875,0
id:1441,1441,WW,bmibaby,United Kingdom,Y,False,False,False,False,10,10,0,6,6,0,6,6,0,0.5,0.5,0,0.3,0.3,0,3.33333333333333,3.33333333333333,0
id:1792,1792,WX,CityJet,Ireland,Y,True,False,False,False,30,30,0,16,16,0,8,8,0,0.366666666666667,0.366666666666667,0,0.171111111111111,0.171111111111111,0,5.84415584415585,5.84415584415585,0
id:2681,2681,X3,TUIfly,Germany,Y,True,True,True,True,226,226,0,31,31,0,8,8,0,0.0752212389380531,0.0752212389380531,0,0.0450309342939933,0.0450309342939933,0,22.2069565217391,22.2069565217391,0
id:1775,1775,X7,Chitaavia,Russia,N,False,False,False,False,2,2,0,2,2,0,1,1,0,0.5,0.5,0,0.5,0.5,0,2,2,0
id:1909,1909,XK,Corse-Mediterranee,France,Y,True,False,False,False,42,42,0,13,13,0,3,3,0,0.166666666666667,0.166666666666667,0,0.106575963718821,0.106575963718821,0,9.38297872340426,9.38297872340426,0
id:4573,4573,XQ,SunExpress,Turkey,Y,True,True,False,True,99,99,0,35,35,0,9,9,0,0.282828282828283,0.282828282828283,0,0.129884705642281,0.129884705642281,0,7.69913589945012,7.69913589945012,0
code:XU,,XU,,,,True,False,False,False,26,26,0,11,11,0,5,5,0,0.192307692307692,0.192307692307692,0,0.121301775147929,0.121301775147929,0,8.24390243902439,8.24390243902439,0
id:16844,16844,XV,BVI Airways,British Virgin Islands,Y,False,False,False,False,6,6,0,3,3,0,3,3,0,0.333333333333333,0.333333333333333,0,0.333333333333333,0.333333333333333,0,3,3,0
id:5325,5325,Y4,Volaris,Mexico,Y,True,True,True,True,197,197,0,47,47,0,2,2,0,0.147208121827411,0.147208121827411,0,0.0677935530418202,0.0677935530418202,0,14.7506651463322,14.7506651463322,0
id:17023,17023,Y5,Asia Wings,Kazakhstan,Y,False,False,False,False,4,4,0,3,3,0,3,3,0,0.5,0.5,0,0.375,0.375,0,2.66666666666667,2.66666666666667,0
id:13088,13088,Y7,NordStar Airlines,Russia,Y,True,True,False,True,74,74,0,30,30,0,6,6,0,0.243243243243243,0.243243243243243,0,0.0942293644996348,0.0942293644996348,0,10.6124031007752,10.6124031007752,0
id:16725,16725,Y8,Marusya Airways,Russia,Y,True,False,False,False,30,30,0,14,14,0,1,1,0,0.233333333333333,0.233333333333333,0,0.106666666666667,0.106666666666667,0,9.375,9.375,0
id:3148,3148,Y9,Kish Air,Iran,Y,True,False,False,False,21,21,0,10,10,0,2,2,0,0.238095238095238,0.238095238095238,0,0.151927437641723,0.151927437641723,0,6.58208955223881,6.58208955223881,0
id:9828,9828,YC,Ciel Canadien,Canada,Y,True,True,False,True,62,62,0,18,18,0,3,3,0,0.145161290322581,0.145161290322581,0,0.0900104058272632,0.0900104058272632,0,11.1098265895954,11.1098265895954,0
id:16475,16475,YI,TUR Avrupa Hava YollarÄ±,Turkey,N,True,False,False,False,27,27,0,8,8,0,6,6,0,0.222222222222222,0.222222222222222,0,0.157750342935528,0.157750342935528,0,6.33913043478261,6.33913043478261,0
code:YJ,,YJ,,,,False,False,False,False,14,14,0,6,6,0,1,1,0,0.357142857142857,0.357142857142857,0,0.224489795918367,0.224489795918367,0,4.45454545454545,4.45454545454545,0
id:1943,1943,YK,Cyprus Turkish Airlines,Turkey,Y,True,False,False,False,34,34,0,12,12,0,4,4,0,0.294117647058824,0.294117647058824,0,0.179930795847751,0.179930795847751,0,5.55769230769231,5.55769230769231,0
id:3539,3539,YM,Montenegro Airlines,Montenegro,Y,True,False,False,False,26,26,0,12,12,0,10,10,0,0.346153846153846,0.346153846153846,0,0.171597633136095,0.171597633136095,0,5.82758620689655,5.82758620689655,0
code:YN,,YN,,,,True,False,False,False,36,36,0,15,15,0,1,1,0,0.166666666666667,0.166666666666667,0,0.0848765432098765,0.0848765432098765,0,11.7818181818182,11.7818181818182,0
id:16882,16882,YQ,Polet Airlines (Priv),Russia,Y,False,False,False,False,14,14,0,7,7,0,4,4,0,0.285714285714286,0.285714285714286,0,0.183673469387755,0.183673469387755,0,5.44444444444444,5.44444444444444,0
id:17519,17519,YR,SENIC AIRLINES,United States,Y,False,False,False,False,2,2,0,2,2,0,1,1,0,0.5,0.5,0,0.5,0.5,0,2,2,0
id:16133,16133,YT,Yeti Airways,Nepal,Y,False,False,False,False,16,16,0,9,9,0,1,1,0,0.5,0.5,0,0.28125,0.28125,0,3.55555555555556,3.55555555555556,0
id:9764,9764,Z2,Zest Air,Philippines,Y,True,False,False,False,32,32,0,14,14,0,6,6,0,0.34375,0.34375,0,0.1640625,0.1640625,0,6.09523809523809,6.09523809523809,0
id:1266,1266,Z3,Avient Aviation,Zimbabwe,Y,False,False,False,False,2,2,0,2,2,0,1,1,0,0.5,0.5,0,0.5,0.5,0,2,2,0
id:5523,5523,Z4,Zoom Airlines,Canada,Y,False,False,False,False,10,10,0,6,6,0,5,5,0,0.5,0.5,0,0.3,0.3,0,3.33333333333333,3.33333333333333,0
id:603,603,Z8,Amaszonas,Bolivia,Y,True,False,False,False,36,36,0,14,14,0,3,3,0,0.25,0.25,0,0.12037037037037,0.12037037037037,0,8.30769230769231,8.30769230769231,0
id:18825,18825,Z9,Flightlink Tanzania,Tanzania,Y,False,False,False,False,8,8,0,4,4,0,1,1,0,0.25,0.25,0,0.25,0.25,0,4,4,0
id:220,220,ZB,Air Bourbon,Reunion,Y,True,True,True,True,210,210,0,37,37,0,14,14,0,0.119047619047619,0.119047619047619,0,0.058140589569161,0.058140589569161,0,17.1996879875195,17.1996879875195,0
code:ZD,,ZD,,,,False,False,False,False,8,8,0,5,5,0,4,4,0,0.5,0.5,0,0.3125,0.3125,0,3.2,3.2,0
id:9809,9809,ZE,Eastar Jet,South Korea,Y,True,False,False,False,22,22,0,13,13,0,7,7,0,0.272727272727273,0.272727272727273,0,0.128099173553719,0.128099173553719,0,7.80645161290323,7.80645161290323,0
id:21,21,ZI,Aigle Azur,France,Y,True,True,False,True,64,64,0,21,21,0,6,6,0,0.21875,0.21875,0,0.0947265625,0.0947265625,0,10.5567010309278,10.5567010309278,0
id:2607,2607,ZK,Great Lakes Airlines,United States,Y,True,True,False,True,53,53,0,26,26,0,1,1,0,0.264150943396226,0.264150943396226,0,0.0957636169455322,0.0957636169455322,0,10.4423791821561,10.4423791821561,0
id:4178,4178,ZL,Regional Express,Australia,Y,True,True,False,True,88,88,0,35,35,0,1,1,0,0.193181818181818,0.193181818181818,0,0.0671487603305785,0.0671487603305785,0,14.8923076923077,14.8923076923077,0
id:19016,19016,ZM,Apache Air,United States,Y,False,False,False,False,4,4,0,3,3,0,2,2,0,0.5,0.5,0,0.375,0.375,0,2.66666666666667,2.66666666666667,0
